model,horizon_steps,horizon_minutes,rank_worst,target_timestamp,y_true_bps,y_pred_bps,residual_bps,absolute_error_bps,traffic_level,target_hour
TRANSFORMER*,1,5,1,2016-06-18 06:05:00,271266679.49333334,132617483.60646275,138649195.8868706,138649195.8868706,Q4,6
TRANSFORMER*,1,5,2,2016-06-18 06:10:00,135589233.17333335,234908935.66759586,-99319702.49426252,99319702.49426252,Q2,6
TRANSFORMER*,1,5,3,2016-06-19 06:05:00,252954248.53333333,154937860.78744757,98016387.74588576,98016387.74588576,Q4,6
TRANSFORMER*,1,5,4,2016-06-19 21:20:00,171340468.8,258107918.34649226,-86767449.54649225,86767449.54649225,Q3,21
TRANSFORMER*,1,5,5,2016-06-19 01:55:00,64508717.17333333,151204334.57902905,-86695617.40569572,86695617.40569572,Q1,1
TRANSFORMER*,3,15,1,2016-06-18 06:05:00,271266679.49333334,142238510.4543098,129028169.03902355,129028169.03902355,Q4,6
TRANSFORMER*,3,15,2,2016-06-19 06:05:00,252954248.53333333,141846974.9498248,111107273.58350852,111107273.58350852,Q4,6
TRANSFORMER*,3,15,3,2016-06-19 20:50:00,270239967.92,168665087.26894554,101574880.65105447,101574880.65105447,Q4,20
TRANSFORMER*,3,15,4,2016-06-19 01:55:00,64508717.17333333,155599768.39030966,-91091051.21697633,91091051.21697633,Q1,1
TRANSFORMER*,3,15,5,2016-06-18 04:45:00,56988360.53333333,143725620.62810868,-86737260.09477535,86737260.09477535,Q1,4
TRANSFORMER*,6,30,1,2016-06-18 06:05:00,271266679.49333334,155151063.90627187,116115615.58706146,116115615.58706146,Q4,6
TRANSFORMER*,6,30,2,2016-06-19 01:55:00,64508717.17333333,174993241.1781854,-110484524.00485207,110484524.00485207,Q1,1
TRANSFORMER*,6,30,3,2016-06-18 04:45:00,56988360.53333333,165478949.85338157,-108490589.32004824,108490589.32004824,Q1,4
TRANSFORMER*,6,30,4,2016-06-18 07:20:00,60498357.81333333,168985863.18350714,-108487505.37017381,108487505.37017381,Q1,7
TRANSFORMER*,6,30,5,2016-06-19 06:35:00,117719814.26666667,225165933.2591277,-107446118.99246104,107446118.99246104,Q1,6
TRANSFORMER*,12,60,1,2016-06-19 01:55:00,64508717.17333333,197459834.6388308,-132951117.46549748,132951117.46549748,Q1,1
TRANSFORMER*,12,60,2,2016-06-18 06:05:00,271266679.49333334,163287016.8275121,107979662.66582125,107979662.66582125,Q4,6
TRANSFORMER*,12,60,3,2016-06-18 04:45:00,56988360.53333333,164150244.97512388,-107161884.44179055,107161884.44179055,Q1,4
TRANSFORMER*,12,60,4,2016-06-19 01:10:00,100166424.29333334,206379320.74356806,-106212896.45023473,106212896.45023473,Q1,1
TRANSFORMER*,12,60,5,2016-06-18 07:20:00,60498357.81333333,166696659.1651285,-106198301.35179517,106198301.35179517,Q1,7
