comparison,display_model,model_key,reference_key,horizon_steps,horizon_minutes,n_pairs,model_wins,ties,model_losses,model_win_rate_pct,mean_improvement_bps,median_improvement_bps
transformer_vs_arima,TRANSFORMER*,TRANSFORMER*,ARIMA*,1,5,602,223,0,379,37.04318936877076,-3568612.7396465633,-2729166.972556919
transformer_vs_arima,TRANSFORMER*,TRANSFORMER*,ARIMA*,3,15,600,232,0,368,38.666666666666664,-4755055.153352448,-3738406.6306496635
transformer_vs_arima,TRANSFORMER*,TRANSFORMER*,ARIMA*,6,30,597,218,0,379,36.515912897822446,-8807324.459981427,-7358544.734840304
transformer_vs_arima,TRANSFORMER*,TRANSFORMER*,ARIMA*,12,60,591,187,0,404,31.64128595600677,-10706598.588602692,-14709193.992289424
transformer_vs_persistence,TRANSFORMER*,TRANSFORMER*,Persistence,1,5,602,249,0,353,41.36212624584717,-2469053.2230166337,-2593363.095417306
transformer_vs_persistence,TRANSFORMER*,TRANSFORMER*,Persistence,3,15,600,251,0,349,41.833333333333336,-2960205.501850945,-3514056.1120623946
transformer_vs_persistence,TRANSFORMER*,TRANSFORMER*,Persistence,6,30,597,227,0,370,38.02345058626466,-7337480.436454894,-4983549.492721558
transformer_vs_persistence,TRANSFORMER*,TRANSFORMER*,Persistence,12,60,591,184,0,407,31.1336717428088,-9516403.844015531,-10574568.438221991
transformer_vs_recurrent,TRANSFORMER*,TRANSFORMER*,RECURRENT*,1,5,602,316,0,286,52.49169435215947,324174.12972548814,553124.9480818212
transformer_vs_recurrent,TRANSFORMER*,TRANSFORMER*,RECURRENT*,3,15,600,277,0,323,46.166666666666664,-1468022.7969371977,-1076029.3755429387
transformer_vs_recurrent,TRANSFORMER*,TRANSFORMER*,RECURRENT*,6,30,597,372,0,225,62.311557788944725,7665844.628587796,6801722.774420381
transformer_vs_recurrent,TRANSFORMER*,TRANSFORMER*,RECURRENT*,12,60,591,387,0,204,65.48223350253807,14297180.739782564,14680163.374645859
transformer_vs_tree,TRANSFORMER*,TRANSFORMER*,TREE*,1,5,602,384,0,218,63.78737541528239,5771349.459656824,4914311.727578796
transformer_vs_tree,TRANSFORMER*,TRANSFORMER*,TREE*,3,15,600,443,0,157,73.83333333333333,16071489.60103133,17443921.549364164
transformer_vs_tree,TRANSFORMER*,TRANSFORMER*,TREE*,6,30,597,436,0,161,73.03182579564489,20331553.31420226,25073788.569239914
transformer_vs_tree,TRANSFORMER*,TRANSFORMER*,TREE*,12,60,591,378,0,213,63.95939086294417,19597859.799614377,22829510.01843947
transformer_vs_var,TRANSFORMER*,TRANSFORMER*,VAR*,1,5,602,237,0,365,39.3687707641196,-3612855.1523225545,-2902452.928216532
transformer_vs_var,TRANSFORMER*,TRANSFORMER*,VAR*,3,15,600,232,0,368,38.666666666666664,-5018939.781777859,-4329810.727111191
transformer_vs_var,TRANSFORMER*,TRANSFORMER*,VAR*,6,30,597,213,0,384,35.678391959798994,-9133758.444072988,-6575229.172545493
transformer_vs_var,TRANSFORMER*,TRANSFORMER*,VAR*,12,60,591,185,0,406,31.302876480541453,-10843750.076741405,-13146855.034385234
