comparison,display_model,model_key,reference_key,horizon_steps,horizon_minutes,n_pairs,mean_improvement_bps,bootstrap_method,bootstrap_repetitions,bootstrap_block_length,bootstrap_block_minutes,bootstrap_confidence,bootstrap_ci_lower_bps,bootstrap_ci_upper_bps,bootstrap_probability_improvement,bootstrap_direction,bootstrap_seed_base,loss,loss_differential_definition,positive_value_meaning,dm_hac_lag,dm_hac_kernel,dm_hac_lrv,dm_hac_standard_error_bps,dm_hac_z,dm_hac_p_value_two_sided,multiple_testing_correction,dm_hac_distinguishable_0_05
transformer_vs_arima,TRANSFORMER*,TRANSFORMER*,ARIMA*,1,5,602,-3568612.7396465633,circular_moving_block,5000,12,60,0.95,-5520829.305019254,-1845285.5890357457,0.0,reference_better,20260717,absolute_error,absolute_error_reference - absolute_error_model,TRANSFORMER*_improves_over_reference,12,Bartlett,565033490403161.2,968810.5273370048,-3.6834991352289532,0.0002300540647507124,none,True
transformer_vs_arima,TRANSFORMER*,TRANSFORMER*,ARIMA*,3,15,600,-4755055.153352448,circular_moving_block,5000,12,60,0.95,-7517747.123873615,-2289595.8178286115,0.0,reference_better,20260717,absolute_error,absolute_error_reference - absolute_error_model,TRANSFORMER*_improves_over_reference,12,Bartlett,1123301109571217.5,1368272.0913444187,-3.4752262970446823,0.0005104225670823629,none,True
transformer_vs_arima,TRANSFORMER*,TRANSFORMER*,ARIMA*,6,30,597,-8807324.459981427,circular_moving_block,5000,12,60,0.95,-12892930.486613533,-4745854.350078541,0.0,reference_better,20260717,absolute_error,absolute_error_reference - absolute_error_model,TRANSFORMER*_improves_over_reference,12,Bartlett,2756366944315777.5,2148727.5437989724,-4.098855848615402,4.151975131623099e-05,none,True
transformer_vs_arima,TRANSFORMER*,TRANSFORMER*,ARIMA*,12,60,591,-10706598.588602692,circular_moving_block,5000,12,60,0.95,-15521895.55936176,-5829348.909738577,0.0,reference_better,20260717,absolute_error,absolute_error_reference - absolute_error_model,TRANSFORMER*_improves_over_reference,12,Bartlett,3853539454854298.0,2553501.7775616795,-4.1929082183080935,2.7540088816247838e-05,none,True
transformer_vs_persistence,TRANSFORMER*,TRANSFORMER*,Persistence,1,5,602,-2469053.2230166337,circular_moving_block,5000,12,60,0.95,-4713614.952093216,-409395.25199983333,0.0082,reference_better,20260717,absolute_error,absolute_error_reference - absolute_error_model,TRANSFORMER*_improves_over_reference,12,Bartlett,763237713962178.0,1125982.5638776303,-2.1927988072157802,0.028321877926846407,none,True
transformer_vs_persistence,TRANSFORMER*,TRANSFORMER*,Persistence,3,15,600,-2960205.501850945,circular_moving_block,5000,12,60,0.95,-5841664.629897795,-397237.65545606526,0.0118,reference_better,20260717,absolute_error,absolute_error_reference - absolute_error_model,TRANSFORMER*_improves_over_reference,12,Bartlett,1252916842891162.8,1445058.7317309764,-2.048501861446861,0.04051084988979828,none,True
transformer_vs_persistence,TRANSFORMER*,TRANSFORMER*,Persistence,6,30,597,-7337480.436454894,circular_moving_block,5000,12,60,0.95,-11703683.587278085,-3233432.941231239,0.0,reference_better,20260717,absolute_error,absolute_error_reference - absolute_error_model,TRANSFORMER*_improves_over_reference,12,Bartlett,2919155508973730.5,2211268.3510202924,-3.318222518343075,0.0009059228321931001,none,True
transformer_vs_persistence,TRANSFORMER*,TRANSFORMER*,Persistence,12,60,591,-9516403.844015531,circular_moving_block,5000,12,60,0.95,-14488588.523365105,-4765625.108655713,0.0,reference_better,20260717,absolute_error,absolute_error_reference - absolute_error_model,TRANSFORMER*_improves_over_reference,12,Bartlett,4042072578472086.0,2615220.5079815583,-3.6388533261236713,0.00027385470995581015,none,True
transformer_vs_recurrent,TRANSFORMER*,TRANSFORMER*,RECURRENT*,1,5,602,324174.12972548814,circular_moving_block,5000,12,60,0.95,-592231.0204677847,1202097.0657458894,0.756,not_distinguishable,20260717,absolute_error,absolute_error_reference - absolute_error_model,TRANSFORMER*_improves_over_reference,12,Bartlett,132040451676696.81,468333.53335659596,0.69218645823223,0.4888202417401458,none,False
transformer_vs_recurrent,TRANSFORMER*,TRANSFORMER*,RECURRENT*,3,15,600,-1468022.7969371977,circular_moving_block,5000,12,60,0.95,-3147553.130077278,197564.7754882705,0.0428,not_distinguishable,20260717,absolute_error,absolute_error_reference - absolute_error_model,TRANSFORMER*_improves_over_reference,12,Bartlett,476675315314933.75,891324.2164657163,-1.6470132526615398,0.0995553218604158,none,False
transformer_vs_recurrent,TRANSFORMER*,TRANSFORMER*,RECURRENT*,6,30,597,7665844.628587796,circular_moving_block,5000,12,60,0.95,2955503.505072786,12385477.18922318,1.0,model_better,20260717,absolute_error,absolute_error_reference - absolute_error_model,TRANSFORMER*_improves_over_reference,12,Bartlett,3662995541569266.0,2477028.648179431,3.094774311238607,0.0019696270779241817,none,True
transformer_vs_recurrent,TRANSFORMER*,TRANSFORMER*,RECURRENT*,12,60,591,14297180.739782564,circular_moving_block,5000,12,60,0.95,6844168.5420209365,21904018.578387517,1.0,model_better,20260717,absolute_error,absolute_error_reference - absolute_error_model,TRANSFORMER*_improves_over_reference,12,Bartlett,9393703406919440.0,3986802.128656708,3.5861274972780706,0.00033562491334401703,none,True
transformer_vs_tree,TRANSFORMER*,TRANSFORMER*,TREE*,1,5,602,5771349.459656824,circular_moving_block,5000,12,60,0.95,3365339.9447163814,8322768.274089141,1.0,model_better,20260717,absolute_error,absolute_error_reference - absolute_error_model,TRANSFORMER*_improves_over_reference,12,Bartlett,1020450118175602.0,1301960.0086327817,4.432816231980468,9.301013814667883e-06,none,True
transformer_vs_tree,TRANSFORMER*,TRANSFORMER*,TREE*,3,15,600,16071489.60103133,circular_moving_block,5000,12,60,0.95,11003813.745472837,21133418.428534046,1.0,model_better,20260717,absolute_error,absolute_error_reference - absolute_error_model,TRANSFORMER*_improves_over_reference,12,Bartlett,4340734924369126.5,2689713.4061609386,5.975168047353553,2.2985312143743967e-09,none,True
transformer_vs_tree,TRANSFORMER*,TRANSFORMER*,TREE*,6,30,597,20331553.31420226,circular_moving_block,5000,12,60,0.95,13657673.326831033,27119673.2162609,1.0,model_better,20260717,absolute_error,absolute_error_reference - absolute_error_model,TRANSFORMER*_improves_over_reference,12,Bartlett,7517971624091745.0,3548650.066333113,5.7293767867089915,1.0080027432597425e-08,none,True
transformer_vs_tree,TRANSFORMER*,TRANSFORMER*,TREE*,12,60,591,19597859.799614377,circular_moving_block,5000,12,60,0.95,9828126.527844463,29457376.75887958,1.0,model_better,20260717,absolute_error,absolute_error_reference - absolute_error_model,TRANSFORMER*_improves_over_reference,12,Bartlett,1.556117364098845e+16,5131300.327144941,3.8192774833194454,0.00013384313458058078,none,True
transformer_vs_var,TRANSFORMER*,TRANSFORMER*,VAR*,1,5,602,-3612855.1523225545,circular_moving_block,5000,12,60,0.95,-5661403.116877597,-1849191.5854392415,0.0,reference_better,20260717,absolute_error,absolute_error_reference - absolute_error_model,TRANSFORMER*_improves_over_reference,12,Bartlett,632726058872033.1,1025202.4019205717,-3.524040858228952,0.0004250187057695509,none,True
transformer_vs_var,TRANSFORMER*,TRANSFORMER*,VAR*,3,15,600,-5018939.781777859,circular_moving_block,5000,12,60,0.95,-7799699.750949392,-2452560.410617259,0.0,reference_better,20260717,absolute_error,absolute_error_reference - absolute_error_model,TRANSFORMER*_improves_over_reference,12,Bartlett,1214770290948715.8,1422890.4214946395,-3.5272848182545493,0.00041984486904010225,none,True
transformer_vs_var,TRANSFORMER*,TRANSFORMER*,VAR*,6,30,597,-9133758.444072988,circular_moving_block,5000,12,60,0.95,-13430473.159826513,-5161103.3151137745,0.0,reference_better,20260717,absolute_error,absolute_error_reference - absolute_error_model,TRANSFORMER*_improves_over_reference,12,Bartlett,2808339794798750.5,2168890.6746207536,-4.211258110402495,2.5395238324561024e-05,none,True
transformer_vs_var,TRANSFORMER*,TRANSFORMER*,VAR*,12,60,591,-10843750.076741405,circular_moving_block,5000,12,60,0.95,-15602346.914591992,-5918501.053980994,0.0,reference_better,20260717,absolute_error,absolute_error_reference - absolute_error_model,TRANSFORMER*_improves_over_reference,12,Bartlett,3863285782041739.5,2556728.881865798,-4.241259272210384,2.2226919815629107e-05,none,True
