model,horizon_steps,horizon_minutes,training_history_weeks,status,mae_bps,mae_ratio_vs_same_model_1w
Persistence,1,5,1,PASS,21072167.592056155,1.0
Persistence,1,5,2,PASS,21072167.592056155,1.0
Persistence,1,5,4,PASS,21072167.592056155,1.0
Persistence,1,5,8,PASS,21072167.592056155,1.0
Persistence,3,15,1,PASS,26862522.25791945,1.0
Persistence,3,15,2,PASS,26862522.25791945,1.0
Persistence,3,15,4,PASS,26862522.25791945,1.0
Persistence,3,15,8,PASS,26862522.25791945,1.0
Persistence,6,30,1,PASS,30208631.587270856,1.0
Persistence,6,30,2,PASS,30208631.587270856,1.0
Persistence,6,30,4,PASS,30208631.587270856,1.0
Persistence,6,30,8,PASS,30208631.587270856,1.0
Persistence,12,60,1,PASS,34170464.83352617,1.0
Persistence,12,60,2,PASS,34170464.83352617,1.0
Persistence,12,60,4,PASS,34170464.83352617,1.0
Persistence,12,60,8,PASS,34170464.83352617,1.0
VAR*,1,5,1,PASS,19695531.100157328,1.0
VAR*,1,5,2,PASS,19646356.995647173,0.9975032861891314
VAR*,1,5,4,PASS,19692940.741047975,0.9998684798548371
VAR*,1,5,8,PASS,19655908.4677315,0.9979882424990554
VAR*,3,15,1,PASS,23944359.250944093,1.0
VAR*,3,15,2,PASS,23930131.338706847,0.9994057927343918
VAR*,3,15,4,PASS,23934741.65228429,0.9995983355178142
VAR*,3,15,8,PASS,23904102.52654971,0.9983187387069966
VAR*,6,30,1,PASS,27222291.664591458,1.0
VAR*,6,30,2,PASS,27263133.66257252,1.0015003144659635
VAR*,6,30,4,PASS,27268637.024120867,1.001702478252031
VAR*,6,30,8,PASS,27306442.38941131,1.0030912432302423
VAR*,12,60,1,PASS,31743649.995910574,1.0
VAR*,12,60,2,PASS,31856795.532257598,1.003564351810885
VAR*,12,60,4,PASS,31852325.235852014,1.0034235269087026
VAR*,12,60,8,PASS,31844641.17755078,1.0031814609111813
RECURRENT*,1,5,1,PASS,19334818.766878832,1.0
RECURRENT*,1,5,2,PASS,18938505.86565477,0.9795026317028138
RECURRENT*,1,5,4,PASS,18753153.729535658,0.9699161888013357
RECURRENT*,1,5,8,PASS,18167839.950071353,0.9396436640613073
RECURRENT*,3,15,1,PASS,24195542.118662737,1.0
RECURRENT*,3,15,2,PASS,23199910.00133911,0.9588505968396689
RECURRENT*,3,15,4,PASS,22907534.15824978,0.9467667244612189
RECURRENT*,3,15,8,PASS,22706695.515132483,0.9384660779151601
RECURRENT*,6,30,1,PASS,27517726.883766647,1.0
RECURRENT*,6,30,2,PASS,27521233.228968605,1.0001274213243256
RECURRENT*,6,30,4,PASS,26877255.025263045,0.9767251175502643
RECURRENT*,6,30,8,PASS,25182383.009396255,0.9151331109493617
RECURRENT*,12,60,1,PASS,30858479.760592785,1.0
RECURRENT*,12,60,2,PASS,30078068.151447047,0.9747099787416506
RECURRENT*,12,60,4,PASS,29733043.809817024,0.9635291187541593
RECURRENT*,12,60,8,PASS,30062623.48110463,0.9742094787020427
TRANSFORMER*,1,5,1,PASS,19348345.209139027,1.0
TRANSFORMER*,1,5,2,PASS,18857944.85929027,0.9746541451194947
TRANSFORMER*,1,5,4,PASS,18532344.76982106,0.9578258279714517
TRANSFORMER*,1,5,8,PASS,18662073.824283905,0.9645307452685428
TRANSFORMER*,3,15,1,PASS,25511051.63674147,1.0
TRANSFORMER*,3,15,2,PASS,23175968.467493456,0.9084677808465964
TRANSFORMER*,3,15,4,PASS,23671571.196429357,0.927894762375736
TRANSFORMER*,3,15,8,PASS,24443217.37394742,0.9581422875858188
TRANSFORMER*,6,30,1,PASS,31392056.71282945,1.0
TRANSFORMER*,6,30,2,PASS,29845069.575486723,0.9507204274159426
TRANSFORMER*,6,30,4,PASS,24991518.890282966,0.7961096375080553
TRANSFORMER*,6,30,8,PASS,27352393.431135584,0.8713157497564371
TRANSFORMER*,12,60,1,PASS,32603715.618385904,1.0
TRANSFORMER*,12,60,2,PASS,30475956.293237213,0.934738747262634
TRANSFORMER*,12,60,4,PASS,29136698.548382707,0.8936619031222296
TRANSFORMER*,12,60,8,PASS,29199546.047087025,0.8955895208035983
