training_history_weeks,model,config_id,canonical_seed,horizon_steps,train_common_samples,inner_fit_samples,inner_gap,inner_early_stop_samples,best_epoch,best_early_stop_mae_scaled,inner_scaler_cutoff_index,inner_scaler_mean_bps,inner_scaler_scale_bps,final_scaler_mean_bps,final_scaler_scale_bps,parameter_count,status
1,RECURRENT*,N06,20260820,1,1728,1373,12,343,9,0.27786906467582323,1660,211213802.5704997,60163573.00678098,200161840.7368651,61996842.51364012,37889,PASS
1,RECURRENT*,N06,20260820,3,1726,1372,12,342,11,0.32605400698923925,1661,211168257.6061131,60174106.645270295,200161840.7368651,61996842.51364012,37889,PASS
1,RECURRENT*,N06,20260820,6,1723,1369,12,342,7,0.3755456216154043,1661,211168257.6061131,60174106.645270295,200161840.7368651,61996842.51364012,37889,PASS
1,RECURRENT*,N06,20260820,12,1717,1364,12,341,7,0.45480523710726295,1662,211113978.7287232,60196697.12839084,200161840.7368651,61996842.51364012,37889,PASS
1,TRANSFORMER*,T01,20260820,1,1728,1373,12,343,16,0.2860645372040418,1660,211213802.5704997,60163573.00678098,200161840.7368651,61996842.51364012,8705,PASS
1,TRANSFORMER*,T01,20260820,3,1726,1372,12,342,49,0.33197902796561257,1661,211168257.6061131,60174106.645270295,200161840.7368651,61996842.51364012,8705,PASS
1,TRANSFORMER*,T01,20260820,6,1723,1369,12,342,6,0.4173027883496201,1661,211168257.6061131,60174106.645270295,200161840.7368651,61996842.51364012,8705,PASS
1,TRANSFORMER*,T01,20260820,12,1717,1364,12,341,11,0.4561126952297177,1662,211113978.7287232,60196697.12839084,200161840.7368651,61996842.51364012,8705,PASS
2,RECURRENT*,N06,20260820,1,3744,2986,12,746,46,0.27407588524089743,3273,209592164.7961067,58124171.3004167,201682344.621455,60057216.6302957,37889,PASS
2,RECURRENT*,N06,20260820,3,3742,2984,12,746,16,0.3399792986325221,3273,209592164.7961067,58124171.3004167,201682344.621455,60057216.6302957,37889,PASS
2,RECURRENT*,N06,20260820,6,3739,2982,12,745,25,0.42716252307763836,3274,209615882.31027788,58131139.701520525,201682344.621455,60057216.6302957,37889,PASS
2,RECURRENT*,N06,20260820,12,3733,2977,12,744,33,0.4700788406915562,3275,209652655.173081,58160351.52449465,201682344.621455,60057216.6302957,37889,PASS
2,TRANSFORMER*,T01,20260820,1,3744,2986,12,746,39,0.28199721469316663,3273,209592164.7961067,58124171.3004167,201682344.621455,60057216.6302957,8705,PASS
2,TRANSFORMER*,T01,20260820,3,3742,2984,12,746,26,0.3474904730236882,3273,209592164.7961067,58124171.3004167,201682344.621455,60057216.6302957,8705,PASS
2,TRANSFORMER*,T01,20260820,6,3739,2982,12,745,12,0.46972464491056914,3274,209615882.31027788,58131139.701520525,201682344.621455,60057216.6302957,8705,PASS
2,TRANSFORMER*,T01,20260820,12,3733,2977,12,744,48,0.4823621937664606,3275,209652655.173081,58160351.52449465,201682344.621455,60057216.6302957,8705,PASS
4,RECURRENT*,N06,20260820,1,7776,6212,12,1552,18,0.34770369283931774,6499,197228670.0490954,53864362.98091784,196807379.1083267,55505264.75389215,37889,PASS
4,RECURRENT*,N06,20260820,3,7774,6210,12,1552,21,0.431810580578047,6499,197228670.0490954,53864362.98091784,196807379.1083267,55505264.75389215,37889,PASS
4,RECURRENT*,N06,20260820,6,7771,6208,12,1551,22,0.4942002585439971,6500,197238189.3564518,53865687.736524686,196807379.1083267,55505264.75389215,37889,PASS
4,RECURRENT*,N06,20260820,12,7765,6203,12,1550,42,0.531474865328881,6501,197254630.86911923,53877856.65885081,196807379.1083267,55505264.75389215,37889,PASS
4,TRANSFORMER*,T01,20260820,1,7776,6212,12,1552,76,0.34257435737196934,6499,197228670.0490954,53864362.98091784,196807379.1083267,55505264.75389215,8705,PASS
4,TRANSFORMER*,T01,20260820,3,7774,6210,12,1552,111,0.420134210709444,6499,197228670.0490954,53864362.98091784,196807379.1083267,55505264.75389215,8705,PASS
4,TRANSFORMER*,T01,20260820,6,7771,6208,12,1551,122,0.48626015064871597,6500,197238189.3564518,53865687.736524686,196807379.1083267,55505264.75389215,8705,PASS
4,TRANSFORMER*,T01,20260820,12,7765,6203,12,1550,56,0.5682220591268232,6501,197254630.86911923,53877856.65885081,196807379.1083267,55505264.75389215,8705,PASS
8,RECURRENT*,N06,20260820,1,15840,12663,12,3165,19,0.32152615218742575,12950,214399590.31907138,57889593.96208695,210636742.7066584,58444904.463729806,37889,PASS
8,RECURRENT*,N06,20260820,3,15838,12661,12,3165,26,0.38909445125344805,12950,214399590.31907138,57889593.96208695,210636742.7066584,58444904.463729806,37889,PASS
8,RECURRENT*,N06,20260820,6,15835,12659,12,3164,18,0.4402017561735305,12951,214400765.44882026,57887513.62049433,210636742.7066584,58444904.463729806,37889,PASS
8,RECURRENT*,N06,20260820,12,15829,12654,12,3163,11,0.5032320973845249,12952,214406691.47060296,57889207.7702739,210636742.7066584,58444904.463729806,37889,PASS
8,TRANSFORMER*,T01,20260820,1,15840,12663,12,3165,36,0.33083004386504117,12950,214399590.31907138,57889593.96208695,210636742.7066584,58444904.463729806,8705,PASS
8,TRANSFORMER*,T01,20260820,3,15838,12661,12,3165,34,0.4081975950448999,12950,214399590.31907138,57889593.96208695,210636742.7066584,58444904.463729806,8705,PASS
8,TRANSFORMER*,T01,20260820,6,15835,12659,12,3164,9,0.4717511047153497,12951,214400765.44882026,57887513.62049433,210636742.7066584,58444904.463729806,8705,PASS
8,TRANSFORMER*,T01,20260820,12,15829,12654,12,3163,59,0.5297105965869094,12952,214406691.47060296,57889207.7702739,210636742.7066584,58444904.463729806,8705,PASS
