comparison,display_model,model_key,reference_key,horizon_steps,horizon_minutes,n_pairs,mean_improvement_bps,bootstrap_method,bootstrap_repetitions,bootstrap_block_length,bootstrap_block_minutes,bootstrap_confidence,bootstrap_ci_lower_bps,bootstrap_ci_upper_bps,bootstrap_probability_improvement,bootstrap_direction,bootstrap_seed_base
gru_vs_persistence,GRU*,GRU*,Persistence,1,5,602,-2793227.3527421206,circular_moving_block,5000,6,30,0.95,-4367174.6881993245,-1252653.863144681,0.0002,reference_better,20260717
gru_vs_persistence,GRU*,GRU*,Persistence,1,5,602,-2793227.3527421206,circular_moving_block,5000,12,60,0.95,-4693865.279800724,-978597.7257261232,0.0016,reference_better,20260717
gru_vs_persistence,GRU*,GRU*,Persistence,1,5,602,-2793227.3527421206,circular_moving_block,5000,24,120,0.95,-5264854.739540448,-411551.42751259706,0.0096,reference_better,20260717
gru_vs_persistence,GRU*,GRU*,Persistence,3,15,600,-1492182.7049137477,circular_moving_block,5000,6,30,0.95,-3392165.678465301,301983.47764235,0.0502,not_distinguishable,20260717
gru_vs_persistence,GRU*,GRU*,Persistence,3,15,600,-1492182.7049137477,circular_moving_block,5000,12,60,0.95,-3753334.8674294436,623735.2652888267,0.0876,not_distinguishable,20260717
gru_vs_persistence,GRU*,GRU*,Persistence,3,15,600,-1492182.7049137477,circular_moving_block,5000,24,120,0.95,-4223255.2283321135,1055700.1206307437,0.1306,not_distinguishable,20260717
gru_vs_persistence,GRU*,GRU*,Persistence,6,30,597,-15003325.065042688,circular_moving_block,5000,6,30,0.95,-20073094.12494983,-10190924.801934784,0.0,reference_better,20260717
gru_vs_persistence,GRU*,GRU*,Persistence,6,30,597,-15003325.065042688,circular_moving_block,5000,12,60,0.95,-21625167.83592402,-8707738.227927487,0.0,reference_better,20260717
gru_vs_persistence,GRU*,GRU*,Persistence,6,30,597,-15003325.065042688,circular_moving_block,5000,24,120,0.95,-24195267.068695497,-6766375.410968862,0.0,reference_better,20260717
gru_vs_persistence,GRU*,GRU*,Persistence,12,60,591,-23813584.583798096,circular_moving_block,5000,6,30,0.95,-31533622.971000798,-16569412.622452047,0.0,reference_better,20260717
gru_vs_persistence,GRU*,GRU*,Persistence,12,60,591,-23813584.583798096,circular_moving_block,5000,12,60,0.95,-33693145.38669749,-14417146.475286355,0.0,reference_better,20260717
gru_vs_persistence,GRU*,GRU*,Persistence,12,60,591,-23813584.583798096,circular_moving_block,5000,24,120,0.95,-36204557.58394631,-11923805.373854062,0.0,reference_better,20260717
lstm_vs_persistence,LSTM*,LSTM*,Persistence,1,5,602,-328077.7718739001,circular_moving_block,5000,6,30,0.95,-1375690.4952514453,665617.2654131873,0.2662,not_distinguishable,20260717
lstm_vs_persistence,LSTM*,LSTM*,Persistence,1,5,602,-328077.7718739001,circular_moving_block,5000,12,60,0.95,-1544079.0465137272,831688.2863687683,0.2926,not_distinguishable,20260717
lstm_vs_persistence,LSTM*,LSTM*,Persistence,1,5,602,-328077.7718739001,circular_moving_block,5000,24,120,0.95,-1814767.658663189,1104695.5931933592,0.329,not_distinguishable,20260717
lstm_vs_persistence,LSTM*,LSTM*,Persistence,3,15,600,-5551079.999729705,circular_moving_block,5000,6,30,0.95,-8144117.434779323,-3180704.5059576426,0.0,reference_better,20260717
lstm_vs_persistence,LSTM*,LSTM*,Persistence,3,15,600,-5551079.999729705,circular_moving_block,5000,12,60,0.95,-8624277.350412432,-2769278.1006294237,0.0,reference_better,20260717
lstm_vs_persistence,LSTM*,LSTM*,Persistence,3,15,600,-5551079.999729705,circular_moving_block,5000,24,120,0.95,-9415001.985995535,-2203372.585106689,0.0004,reference_better,20260717
lstm_vs_persistence,LSTM*,LSTM*,Persistence,6,30,597,-5378070.34510034,circular_moving_block,5000,6,30,0.95,-8566858.081411893,-2331565.602135141,0.0002,reference_better,20260717
lstm_vs_persistence,LSTM*,LSTM*,Persistence,6,30,597,-5378070.34510034,circular_moving_block,5000,12,60,0.95,-9160300.524854593,-1574224.905751794,0.002,reference_better,20260717
lstm_vs_persistence,LSTM*,LSTM*,Persistence,6,30,597,-5378070.34510034,circular_moving_block,5000,24,120,0.95,-10209228.602628263,-1068432.099196704,0.0064,reference_better,20260717
lstm_vs_persistence,LSTM*,LSTM*,Persistence,12,60,591,-13327457.111767579,circular_moving_block,5000,6,30,0.95,-18034396.850359075,-8646060.43629393,0.0,reference_better,20260717
lstm_vs_persistence,LSTM*,LSTM*,Persistence,12,60,591,-13327457.111767579,circular_moving_block,5000,12,60,0.95,-19258576.60504073,-7570430.6095451815,0.0,reference_better,20260717
lstm_vs_persistence,LSTM*,LSTM*,Persistence,12,60,591,-13327457.111767579,circular_moving_block,5000,24,120,0.95,-20291916.91267589,-6804494.250929421,0.0,reference_better,20260717
recurrent_vs_arima,RECURRENT*,GRU*,ARIMA*,1,5,602,-3892786.869372051,circular_moving_block,5000,6,30,0.95,-5317191.72453199,-2579615.4729178688,0.0,reference_better,20260717
recurrent_vs_arima,RECURRENT*,GRU*,ARIMA*,1,5,602,-3892786.869372051,circular_moving_block,5000,12,60,0.95,-5559727.120190967,-2314676.1050464823,0.0,reference_better,20260717
recurrent_vs_arima,RECURRENT*,GRU*,ARIMA*,1,5,602,-3892786.869372051,circular_moving_block,5000,24,120,0.95,-6049973.75549727,-1887803.5608884667,0.0,reference_better,20260717
recurrent_vs_arima,RECURRENT*,GRU*,ARIMA*,3,15,600,-3287032.35641525,circular_moving_block,5000,6,30,0.95,-5117462.757855252,-1412503.9501166025,0.0,reference_better,20260717
recurrent_vs_arima,RECURRENT*,GRU*,ARIMA*,3,15,600,-3287032.35641525,circular_moving_block,5000,12,60,0.95,-5395810.142798588,-1310117.109038386,0.0008,reference_better,20260717
recurrent_vs_arima,RECURRENT*,GRU*,ARIMA*,3,15,600,-3287032.35641525,circular_moving_block,5000,24,120,0.95,-5905448.229056067,-784953.5126472537,0.0044,reference_better,20260717
recurrent_vs_arima,RECURRENT*,GRU*,ARIMA*,6,30,597,-16473169.088569222,circular_moving_block,5000,6,30,0.95,-21255796.359061375,-11649342.973129962,0.0,reference_better,20260717
recurrent_vs_arima,RECURRENT*,GRU*,ARIMA*,6,30,597,-16473169.088569222,circular_moving_block,5000,12,60,0.95,-23253392.641396083,-10227584.172691163,0.0,reference_better,20260717
recurrent_vs_arima,RECURRENT*,GRU*,ARIMA*,6,30,597,-16473169.088569222,circular_moving_block,5000,24,120,0.95,-25272796.495138634,-8353619.173165994,0.0,reference_better,20260717
recurrent_vs_arima,RECURRENT*,GRU*,ARIMA*,12,60,591,-25003779.328385256,circular_moving_block,5000,6,30,0.95,-32132844.50767946,-17932695.26729039,0.0,reference_better,20260717
recurrent_vs_arima,RECURRENT*,GRU*,ARIMA*,12,60,591,-25003779.328385256,circular_moving_block,5000,12,60,0.95,-34554989.00854235,-15683962.449949328,0.0,reference_better,20260717
recurrent_vs_arima,RECURRENT*,GRU*,ARIMA*,12,60,591,-25003779.328385256,circular_moving_block,5000,24,120,0.95,-36918318.59309816,-13273758.047689535,0.0,reference_better,20260717
recurrent_vs_tree,RECURRENT*,GRU*,TREE*,1,5,602,5447175.3299313355,circular_moving_block,5000,6,30,0.95,3690230.4062948604,7362185.1264741495,1.0,model_better,20260717
recurrent_vs_tree,RECURRENT*,GRU*,TREE*,1,5,602,5447175.3299313355,circular_moving_block,5000,12,60,0.95,3052357.9455943434,8020737.463053755,1.0,model_better,20260717
recurrent_vs_tree,RECURRENT*,GRU*,TREE*,1,5,602,5447175.3299313355,circular_moving_block,5000,24,120,0.95,2436744.1898535737,8985553.061070813,0.9998,model_better,20260717
recurrent_vs_tree,RECURRENT*,GRU*,TREE*,3,15,600,17539512.397968527,circular_moving_block,5000,6,30,0.95,13724303.02428696,21613646.71637575,1.0,model_better,20260717
recurrent_vs_tree,RECURRENT*,GRU*,TREE*,3,15,600,17539512.397968527,circular_moving_block,5000,12,60,0.95,12336740.857608082,22759470.853175465,1.0,model_better,20260717
recurrent_vs_tree,RECURRENT*,GRU*,TREE*,3,15,600,17539512.397968527,circular_moving_block,5000,24,120,0.95,10368331.985540291,25073864.885890163,1.0,model_better,20260717
recurrent_vs_tree,RECURRENT*,GRU*,TREE*,6,30,597,12665708.685614467,circular_moving_block,5000,6,30,0.95,8256285.609225597,17267352.201189525,1.0,model_better,20260717
recurrent_vs_tree,RECURRENT*,GRU*,TREE*,6,30,597,12665708.685614467,circular_moving_block,5000,12,60,0.95,6912977.082878809,18406487.426110424,1.0,model_better,20260717
recurrent_vs_tree,RECURRENT*,GRU*,TREE*,6,30,597,12665708.685614467,circular_moving_block,5000,24,120,0.95,5500941.805176111,20370067.173693538,0.9996,model_better,20260717
recurrent_vs_tree,RECURRENT*,GRU*,TREE*,12,60,591,5300679.059831814,circular_moving_block,5000,6,30,0.95,-186415.23917286133,10734683.55752898,0.9696,not_distinguishable,20260717
recurrent_vs_tree,RECURRENT*,GRU*,TREE*,12,60,591,5300679.059831814,circular_moving_block,5000,12,60,0.95,-1850410.7305898475,12256319.990775349,0.9276,not_distinguishable,20260717
recurrent_vs_tree,RECURRENT*,GRU*,TREE*,12,60,591,5300679.059831814,circular_moving_block,5000,24,120,0.95,-2344464.0156759224,13217394.176262587,0.9014,not_distinguishable,20260717
recurrent_vs_var,RECURRENT*,GRU*,VAR*,1,5,602,-3937029.2820480424,circular_moving_block,5000,6,30,0.95,-5344747.5123660555,-2580393.8708759556,0.0,reference_better,20260717
recurrent_vs_var,RECURRENT*,GRU*,VAR*,1,5,602,-3937029.2820480424,circular_moving_block,5000,12,60,0.95,-5764189.117392646,-2266099.4869529363,0.0,reference_better,20260717
recurrent_vs_var,RECURRENT*,GRU*,VAR*,1,5,602,-3937029.2820480424,circular_moving_block,5000,24,120,0.95,-6267971.148762454,-1827076.3613305253,0.0,reference_better,20260717
recurrent_vs_var,RECURRENT*,GRU*,VAR*,3,15,600,-3550916.9848406618,circular_moving_block,5000,6,30,0.95,-5384083.712942553,-1824851.8510580538,0.0,reference_better,20260717
recurrent_vs_var,RECURRENT*,GRU*,VAR*,3,15,600,-3550916.9848406618,circular_moving_block,5000,12,60,0.95,-5734248.134107497,-1511738.4705395948,0.0004,reference_better,20260717
recurrent_vs_var,RECURRENT*,GRU*,VAR*,3,15,600,-3550916.9848406618,circular_moving_block,5000,24,120,0.95,-6162166.77281486,-1084481.5849037124,0.0018,reference_better,20260717
recurrent_vs_var,RECURRENT*,GRU*,VAR*,6,30,597,-16799603.07266078,circular_moving_block,5000,6,30,0.95,-21856424.26973958,-12031603.099382944,0.0,reference_better,20260717
recurrent_vs_var,RECURRENT*,GRU*,VAR*,6,30,597,-16799603.07266078,circular_moving_block,5000,12,60,0.95,-23449825.16090821,-10562259.89627324,0.0,reference_better,20260717
recurrent_vs_var,RECURRENT*,GRU*,VAR*,6,30,597,-16799603.07266078,circular_moving_block,5000,24,120,0.95,-25964403.105556436,-8692904.741216803,0.0,reference_better,20260717
recurrent_vs_var,RECURRENT*,GRU*,VAR*,12,60,591,-25140930.816523965,circular_moving_block,5000,6,30,0.95,-32426621.579491578,-17991432.483349174,0.0,reference_better,20260717
recurrent_vs_var,RECURRENT*,GRU*,VAR*,12,60,591,-25140930.816523965,circular_moving_block,5000,12,60,0.95,-35060339.299026124,-15417471.020130748,0.0,reference_better,20260717
recurrent_vs_var,RECURRENT*,GRU*,VAR*,12,60,591,-25140930.816523965,circular_moving_block,5000,24,120,0.95,-37733384.778214484,-13386042.301986054,0.0,reference_better,20260717
rnn_vs_persistence,RNN*,RNN*,Persistence,1,5,602,-1472904.0233044075,circular_moving_block,5000,6,30,0.95,-2957641.361705794,-28972.82735095318,0.024,reference_better,20260717
rnn_vs_persistence,RNN*,RNN*,Persistence,1,5,602,-1472904.0233044075,circular_moving_block,5000,12,60,0.95,-3239057.5756821395,255794.32326209202,0.051,not_distinguishable,20260717
rnn_vs_persistence,RNN*,RNN*,Persistence,1,5,602,-1472904.0233044075,circular_moving_block,5000,24,120,0.95,-3674644.3481378024,561457.493380843,0.0946,not_distinguishable,20260717
rnn_vs_persistence,RNN*,RNN*,Persistence,3,15,600,-3104235.1009344906,circular_moving_block,5000,6,30,0.95,-5312365.482561464,-857429.4120192069,0.0022,reference_better,20260717
rnn_vs_persistence,RNN*,RNN*,Persistence,3,15,600,-3104235.1009344906,circular_moving_block,5000,12,60,0.95,-5690406.64561529,-644116.9727611939,0.006,reference_better,20260717
rnn_vs_persistence,RNN*,RNN*,Persistence,3,15,600,-3104235.1009344906,circular_moving_block,5000,24,120,0.95,-6372564.498647872,-629.1622027386339,0.025,reference_better,20260717
rnn_vs_persistence,RNN*,RNN*,Persistence,6,30,597,-4387746.917644836,circular_moving_block,5000,6,30,0.95,-7244661.734781457,-1783822.4514932141,0.0004,reference_better,20260717
rnn_vs_persistence,RNN*,RNN*,Persistence,6,30,597,-4387746.917644836,circular_moving_block,5000,12,60,0.95,-7641750.149211122,-1325597.6578083858,0.002,reference_better,20260717
rnn_vs_persistence,RNN*,RNN*,Persistence,6,30,597,-4387746.917644836,circular_moving_block,5000,24,120,0.95,-8535974.284651455,-473746.3062634493,0.0124,reference_better,20260717
rnn_vs_persistence,RNN*,RNN*,Persistence,12,60,591,-9508527.097169928,circular_moving_block,5000,6,30,0.95,-13415739.882527927,-5581998.718649374,0.0,reference_better,20260717
rnn_vs_persistence,RNN*,RNN*,Persistence,12,60,591,-9508527.097169928,circular_moving_block,5000,12,60,0.95,-14472738.573318666,-4556712.742147056,0.0,reference_better,20260717
rnn_vs_persistence,RNN*,RNN*,Persistence,12,60,591,-9508527.097169928,circular_moving_block,5000,24,120,0.95,-15737180.30445647,-3271290.4481039434,0.001,reference_better,20260717
