model,horizon_steps,horizon_minutes,traffic_level,n,mae_bps,bias_bps,underprediction_pct,p95_abs_error_bps
GRU*,1,5,Q1,151,32533066.327462897,-32533066.327462897,0.0,69833281.88038942
GRU*,1,5,Q2,150,18075006.16246562,-17246453.0305011,8.666666666666668,48145635.17660621
GRU*,1,5,Q3,150,11852969.115260638,-4293130.202788454,37.333333333333336,35896804.70632271
GRU*,1,5,Q4,151,17838945.43023126,9540252.565961067,67.54966887417218,46213463.25777902
GRU*,3,15,Q1,150,33262220.097969234,-33140858.660259496,2.0,65714261.61759016
GRU*,3,15,Q2,150,19754339.101683065,-18233617.858059086,13.333333333333334,65185665.98219498
GRU*,3,15,Q3,150,15609098.868975721,-5191616.534713127,36.666666666666664,39167045.317019545
GRU*,3,15,Q4,150,22478805.13609365,8686768.886939706,63.33333333333333,59662781.753544405
GRU*,6,30,Q1,150,59938256.05525765,-59923782.65752004,0.6666666666666667,108868301.92977966
GRU*,6,30,Q2,149,40885122.85020758,-40327172.54746017,4.026845637583892,86992639.08758846
GRU*,6,30,Q3,149,23820157.411991395,-18978006.9387113,19.463087248322147,61907490.67160494
GRU*,6,30,Q4,149,30801383.370162383,11097667.105830697,63.758389261744966,76931056.52286203
GRU*,12,60,Q1,148,82862335.44783333,-82862335.44783333,0.0,133023551.85415398
GRU*,12,60,Q2,148,46960056.01441972,-46954023.96247767,1.3513513513513513,93959123.0783021
GRU*,12,60,Q3,147,40382063.95533401,-36058732.14200968,17.006802721088434,92611613.7204962
GRU*,12,60,Q4,148,36484139.494620204,5626441.402925596,52.02702702702703,98248383.3232951
LSTM*,1,5,Q1,151,23931517.166622307,-23794844.704091888,1.3245033112582782,63036688.25074548
LSTM*,1,5,Q2,150,13912471.530115686,-9612680.150888734,23.333333333333332,44409673.4587806
LSTM*,1,5,Q3,150,12988792.063492605,1559559.4847467686,57.99999999999999,38288804.222015336
LSTM*,1,5,Q4,151,19619214.49130381,10508889.442183416,67.54966887417218,50999165.57406325
LSTM*,3,15,Q1,150,45521256.602945216,-45521256.602945216,0.0,74096889.46677127
LSTM*,3,15,Q2,150,24419301.459029656,-24388381.153465208,0.6666666666666667,51514690.558900066
LSTM*,3,15,Q3,150,10468660.994085949,-3580716.910401357,36.0,30908917.159202404
LSTM*,3,15,Q4,150,26930833.327924673,16308241.125475865,72.0,65768029.40574337
LSTM*,6,30,Q1,150,48183313.09174009,-48183313.09174009,0.0,84268861.5084896
LSTM*,6,30,Q2,149,30199998.97726018,-30089030.212113075,2.013422818791946,82696608.50107174
LSTM*,6,30,Q3,149,13259970.05521192,-7624122.845894292,34.22818791946309,38308318.96977253
LSTM*,6,30,Q4,149,25314911.893325817,9478806.294186689,58.38926174496645,74132676.11401933
LSTM*,12,60,Q1,148,55649990.96628096,-55618727.36854634,0.6756756756756757,102366280.76017348
LSTM*,12,60,Q2,148,45387391.44860532,-43395081.002313085,11.486486486486488,93310188.53603524
LSTM*,12,60,Q3,147,33260085.082728963,-19140861.285775717,36.054421768707485,68908893.46108589
LSTM*,12,60,Q4,148,30469348.26024986,5044571.676847385,56.75675675675676,67429588.18104203
RNN*,1,5,Q1,151,29580017.1905256,-29566798.052132808,0.6622516556291391,63791463.51071226
RNN*,1,5,Q2,150,14698203.652752018,-13310592.334518492,12.0,38937472.498273835
RNN*,1,5,Q3,150,11020994.669233745,449203.943782203,55.333333333333336,33378681.744897746
RNN*,1,5,Q4,151,19709093.236304782,13577814.538883794,76.82119205298014,47544841.422026016
RNN*,3,15,Q1,150,41682358.72172034,-41682358.72172034,0.0,69709579.11009198
RNN*,3,15,Q2,150,22357771.86908369,-22341199.15771434,0.6666666666666667,56639665.57295603
RNN*,3,15,Q3,150,10448439.810462197,-4637891.624927818,36.0,29466939.691146795
RNN*,3,15,Q4,150,23064102.3875384,15173652.351387478,72.0,55238582.19221936
RNN*,6,30,Q1,150,47650156.69273064,-47650156.69273064,0.0,81492531.9497684
RNN*,6,30,Q2,149,28746755.489533436,-28746755.489533436,0.0,65544131.974151894
RNN*,6,30,Q3,149,13491111.48821378,-9402839.258296587,25.503355704697988,40995424.87229556
RNN*,6,30,Q4,149,23105808.402147897,11666906.664612798,66.44295302013423,56878155.15761831
RNN*,12,60,Q1,148,59755546.7236897,-59755546.7236897,0.0,94255936.06262502
RNN*,12,60,Q2,148,43842605.078233466,-43842605.078233466,0.0,81063376.21773084
RNN*,12,60,Q3,147,22982550.934690904,-21879272.20591806,8.16326530612245,55538345.345256865
RNN*,12,60,Q4,148,22866753.745742597,6590461.851764526,57.432432432432435,62349303.481090344
