model,horizon_steps,horizon_minutes,n,mae_bps,rmse_bps,bias_bps,underprediction_pct,overprediction_pct,p95_abs_error_bps
GRU*,1,5,602,20091976.855599266,26808284.420078143,-11134306.25079769,28.405315614617937,71.59468438538205,54085090.42652095
GRU*,3,15,600,22776115.801180415,29997871.309015088,-11969831.041523,28.833333333333332,71.16666666666667,61918168.23316261
GRU*,6,30,597,38896534.823300645,48130451.30999097,-27087917.492962785,21.943048576214405,78.05695142378559,96407971.35235077
GRU*,12,60,591,51691252.08638129,62900398.944360696,-40068936.53124951,17.59729272419628,82.40270727580372,116379622.71444899
LSTM*,1,5,602,17626827.274731044,24571464.766797,-5339115.190148627,37.54152823920266,62.45847176079734,52023615.58985057
LSTM*,3,15,600,26835013.095996372,33503857.223037954,-14295528.385333978,27.166666666666668,72.83333333333334,63094193.05403889
LSTM*,6,30,597,29271280.103358295,37301639.76397144,-19153123.33596364,23.618090452261306,76.38190954773869,77728442.80266438
LSTM*,12,60,591,41205124.61435077,49477507.01774187,-28292984.161967535,26.22673434856176,73.77326565143824,90864319.46036571
RNN*,1,5,602,18771653.526161548,25151429.124003023,-7215190.646363864,36.21262458471761,63.78737541528239,50363722.35047246
RNN*,3,15,600,24388168.197201155,30634611.080852594,-13371949.288243758,27.166666666666668,72.83333333333334,58674561.67550206
RNN*,6,30,597,28280956.67590279,35049882.546268664,-18581983.296999935,22.948073701842546,77.05192629815745,66147197.494649485
RNN*,12,60,591,37386194.59975312,44324516.77698924,-29735010.366993964,16.412859560067684,83.58714043993231,82362287.97648734
