model,horizon_steps,horizon_minutes,lag_steps,lag_minutes,residual_acf
GRU*,1,5,1,5,0.010409301261007916
GRU*,1,5,2,10,-0.01240672992082547
GRU*,1,5,3,15,0.06191234266659309
GRU*,1,5,4,20,0.13699698812786656
GRU*,1,5,5,25,0.1621851976798969
GRU*,1,5,6,30,0.11710861763766008
GRU*,1,5,7,35,0.11278472448815782
GRU*,1,5,8,40,0.07313816036328985
GRU*,1,5,9,45,0.12281564285866833
GRU*,1,5,10,50,0.10611264548713795
GRU*,1,5,11,55,0.07893591937233484
GRU*,1,5,12,60,0.12540926725894067
GRU*,1,5,13,65,0.11223866242947107
GRU*,1,5,14,70,0.05950664339102825
GRU*,1,5,15,75,0.060185441707192824
GRU*,1,5,16,80,0.11379677343843059
GRU*,1,5,17,85,0.04193063861045393
GRU*,1,5,18,90,0.1118250529868174
GRU*,1,5,19,95,0.06785152803846899
GRU*,1,5,20,100,-0.001325521496195095
GRU*,1,5,21,105,0.09277242059085221
GRU*,1,5,22,110,0.025544312213068673
GRU*,1,5,23,115,0.10112641695305923
GRU*,1,5,24,120,0.0855065622944197
GRU*,1,5,25,125,0.03224892797610998
GRU*,1,5,26,130,0.015152740611009312
GRU*,1,5,27,135,0.04034600111892331
GRU*,1,5,28,140,0.07145313453959132
GRU*,1,5,29,145,-0.019507586844864613
GRU*,1,5,30,150,0.060591936175893965
GRU*,1,5,31,155,0.06365916339084435
GRU*,1,5,32,160,0.08941562616714473
GRU*,1,5,33,165,-0.053228367886181696
GRU*,1,5,34,170,-0.03066275896973201
GRU*,1,5,35,175,0.025805693970817375
GRU*,1,5,36,180,0.11902701184311586
GRU*,1,5,37,185,0.05352844223696445
GRU*,1,5,38,190,-0.03999326182898134
GRU*,1,5,39,195,0.007644787100510234
GRU*,1,5,40,200,-0.01558356710349524
GRU*,1,5,41,205,-0.017062409319523172
GRU*,1,5,42,210,0.032395547123674706
GRU*,1,5,43,215,0.03405130391722864
GRU*,1,5,44,220,-0.005951993128911561
GRU*,1,5,45,225,-0.017951716546490932
GRU*,1,5,46,230,-0.0005170908328965103
GRU*,1,5,47,235,-0.003428601463678796
GRU*,1,5,48,240,0.019600916265597294
GRU*,3,15,1,5,0.4355017304927853
GRU*,3,15,2,10,0.21306543637615835
GRU*,3,15,3,15,-0.0837959014667918
GRU*,3,15,4,20,-0.01257642882338348
GRU*,3,15,5,25,0.06374746665972607
GRU*,3,15,6,30,0.08552244424010723
GRU*,3,15,7,35,0.1050315951961504
GRU*,3,15,8,40,0.07503291372684993
GRU*,3,15,9,45,0.0940654438122309
GRU*,3,15,10,50,0.08550672432040972
GRU*,3,15,11,55,0.07572784793708971
GRU*,3,15,12,60,0.05979629620771339
GRU*,3,15,13,65,0.011360966350599024
GRU*,3,15,14,70,-0.018871407678813245
GRU*,3,15,15,75,-0.02347893230291334
GRU*,3,15,16,80,0.03507594826478154
GRU*,3,15,17,85,0.049542470507633066
GRU*,3,15,18,90,0.07355409951708393
GRU*,3,15,19,95,0.052890545875580536
GRU*,3,15,20,100,0.00637620041828224
GRU*,3,15,21,105,0.052100213196336606
GRU*,3,15,22,110,0.05251005757628519
GRU*,3,15,23,115,0.11900910648283775
GRU*,3,15,24,120,0.08962317777716612
GRU*,3,15,25,125,0.049713320191320354
GRU*,3,15,26,130,0.0192534946069141
GRU*,3,15,27,135,0.015803709840854753
GRU*,3,15,28,140,0.04656774565258288
GRU*,3,15,29,145,0.03240279326233493
GRU*,3,15,30,150,0.09781866960702182
GRU*,3,15,31,155,0.07574726927738996
GRU*,3,15,32,160,0.05889067634264037
GRU*,3,15,33,165,-0.04454688973784491
GRU*,3,15,34,170,-0.012495583604530422
GRU*,3,15,35,175,0.047817794491260626
GRU*,3,15,36,180,0.1298397632891901
GRU*,3,15,37,185,0.10993035660477211
GRU*,3,15,38,190,0.050999967227617495
GRU*,3,15,39,195,0.041549290339635274
GRU*,3,15,40,200,0.030796717887367625
GRU*,3,15,41,205,0.050644091855331586
GRU*,3,15,42,210,0.05804316652020458
GRU*,3,15,43,215,0.040528483674566844
GRU*,3,15,44,220,0.0030531685827054314
GRU*,3,15,45,225,-0.00833079667524083
GRU*,3,15,46,230,0.030570868554495943
GRU*,3,15,47,235,0.07417446678727264
GRU*,3,15,48,240,0.08998915538566299
GRU*,6,30,1,5,0.7497000137794435
GRU*,6,30,2,10,0.6619492862951026
GRU*,6,30,3,15,0.6092688413814064
GRU*,6,30,4,20,0.5668961772466115
GRU*,6,30,5,25,0.5093524012186588
GRU*,6,30,6,30,0.41989109026138427
GRU*,6,30,7,35,0.4040161191088582
GRU*,6,30,8,40,0.37879430264175745
GRU*,6,30,9,45,0.3605585467207953
GRU*,6,30,10,50,0.3247107669734868
GRU*,6,30,11,55,0.29881995985245485
GRU*,6,30,12,60,0.29652122399801817
GRU*,6,30,13,65,0.2858273618441872
GRU*,6,30,14,70,0.2706853319886844
GRU*,6,30,15,75,0.26853792605877574
GRU*,6,30,16,80,0.2821086734998615
GRU*,6,30,17,85,0.26806388082923904
GRU*,6,30,18,90,0.2783795660578991
GRU*,6,30,19,95,0.27669809141947693
GRU*,6,30,20,100,0.26795656139518054
GRU*,6,30,21,105,0.2789891675079376
GRU*,6,30,22,110,0.2539880792963589
GRU*,6,30,23,115,0.27093077155006023
GRU*,6,30,24,120,0.26634742482429136
GRU*,6,30,25,125,0.2587516621724534
GRU*,6,30,26,130,0.24886683334870296
GRU*,6,30,27,135,0.25470270327627803
GRU*,6,30,28,140,0.2490301202287019
GRU*,6,30,29,145,0.21571715938677744
GRU*,6,30,30,150,0.2344182200707694
GRU*,6,30,31,155,0.23582116799952255
GRU*,6,30,32,160,0.23590702494706567
GRU*,6,30,33,165,0.19209694424520304
GRU*,6,30,34,170,0.18271423028166522
GRU*,6,30,35,175,0.1933413005349167
GRU*,6,30,36,180,0.20367230366801112
GRU*,6,30,37,185,0.18537480374904117
GRU*,6,30,38,190,0.16382432869021596
GRU*,6,30,39,195,0.17357519535074506
GRU*,6,30,40,200,0.15985510820033366
GRU*,6,30,41,205,0.14237697675702243
GRU*,6,30,42,210,0.13215509053940824
GRU*,6,30,43,215,0.1211495872153473
GRU*,6,30,44,220,0.09787818758980976
GRU*,6,30,45,225,0.07902593176924648
GRU*,6,30,46,230,0.07186694136807606
GRU*,6,30,47,235,0.06458431821319663
GRU*,6,30,48,240,0.054786833550273625
GRU*,12,60,1,5,0.8331759488867001
GRU*,12,60,2,10,0.7795845682791714
GRU*,12,60,3,15,0.7416618779299139
GRU*,12,60,4,20,0.698828688193682
GRU*,12,60,5,25,0.6588641018064968
GRU*,12,60,6,30,0.6203527104420596
GRU*,12,60,7,35,0.5914905609673944
GRU*,12,60,8,40,0.5588014318726496
GRU*,12,60,9,45,0.5384261495122773
GRU*,12,60,10,50,0.518226051086408
GRU*,12,60,11,55,0.4919033236519141
GRU*,12,60,12,60,0.4599965359199839
GRU*,12,60,13,65,0.4513991268251083
GRU*,12,60,14,70,0.41669852778718885
GRU*,12,60,15,75,0.4048932988884739
GRU*,12,60,16,80,0.4081268369170449
GRU*,12,60,17,85,0.3938372953644241
GRU*,12,60,18,90,0.3936358570290099
GRU*,12,60,19,95,0.3767382096522682
GRU*,12,60,20,100,0.3443170143807471
GRU*,12,60,21,105,0.3316775801733807
GRU*,12,60,22,110,0.2968805283544037
GRU*,12,60,23,115,0.28524662835895936
GRU*,12,60,24,120,0.260253043729764
GRU*,12,60,25,125,0.2355583018307395
GRU*,12,60,26,130,0.22049021920506842
GRU*,12,60,27,135,0.21349820307811873
GRU*,12,60,28,140,0.2103248449984998
GRU*,12,60,29,145,0.19367787006940954
GRU*,12,60,30,150,0.1923639085784612
GRU*,12,60,31,155,0.18695477027395566
GRU*,12,60,32,160,0.18329791533542622
GRU*,12,60,33,165,0.14799359679387977
GRU*,12,60,34,170,0.14228532349059544
GRU*,12,60,35,175,0.1421433495152972
GRU*,12,60,36,180,0.15267863378513646
GRU*,12,60,37,185,0.14530945562027325
GRU*,12,60,38,190,0.12968407779674462
GRU*,12,60,39,195,0.13652234645750022
GRU*,12,60,40,200,0.12788289692208685
GRU*,12,60,41,205,0.12725378684595381
GRU*,12,60,42,210,0.1309624596374575
GRU*,12,60,43,215,0.12822618560113813
GRU*,12,60,44,220,0.11946207972110678
GRU*,12,60,45,225,0.11372365315405807
GRU*,12,60,46,230,0.10030778823295036
GRU*,12,60,47,235,0.08244305404583852
GRU*,12,60,48,240,0.07106745927829031
LSTM*,1,5,1,5,-0.016471460629328073
LSTM*,1,5,2,10,-0.1334894706784179
LSTM*,1,5,3,15,-0.03973099828569487
LSTM*,1,5,4,20,0.05779888837025771
LSTM*,1,5,5,25,0.10920007105449779
LSTM*,1,5,6,30,0.06834338429541487
LSTM*,1,5,7,35,0.053864063563925604
LSTM*,1,5,8,40,0.014534408331302453
LSTM*,1,5,9,45,0.06573137154718829
LSTM*,1,5,10,50,0.05899447786996555
LSTM*,1,5,11,55,0.027385091680966964
LSTM*,1,5,12,60,0.06937641767700851
LSTM*,1,5,13,65,0.05668540322823535
LSTM*,1,5,14,70,0.0002076959746998584
LSTM*,1,5,15,75,0.0059052689829938425
LSTM*,1,5,16,80,0.05636525138822325
LSTM*,1,5,17,85,-0.008601740842574875
LSTM*,1,5,18,90,0.06430522759976244
LSTM*,1,5,19,95,0.018405637966979187
LSTM*,1,5,20,100,-0.05632017192995377
LSTM*,1,5,21,105,0.03566662489312652
LSTM*,1,5,22,110,-0.01206431543917143
LSTM*,1,5,23,115,0.07230501140683447
LSTM*,1,5,24,120,0.06164451944764274
LSTM*,1,5,25,125,0.0035408223845669945
LSTM*,1,5,26,130,-0.02460652744675206
LSTM*,1,5,27,135,0.001496192657842752
LSTM*,1,5,28,140,0.03114656236198703
LSTM*,1,5,29,145,-0.04853425617329594
LSTM*,1,5,30,150,0.03843714373803709
LSTM*,1,5,31,155,0.05977783661237745
LSTM*,1,5,32,160,0.07201643723554993
LSTM*,1,5,33,165,-0.08017348217247805
LSTM*,1,5,34,170,-0.056899640338498945
LSTM*,1,5,35,175,0.010642525444728393
LSTM*,1,5,36,180,0.111498361589587
LSTM*,1,5,37,185,0.04803605685558941
LSTM*,1,5,38,190,-0.044622195663628704
LSTM*,1,5,39,195,0.004594925287186665
LSTM*,1,5,40,200,-0.01900518048110339
LSTM*,1,5,41,205,-0.022094455092381095
LSTM*,1,5,42,210,0.0346738440097147
LSTM*,1,5,43,215,0.04266174624837149
LSTM*,1,5,44,220,-0.009350600687763983
LSTM*,1,5,45,225,-0.021643405158887567
LSTM*,1,5,46,230,-0.00941058820867565
LSTM*,1,5,47,235,-0.00042490114571985826
LSTM*,1,5,48,240,0.03935990754189798
LSTM*,3,15,1,5,0.5489326121210284
LSTM*,3,15,2,10,0.3944876668373136
LSTM*,3,15,3,15,0.20723137178288015
LSTM*,3,15,4,20,0.3054285966944512
LSTM*,3,15,5,25,0.3697615254751206
LSTM*,3,15,6,30,0.33723263826706207
LSTM*,3,15,7,35,0.29604985771731984
LSTM*,3,15,8,40,0.23743923418526902
LSTM*,3,15,9,45,0.23665212640081368
LSTM*,3,15,10,50,0.23169296074894039
LSTM*,3,15,11,55,0.22725582632020258
LSTM*,3,15,12,60,0.2208409124066723
LSTM*,3,15,13,65,0.18133636634117886
LSTM*,3,15,14,70,0.14131439665321832
LSTM*,3,15,15,75,0.10643505700973252
LSTM*,3,15,16,80,0.12289441407634098
LSTM*,3,15,17,85,0.10153013990237393
LSTM*,3,15,18,90,0.10642155390921924
LSTM*,3,15,19,95,0.07265662477732528
LSTM*,3,15,20,100,0.031389870135133995
LSTM*,3,15,21,105,0.06733779431641261
LSTM*,3,15,22,110,0.06932643172541096
LSTM*,3,15,23,115,0.12826255459338648
LSTM*,3,15,24,120,0.11335528594664124
LSTM*,3,15,25,125,0.08537874935932716
LSTM*,3,15,26,130,0.06460246489436434
LSTM*,3,15,27,135,0.054058404878082576
LSTM*,3,15,28,140,0.06956709937041
LSTM*,3,15,29,145,0.049700116168289614
LSTM*,3,15,30,150,0.10203527300877194
LSTM*,3,15,31,155,0.08881102813432012
LSTM*,3,15,32,160,0.07421933562736564
LSTM*,3,15,33,165,-0.016400456230623996
LSTM*,3,15,34,170,0.0032188658547676803
LSTM*,3,15,35,175,0.0541800839631624
LSTM*,3,15,36,180,0.11822705286570857
LSTM*,3,15,37,185,0.08696411829234191
LSTM*,3,15,38,190,0.0178224433782203
LSTM*,3,15,39,195,-0.004860781029015329
LSTM*,3,15,40,200,-0.02195852988813361
LSTM*,3,15,41,205,-0.003996893721530235
LSTM*,3,15,42,210,0.00900797756986267
LSTM*,3,15,43,215,-0.0009618623018708801
LSTM*,3,15,44,220,-0.03659581723985184
LSTM*,3,15,45,225,-0.06118118789281756
LSTM*,3,15,46,230,-0.05047005291485959
LSTM*,3,15,47,235,-0.02601761055185596
LSTM*,3,15,48,240,-0.02007350552929648
LSTM*,6,30,1,5,0.6343900622788499
LSTM*,6,30,2,10,0.5353588637958945
LSTM*,6,30,3,15,0.48776037356758184
LSTM*,6,30,4,20,0.44544225247859126
LSTM*,6,30,5,25,0.3786658283917487
LSTM*,6,30,6,30,0.24953174436635586
LSTM*,6,30,7,35,0.20917172705225942
LSTM*,6,30,8,40,0.17369179580884195
LSTM*,6,30,9,45,0.16777535969490992
LSTM*,6,30,10,50,0.14773156191528897
LSTM*,6,30,11,55,0.11960782801459867
LSTM*,6,30,12,60,0.11378222136569861
LSTM*,6,30,13,65,0.09754868858564299
LSTM*,6,30,14,70,0.05971721780991097
LSTM*,6,30,15,75,0.035253015210738176
LSTM*,6,30,16,80,0.036641112006827695
LSTM*,6,30,17,85,0.007172780682110755
LSTM*,6,30,18,90,0.024146854007733302
LSTM*,6,30,19,95,0.013735453186451554
LSTM*,6,30,20,100,0.00546225500786448
LSTM*,6,30,21,105,0.043764939369693924
LSTM*,6,30,22,110,0.03605319471436604
LSTM*,6,30,23,115,0.08505040084842776
LSTM*,6,30,24,120,0.09158177114083056
LSTM*,6,30,25,125,0.0775603451671777
LSTM*,6,30,26,130,0.07416224642571836
LSTM*,6,30,27,135,0.0831414544706874
LSTM*,6,30,28,140,0.08260638343337617
LSTM*,6,30,29,145,0.03544320951833321
LSTM*,6,30,30,150,0.05381482226365269
LSTM*,6,30,31,155,0.05739687843154228
LSTM*,6,30,32,160,0.06703281233597215
LSTM*,6,30,33,165,0.014217884304200146
LSTM*,6,30,34,170,0.021785607439725345
LSTM*,6,30,35,175,0.048488459830586354
LSTM*,6,30,36,180,0.07982007293065649
LSTM*,6,30,37,185,0.05692391796337265
LSTM*,6,30,38,190,0.02192487918220314
LSTM*,6,30,39,195,0.037046993266102134
LSTM*,6,30,40,200,0.02027790156691236
LSTM*,6,30,41,205,0.014557872997171956
LSTM*,6,30,42,210,0.021723860734349766
LSTM*,6,30,43,215,0.01883334176655905
LSTM*,6,30,44,220,0.0033848757720040946
LSTM*,6,30,45,225,-0.007918109831471364
LSTM*,6,30,46,230,-0.007631807729224601
LSTM*,6,30,47,235,-0.006713786683297123
LSTM*,6,30,48,240,-0.004729241425110955
LSTM*,12,60,1,5,0.7316647602504782
LSTM*,12,60,2,10,0.6286902163075273
LSTM*,12,60,3,15,0.5547566949049566
LSTM*,12,60,4,20,0.47555997940787365
LSTM*,12,60,5,25,0.3978850385822948
LSTM*,12,60,6,30,0.3024195162155051
LSTM*,12,60,7,35,0.23227990776041862
LSTM*,12,60,8,40,0.15824749345738037
LSTM*,12,60,9,45,0.09433469740588481
LSTM*,12,60,10,50,0.04086889740047001
LSTM*,12,60,11,55,-0.035851012219963244
LSTM*,12,60,12,60,-0.1568758911316982
LSTM*,12,60,13,65,-0.1538818068656339
LSTM*,12,60,14,70,-0.1549855825348565
LSTM*,12,60,15,75,-0.16436049844828057
LSTM*,12,60,16,80,-0.1517102157909179
LSTM*,12,60,17,85,-0.16060769769313402
LSTM*,12,60,18,90,-0.13253858604792446
LSTM*,12,60,19,95,-0.11880196153366754
LSTM*,12,60,20,100,-0.10286381441771492
LSTM*,12,60,21,105,-0.04684446093198864
LSTM*,12,60,22,110,-0.0471223420325511
LSTM*,12,60,23,115,-0.009167996092790549
LSTM*,12,60,24,120,0.006366795699151599
LSTM*,12,60,25,125,0.02355205844449497
LSTM*,12,60,26,130,0.04735561492648761
LSTM*,12,60,27,135,0.08001037087096742
LSTM*,12,60,28,140,0.10813736778924293
LSTM*,12,60,29,145,0.12027886114279807
LSTM*,12,60,30,150,0.1508351166426886
LSTM*,12,60,31,155,0.17001760191327292
LSTM*,12,60,32,160,0.19561035269894983
LSTM*,12,60,33,165,0.1622445230533187
LSTM*,12,60,34,170,0.1745101846013148
LSTM*,12,60,35,175,0.1942098864257166
LSTM*,12,60,36,180,0.22071534419465375
LSTM*,12,60,37,185,0.2159460234342879
LSTM*,12,60,38,190,0.19933086377376327
LSTM*,12,60,39,195,0.20449776319479543
LSTM*,12,60,40,200,0.18515262653196593
LSTM*,12,60,41,205,0.16553246565058546
LSTM*,12,60,42,210,0.1474898149236661
LSTM*,12,60,43,215,0.11734366746509152
LSTM*,12,60,44,220,0.08034278858173947
LSTM*,12,60,45,225,0.04735449189213426
LSTM*,12,60,46,230,0.008685702125375531
LSTM*,12,60,47,235,-0.03603066324850526
LSTM*,12,60,48,240,-0.07516083931499991
RNN*,1,5,1,5,0.0688745125274028
RNN*,1,5,2,10,0.05764742858010278
RNN*,1,5,3,15,0.08549119544463345
RNN*,1,5,4,20,0.14131864330312494
RNN*,1,5,5,25,0.14848686029976746
RNN*,1,5,6,30,0.10163174615171826
RNN*,1,5,7,35,0.11203827382840738
RNN*,1,5,8,40,0.07894571135052061
RNN*,1,5,9,45,0.1325532351591036
RNN*,1,5,10,50,0.12325704888410763
RNN*,1,5,11,55,0.09680767133364611
RNN*,1,5,12,60,0.1304653295731881
RNN*,1,5,13,65,0.1150188814438145
RNN*,1,5,14,70,0.07184374425294518
RNN*,1,5,15,75,0.06298828091549999
RNN*,1,5,16,80,0.1073918285892729
RNN*,1,5,17,85,0.03468353762372322
RNN*,1,5,18,90,0.0958979432477841
RNN*,1,5,19,95,0.063154274627456
RNN*,1,5,20,100,-0.0005739895815169279
RNN*,1,5,21,105,0.08816050973788644
RNN*,1,5,22,110,0.02970982879664634
RNN*,1,5,23,115,0.10819760911855392
RNN*,1,5,24,120,0.09054714820823295
RNN*,1,5,25,125,0.04055953173997211
RNN*,1,5,26,130,0.0177447803071541
RNN*,1,5,27,135,0.03642235471833372
RNN*,1,5,28,140,0.06533458621593834
RNN*,1,5,29,145,-0.01575967796040532
RNN*,1,5,30,150,0.05689974539288234
RNN*,1,5,31,155,0.05454755187069187
RNN*,1,5,32,160,0.08592666023358315
RNN*,1,5,33,165,-0.04090483047169231
RNN*,1,5,34,170,-0.014690752139063125
RNN*,1,5,35,175,0.031938712750367845
RNN*,1,5,36,180,0.11101504697849794
RNN*,1,5,37,185,0.05444581058133755
RNN*,1,5,38,190,-0.023849218959080723
RNN*,1,5,39,195,0.024682702014963743
RNN*,1,5,40,200,-0.005970274702915454
RNN*,1,5,41,205,-0.012710618479250778
RNN*,1,5,42,210,0.02581940736832021
RNN*,1,5,43,215,0.030226683031893797
RNN*,1,5,44,220,-0.009910443499269044
RNN*,1,5,45,225,-0.012631051443065483
RNN*,1,5,46,230,-0.002749583785032927
RNN*,1,5,47,235,-0.005925433743455672
RNN*,1,5,48,240,0.013779299916826521
RNN*,3,15,1,5,0.49325395523659993
RNN*,3,15,2,10,0.34562305144586924
RNN*,3,15,3,15,0.16734099614245335
RNN*,3,15,4,20,0.20311000988778743
RNN*,3,15,5,25,0.21548492888524157
RNN*,3,15,6,30,0.17240316067084582
RNN*,3,15,7,35,0.16184350536269448
RNN*,3,15,8,40,0.14296398491599566
RNN*,3,15,9,45,0.17530664987551844
RNN*,3,15,10,50,0.1835391198962946
RNN*,3,15,11,55,0.1839172821822274
RNN*,3,15,12,60,0.19228741190408358
RNN*,3,15,13,65,0.163161389814039
RNN*,3,15,14,70,0.12425790635293099
RNN*,3,15,15,75,0.09102170271095514
RNN*,3,15,16,80,0.10444458244211272
RNN*,3,15,17,85,0.07061842276478127
RNN*,3,15,18,90,0.08240272383891324
RNN*,3,15,19,95,0.06034407286328514
RNN*,3,15,20,100,0.03167222705489174
RNN*,3,15,21,105,0.08485197935930106
RNN*,3,15,22,110,0.0787924972685842
RNN*,3,15,23,115,0.13859865111285308
RNN*,3,15,24,120,0.12450242764727219
RNN*,3,15,25,125,0.09188674383646339
RNN*,3,15,26,130,0.06567651572938452
RNN*,3,15,27,135,0.055312516197607166
RNN*,3,15,28,140,0.06322107803549161
RNN*,3,15,29,145,0.02916119415785135
RNN*,3,15,30,150,0.0827372474134986
RNN*,3,15,31,155,0.07980918473549535
RNN*,3,15,32,160,0.08153335391633193
RNN*,3,15,33,165,-0.0047238065968448675
RNN*,3,15,34,170,0.019235898717236022
RNN*,3,15,35,175,0.07346115405486815
RNN*,3,15,36,180,0.13537494377905504
RNN*,3,15,37,185,0.10295556816790072
RNN*,3,15,38,190,0.036569973262997366
RNN*,3,15,39,195,0.02758313394907764
RNN*,3,15,40,200,0.006455424780262134
RNN*,3,15,41,205,0.013742684422220116
RNN*,3,15,42,210,0.026956734261572725
RNN*,3,15,43,215,0.025894391638215834
RNN*,3,15,44,220,-4.062814353853761e-05
RNN*,3,15,45,225,-0.015506980286905564
RNN*,3,15,46,230,-0.011302002722186497
RNN*,3,15,47,235,-0.0034670312328166464
RNN*,3,15,48,240,-0.00767485358779021
RNN*,6,30,1,5,0.5511256876644038
RNN*,6,30,2,10,0.4303039195703947
RNN*,6,30,3,15,0.3737430417865097
RNN*,6,30,4,20,0.3335799928729133
RNN*,6,30,5,25,0.2612430400974797
RNN*,6,30,6,30,0.06126055630470471
RNN*,6,30,7,35,0.08957487604706027
RNN*,6,30,8,40,0.10028241509588003
RNN*,6,30,9,45,0.1377691737485733
RNN*,6,30,10,50,0.12748983757202006
RNN*,6,30,11,55,0.12090648299677835
RNN*,6,30,12,60,0.13263444109841901
RNN*,6,30,13,65,0.12059178070312594
RNN*,6,30,14,70,0.08549873403369866
RNN*,6,30,15,75,0.044658097305058084
RNN*,6,30,16,80,0.04762094254912501
RNN*,6,30,17,85,0.0006164963234801835
RNN*,6,30,18,90,0.01777935152527798
RNN*,6,30,19,95,0.010480028615373097
RNN*,6,30,20,100,-0.00031957693210813435
RNN*,6,30,21,105,0.05135469644890497
RNN*,6,30,22,110,0.04032246698639838
RNN*,6,30,23,115,0.10294738361080395
RNN*,6,30,24,120,0.09482717687348183
RNN*,6,30,25,125,0.07367087530809793
RNN*,6,30,26,130,0.0682073566221736
RNN*,6,30,27,135,0.08152648045965948
RNN*,6,30,28,140,0.0799843825845718
RNN*,6,30,29,145,0.016831198354649298
RNN*,6,30,30,150,0.03733650395871093
RNN*,6,30,31,155,0.059075089976768295
RNN*,6,30,32,160,0.08564040230163289
RNN*,6,30,33,165,0.01976590348993041
RNN*,6,30,34,170,0.03299199561860838
RNN*,6,30,35,175,0.08038857983003007
RNN*,6,30,36,180,0.11342808437089656
RNN*,6,30,37,185,0.08137753622658302
RNN*,6,30,38,190,0.03706061677424253
RNN*,6,30,39,195,0.06481811332078262
RNN*,6,30,40,200,0.04399248600786566
RNN*,6,30,41,205,0.026473927799977676
RNN*,6,30,42,210,0.0195972128390197
RNN*,6,30,43,215,0.017361920557323215
RNN*,6,30,44,220,0.00754663972395393
RNN*,6,30,45,225,-0.014761322032534952
RNN*,6,30,46,230,-0.020534287593879718
RNN*,6,30,47,235,-0.03212433717918668
RNN*,6,30,48,240,-0.046252781816813096
RNN*,12,60,1,5,0.6401258944138584
RNN*,12,60,2,10,0.5485705619717212
RNN*,12,60,3,15,0.5105622280608836
RNN*,12,60,4,20,0.47796924318929107
RNN*,12,60,5,25,0.433075119678778
RNN*,12,60,6,30,0.357143235503355
RNN*,12,60,7,35,0.3142975422571266
RNN*,12,60,8,40,0.2624377778658545
RNN*,12,60,9,45,0.2371841090764772
RNN*,12,60,10,50,0.20232862935418178
RNN*,12,60,11,55,0.13074352519181137
RNN*,12,60,12,60,0.0012798574432739496
RNN*,12,60,13,65,0.025811328143950128
RNN*,12,60,14,70,0.025213852164734346
RNN*,12,60,15,75,0.002868815140517789
RNN*,12,60,16,80,0.016118833208453174
RNN*,12,60,17,85,0.01293409040930261
RNN*,12,60,18,90,0.04413042561072124
RNN*,12,60,19,95,0.03408230775844296
RNN*,12,60,20,100,0.01271973008067078
RNN*,12,60,21,105,0.05206727614492827
RNN*,12,60,22,110,0.03044824947599569
RNN*,12,60,23,115,0.056096221329928114
RNN*,12,60,24,120,0.05159145897378007
RNN*,12,60,25,125,0.04991997877597035
RNN*,12,60,26,130,0.062496564094580584
RNN*,12,60,27,135,0.07378379436765299
RNN*,12,60,28,140,0.08165466063224608
RNN*,12,60,29,145,0.05982712814668422
RNN*,12,60,30,150,0.07920185223444184
RNN*,12,60,31,155,0.08702527857841379
RNN*,12,60,32,160,0.1063018314551227
RNN*,12,60,33,165,0.045150661041263855
RNN*,12,60,34,170,0.05378689093561484
RNN*,12,60,35,175,0.075682080907117
RNN*,12,60,36,180,0.10204580167323396
RNN*,12,60,37,185,0.08567100002966249
RNN*,12,60,38,190,0.05369909679005344
RNN*,12,60,39,195,0.053301367496330486
RNN*,12,60,40,200,0.030042383378517713
RNN*,12,60,41,205,0.025410207932209862
RNN*,12,60,42,210,0.015732270212239892
RNN*,12,60,43,215,-0.0024576484496548028
RNN*,12,60,44,220,-0.028884488240420104
RNN*,12,60,45,225,-0.035548962977556234
RNN*,12,60,46,230,-0.047974697488027726
RNN*,12,60,47,235,-0.07877159499433471
RNN*,12,60,48,240,-0.10028763960390173
