model,horizon_steps,horizon_minutes,residual_mean_bps,residual_std_bps,residual_q05_bps,residual_q25_bps,residual_median_bps,residual_q75_bps,residual_q95_bps
GRU*,1,5,-11134306.25079769,24386704.120509025,-50651845.550001346,-23575287.998886783,-11684144.927689508,2385887.586756587,27171416.34078222
GRU*,3,15,-11969831.041523,27506279.79043373,-57808697.19743184,-27494990.19810393,-11369550.899068497,3388329.1623969153,27697336.56948718
GRU*,6,30,-27087917.492962785,39784231.41393902,-92262648.8508778,-53996877.142262146,-27962495.183469027,-2887749.567560971,38913113.15866128
GRU*,12,60,-40068936.53124951,48486498.25069274,-114989448.702805,-73585338.08287019,-42073816.35175523,-8046743.276774317,45670710.40563647
LSTM*,1,5,-5339115.190148627,23984385.123914905,-43469918.074665695,-17101545.536549356,-5533214.412242502,7715671.555272229,31040885.67504418
LSTM*,3,15,-14295528.385333978,30300929.309277356,-60378493.463895865,-33565740.2402011,-15276189.106438175,2240526.7908671014,39512848.54192834
LSTM*,6,30,-19153123.33596364,32008908.065700404,-75062915.20329759,-37010323.50406906,-20418409.802578226,-1080187.0557312965,28772244.852362078
LSTM*,12,60,-28292984.161967535,40589786.25099362,-89782058.84100452,-54231509.06867043,-31991756.688465536,1904343.4965352118,38432517.030240975
RNN*,1,5,-7215190.646363864,24094302.457559768,-42021183.82142305,-19981358.973680798,-8520493.74660565,6234952.202267885,30247128.349435143
RNN*,3,15,-13371949.288243758,27562118.35668176,-56484985.550630316,-30706245.125254136,-14766678.804902457,2446018.2264768183,33417329.448775753
RNN*,6,30,-18581983.296999935,29718751.037976753,-65002909.46527382,-35631287.89865215,-20494918.20710744,-1496990.828923434,31496401.569480546
RNN*,12,60,-29735010.366993964,32870837.318029515,-80772497.76422417,-50805908.164568156,-32842288.31871806,-10911559.454649016,23941375.321668655
