family,config_id,horizon_steps,canonical_seed,inner_fit_samples,inner_gap,inner_early_stop_samples,inner_scaler_cutoff_index,inner_scaler_mean_bps,inner_scaler_scale_bps,best_epoch,best_early_stop_mae_scaled
SimpleRNN,N03,1,20260820,882,12,220,1169,222732790.04952708,56529055.76499419,7,0.3648964990269054
SimpleRNN,N03,3,20260820,880,12,220,1169,222732790.04952708,56529055.76499419,6,0.4382088010961359
SimpleRNN,N03,6,20260820,878,12,219,1170,222736327.86459437,56505043.103976674,10,0.5195420104074696
SimpleRNN,N03,12,20260820,873,12,218,1171,222721369.99367464,56483251.006009355,39,0.6513164284032419
LSTM,N04,1,20260820,882,12,220,1169,222732790.04952708,56529055.76499419,34,0.3614956400611184
LSTM,N04,3,20260820,880,12,220,1169,222732790.04952708,56529055.76499419,68,0.4294397397474809
LSTM,N04,6,20260820,878,12,219,1170,222736327.86459437,56505043.103976674,44,0.5081519819285771
LSTM,N04,12,20260820,873,12,218,1171,222721369.99367464,56483251.006009355,62,0.5852039757124875
GRU,N06,1,20260820,882,12,220,1169,222732790.04952708,56529055.76499419,33,0.35733706084164707
GRU,N06,3,20260820,880,12,220,1169,222732790.04952708,56529055.76499419,40,0.43638713576576926
GRU,N06,6,20260820,878,12,219,1170,222736327.86459437,56505043.103976674,71,0.46965886033288967
GRU,N06,12,20260820,873,12,218,1171,222721369.99367464,56483251.006009355,121,0.4832399088308352
