family,config,horizon_steps,horizon_minutes,target_hour,n,mae_mbps,mean_residual_mbps
AR,AR(24),1,5,0,24,15.706676809334406,-5.342397499150761
AR,AR(24),1,5,1,24,23.588368482371315,-15.70351388120027
AR,AR(24),1,5,2,24,15.328634630162695,8.026963896499572
AR,AR(24),1,5,3,24,23.518865958738953,-19.909759046471635
AR,AR(24),1,5,4,24,15.365110469553525,-10.060964371592181
AR,AR(24),1,5,5,24,13.33611508260282,-6.721949318719792
AR,AR(24),1,5,6,24,33.81503279271873,-5.674384652691812
AR,AR(24),1,5,7,24,20.73905886520343,-5.462475843409081
AR,AR(24),1,5,8,24,13.753984153874246,-2.270346206315872
AR,AR(24),1,5,9,24,12.624141293742746,-4.2838604158329945
AR,AR(24),1,5,10,24,9.847063680058824,-3.550511108670076
AR,AR(24),1,5,11,24,12.154631564853414,-3.779799600733634
AR,AR(24),1,5,12,24,20.916327955473367,-16.502513519989247
AR,AR(24),1,5,13,24,18.161576696885234,-14.4595105992717
AR,AR(24),1,5,14,24,18.15815620228484,-11.323732038500012
AR,AR(24),1,5,15,24,14.564192061765112,-5.972564291215937
AR,AR(24),1,5,16,24,9.30531795399876,-5.681377870084579
AR,AR(24),1,5,17,24,13.851859454914145,-5.96019365033123
AR,AR(24),1,5,18,24,13.515729065276707,-7.528445721032699
AR,AR(24),1,5,19,24,14.785438094388088,-3.2627814483976905
AR,AR(24),1,5,20,24,18.296931499566707,2.4236290937584584
AR,AR(24),1,5,21,26,19.665526231430853,1.1617234404504648
AR,AR(24),1,5,22,36,13.10867063840904,-6.390495246490653
AR,AR(24),1,5,23,36,20.341833599634064,4.886662387262404
ARIMA,"ARIMA(6,1,12)",1,5,0,24,15.378697218013839,-2.1323833581770733
ARIMA,"ARIMA(6,1,12)",1,5,1,24,22.744293442745825,-13.28486999883087
ARIMA,"ARIMA(6,1,12)",1,5,2,24,17.376392670848613,11.057273775502134
ARIMA,"ARIMA(6,1,12)",1,5,3,24,21.536861744492906,-15.22624265519992
ARIMA,"ARIMA(6,1,12)",1,5,4,24,13.207547511946679,-5.10954110107313
ARIMA,"ARIMA(6,1,12)",1,5,5,24,11.65872389994944,0.1512779048223924
ARIMA,"ARIMA(6,1,12)",1,5,6,24,31.07762217173326,0.7984313266732334
ARIMA,"ARIMA(6,1,12)",1,5,7,24,21.690654959497547,1.2048405863076814
ARIMA,"ARIMA(6,1,12)",1,5,8,24,15.995903866470298,4.855612538120543
ARIMA,"ARIMA(6,1,12)",1,5,9,24,14.193796692823543,1.347266697314269
ARIMA,"ARIMA(6,1,12)",1,5,10,24,7.903650535052717,2.1086047687566336
ARIMA,"ARIMA(6,1,12)",1,5,11,24,12.00335932423088,1.6488823312778733
ARIMA,"ARIMA(6,1,12)",1,5,12,24,16.728125075403224,-10.80735555677318
ARIMA,"ARIMA(6,1,12)",1,5,13,24,14.231452457703906,-7.7574816439489425
ARIMA,"ARIMA(6,1,12)",1,5,14,24,14.181751125413747,-2.833936603234222
ARIMA,"ARIMA(6,1,12)",1,5,15,24,14.533188125496574,3.1101776813741786
ARIMA,"ARIMA(6,1,12)",1,5,16,24,8.63189783116838,3.3254427583217057
ARIMA,"ARIMA(6,1,12)",1,5,17,24,12.921907159613662,2.7678166880839017
ARIMA,"ARIMA(6,1,12)",1,5,18,24,11.372597038490595,0.1010146398819865
ARIMA,"ARIMA(6,1,12)",1,5,19,24,15.22710665408878,4.052293657806166
ARIMA,"ARIMA(6,1,12)",1,5,20,24,18.37104591465387,8.668472302003385
ARIMA,"ARIMA(6,1,12)",1,5,21,26,21.916769473835185,5.534180213629689
ARIMA,"ARIMA(6,1,12)",1,5,22,36,12.906108693659744,-4.077426372414433
ARIMA,"ARIMA(6,1,12)",1,5,23,36,21.507184509477725,7.360105221094616
ARMA,"ARMA(24,3)",1,5,0,24,15.72301865035607,-5.485929001614335
ARMA,"ARMA(24,3)",1,5,1,24,24.149040380544847,-15.887071813233678
ARMA,"ARMA(24,3)",1,5,2,24,15.615585914311568,8.335160987392182
ARMA,"ARMA(24,3)",1,5,3,24,23.420669347909417,-19.6135850140066
ARMA,"ARMA(24,3)",1,5,4,24,15.860036911352744,-10.377548974204103
ARMA,"ARMA(24,3)",1,5,5,24,13.54868455451352,-6.248028620689276
ARMA,"ARMA(24,3)",1,5,6,24,33.793041038852834,-5.965691073374956
ARMA,"ARMA(24,3)",1,5,7,24,20.71776634743491,-5.742510463126753
ARMA,"ARMA(24,3)",1,5,8,24,14.026074298802857,-2.1980594419083013
ARMA,"ARMA(24,3)",1,5,9,24,12.607644005611464,-4.93535334136589
ARMA,"ARMA(24,3)",1,5,10,24,9.842501023035382,-3.753143673939921
ARMA,"ARMA(24,3)",1,5,11,24,12.04621751523119,-3.7641420171306157
ARMA,"ARMA(24,3)",1,5,12,24,20.753054630612205,-16.509000460317814
ARMA,"ARMA(24,3)",1,5,13,24,17.999512178863554,-14.479130439262972
ARMA,"ARMA(24,3)",1,5,14,24,18.17842705829589,-11.20533816187302
ARMA,"ARMA(24,3)",1,5,15,24,14.372600670682461,-5.948933388035674
ARMA,"ARMA(24,3)",1,5,16,24,9.678862975263879,-6.15401954800497
ARMA,"ARMA(24,3)",1,5,17,24,13.593511037497922,-6.203748479508444
ARMA,"ARMA(24,3)",1,5,18,24,13.744210610506192,-7.984185763134647
ARMA,"ARMA(24,3)",1,5,19,24,15.188977738258394,-3.535916984948471
ARMA,"ARMA(24,3)",1,5,20,24,18.33276563733556,2.151914736942148
ARMA,"ARMA(24,3)",1,5,21,26,19.718288678442423,0.6682353401247704
ARMA,"ARMA(24,3)",1,5,22,36,12.982334540638991,-6.605674433152737
ARMA,"ARMA(24,3)",1,5,23,36,20.31366894240041,4.875212188068346
MA,MA(12),1,5,0,24,17.275251973464588,-8.077983746461323
MA,MA(12),1,5,1,24,26.20997805581244,-19.498270890710536
MA,MA(12),1,5,2,24,14.688760152415112,-1.5242292648595117
MA,MA(12),1,5,3,24,24.9515079801456,-23.060527669254174
MA,MA(12),1,5,4,24,24.439914496559386,-22.815307322042052
MA,MA(12),1,5,5,24,21.83306881190053,-21.07154804022124
MA,MA(12),1,5,6,24,43.032686569153704,-18.670024869491186
MA,MA(12),1,5,7,24,28.640787255067604,-19.0407532109116
MA,MA(12),1,5,8,24,20.400560267062517,-15.13997066238697
MA,MA(12),1,5,9,24,17.11251654451843,-15.458429395613454
MA,MA(12),1,5,10,24,16.72563075303997,-13.592892092257976
MA,MA(12),1,5,11,24,17.845025254481293,-12.865190515598217
MA,MA(12),1,5,12,24,27.89551206084801,-25.027925676572163
MA,MA(12),1,5,13,24,29.609595456366378,-28.778660945717874
MA,MA(12),1,5,14,24,31.794074912074844,-29.050169314670356
MA,MA(12),1,5,15,24,27.096564033043933,-25.13611894168518
MA,MA(12),1,5,16,24,22.406050088319567,-22.406050088319567
MA,MA(12),1,5,17,24,22.811970808717582,-21.791413585280758
MA,MA(12),1,5,18,24,22.255490364151527,-22.255490364151527
MA,MA(12),1,5,19,24,22.462726059574592,-17.455018177713903
MA,MA(12),1,5,20,24,24.386438778138906,-11.035927835437057
MA,MA(12),1,5,21,26,21.010613844150566,-6.066329159204507
MA,MA(12),1,5,22,36,14.691510503055818,-10.554947920841915
MA,MA(12),1,5,23,36,20.200754384309292,-1.741804381568055
VAR,VAR(5),1,5,0,24,16.33739961308063,-4.052820154371772
VAR,VAR(5),1,5,1,24,22.153547194872765,-10.083923671442454
VAR,VAR(5),1,5,2,24,16.799730187557724,12.046572466537095
VAR,VAR(5),1,5,3,24,20.363268696374945,-14.133398533020937
VAR,VAR(5),1,5,4,24,12.418527285810784,-1.605871264093211
VAR,VAR(5),1,5,5,24,13.064665256452562,0.6525023698974023
VAR,VAR(5),1,5,6,24,31.310071841766494,0.7745026224757359
VAR,VAR(5),1,5,7,24,22.369939386084347,1.6873811583333338
VAR,VAR(5),1,5,8,24,15.841912867979936,2.646245064174121
VAR,VAR(5),1,5,9,24,15.889299183851533,0.11091894187292393
VAR,VAR(5),1,5,10,24,8.118787315508527,0.5566690314865547
VAR,VAR(5),1,5,11,24,12.993405128387979,0.6160884567659957
VAR,VAR(5),1,5,12,24,16.618388064384572,-10.406207471096419
VAR,VAR(5),1,5,13,24,13.218282481189958,-3.7154295861068474
VAR,VAR(5),1,5,14,24,12.49422337742821,-0.8151248536234522
VAR,VAR(5),1,5,15,24,15.78329122556966,2.616567324771686
VAR,VAR(5),1,5,16,24,7.94209154823446,1.8792550001621873
VAR,VAR(5),1,5,17,24,13.70531449381932,1.042490957197085
VAR,VAR(5),1,5,18,24,11.208461955806897,-0.1115536947180219
VAR,VAR(5),1,5,19,24,13.997763054174378,3.8217454080837334
VAR,VAR(5),1,5,20,24,16.733427829543402,6.628658590709161
VAR,VAR(5),1,5,21,26,22.268993297320268,2.336685886163484
VAR,VAR(5),1,5,22,36,13.273252856082635,-3.4224193411446557
VAR,VAR(5),1,5,23,36,21.21567663942877,7.448338033204239
AR,AR(24),3,15,0,24,19.38729148830481,-7.044828805284585
AR,AR(24),3,15,1,24,27.508339414144036,-24.620476620717245
AR,AR(24),3,15,2,24,22.36785894487073,9.327315076023941
AR,AR(24),3,15,3,24,40.49729294357877,-35.50089923761829
AR,AR(24),3,15,4,24,22.57382615773967,-18.972273843713225
AR,AR(24),3,15,5,24,16.125030611893692,-11.582290111687428
AR,AR(24),3,15,6,24,37.353491746121264,-10.55218158806953
AR,AR(24),3,15,7,24,20.77895475880177,-10.684465803491372
AR,AR(24),3,15,8,24,12.829918878151396,-4.35068714766875
AR,AR(24),3,15,9,24,14.69905814391985,-7.622218461926855
AR,AR(24),3,15,10,24,12.997328721142129,-6.911580460686445
AR,AR(24),3,15,11,24,14.288566287465557,-7.713244441458318
AR,AR(24),3,15,12,24,32.466033917755745,-30.079527947154613
AR,AR(24),3,15,13,24,26.415897631061593,-25.175754461392213
AR,AR(24),3,15,14,24,27.531607000800964,-22.58245634792858
AR,AR(24),3,15,15,24,18.577886794942838,-10.701062584625442
AR,AR(24),3,15,16,24,15.699029572061047,-11.752220695324576
AR,AR(24),3,15,17,24,14.253062476427338,-10.451470433773506
AR,AR(24),3,15,18,24,16.52187060452417,-12.897700676939404
AR,AR(24),3,15,19,24,15.548528150336608,-8.63458676958931
AR,AR(24),3,15,20,24,26.828658209053426,5.711658794541321
AR,AR(24),3,15,21,24,21.518582726774664,3.457649257712523
AR,AR(24),3,15,22,36,18.12971531307262,-11.146830271344232
AR,AR(24),3,15,23,36,21.030786647397388,7.004525429310969
ARIMA,"ARIMA(6,1,12)",3,15,0,24,18.103588529689144,-1.3801031201850114
ARIMA,"ARIMA(6,1,12)",3,15,1,24,25.30462490746674,-20.453973472453345
ARIMA,"ARIMA(6,1,12)",3,15,2,24,25.511055089661063,15.52755733058842
ARIMA,"ARIMA(6,1,12)",3,15,3,24,36.006917659799186,-27.722892963468563
ARIMA,"ARIMA(6,1,12)",3,15,4,24,16.75343684908845,-10.87039905800979
ARIMA,"ARIMA(6,1,12)",3,15,5,24,14.237839140910229,1.4724658863875058
ARIMA,"ARIMA(6,1,12)",3,15,6,24,31.44294143737533,1.5429582319398902
ARIMA,"ARIMA(6,1,12)",3,15,7,24,17.829280764271175,1.5991106552528267
ARIMA,"ARIMA(6,1,12)",3,15,8,24,18.001785856378557,9.190229695222703
ARIMA,"ARIMA(6,1,12)",3,15,9,24,14.947669741599626,3.225214564258961
ARIMA,"ARIMA(6,1,12)",3,15,10,24,10.007180085561528,3.382595008171705
ARIMA,"ARIMA(6,1,12)",3,15,11,24,12.668656476917086,2.399259733215255
ARIMA,"ARIMA(6,1,12)",3,15,12,24,24.896158909034,-20.076009992639865
ARIMA,"ARIMA(6,1,12)",3,15,13,24,18.789863480752516,-13.32031451992455
ARIMA,"ARIMA(6,1,12)",3,15,14,24,16.177773822338516,-7.23439831163083
ARIMA,"ARIMA(6,1,12)",3,15,15,24,17.9010456352499,6.476869058857461
ARIMA,"ARIMA(6,1,12)",3,15,16,24,11.010477388713017,5.333565778896489
ARIMA,"ARIMA(6,1,12)",3,15,17,24,13.743279453276,5.460360887891655
ARIMA,"ARIMA(6,1,12)",3,15,18,24,13.121406524364309,1.3951507651121131
ARIMA,"ARIMA(6,1,12)",3,15,19,24,16.21265496295116,5.121159571826072
ARIMA,"ARIMA(6,1,12)",3,15,20,24,25.986639755377396,17.89791289530211
ARIMA,"ARIMA(6,1,12)",3,15,21,24,25.935017375502945,12.632316048193283
ARIMA,"ARIMA(6,1,12)",3,15,22,36,18.439291551745825,-6.832817877937739
ARIMA,"ARIMA(6,1,12)",3,15,23,36,23.319236630155018,11.879907218827684
ARMA,"ARMA(24,3)",3,15,0,24,19.127663833731372,-7.4622205566502435
ARMA,"ARMA(24,3)",3,15,1,24,27.930895417071817,-25.009441550312964
ARMA,"ARMA(24,3)",3,15,2,24,22.57055469864964,9.96381922229305
ARMA,"ARMA(24,3)",3,15,3,24,40.1627110087442,-35.00245986681802
ARMA,"ARMA(24,3)",3,15,4,24,23.294265110826586,-19.727339751683626
ARMA,"ARMA(24,3)",3,15,5,24,16.717391922796978,-10.536719710985755
ARMA,"ARMA(24,3)",3,15,6,24,37.03696957186413,-11.018775886232516
ARMA,"ARMA(24,3)",3,15,7,24,20.900823477221305,-11.286901058225961
ARMA,"ARMA(24,3)",3,15,8,24,13.584090474361249,-4.385765488243325
ARMA,"ARMA(24,3)",3,15,9,24,14.768624007349452,-8.692686170998313
ARMA,"ARMA(24,3)",3,15,10,24,13.211485708324515,-7.347366475846733
ARMA,"ARMA(24,3)",3,15,11,24,13.958356304752268,-7.654176873012204
ARMA,"ARMA(24,3)",3,15,12,24,32.486543722450605,-30.222492011946827
ARMA,"ARMA(24,3)",3,15,13,24,26.187178402689586,-25.190688017761946
ARMA,"ARMA(24,3)",3,15,14,24,27.18952936612932,-22.33417697705788
ARMA,"ARMA(24,3)",3,15,15,24,18.334882124435396,-10.746717277124038
ARMA,"ARMA(24,3)",3,15,16,24,16.457873898369954,-12.465836521183407
ARMA,"ARMA(24,3)",3,15,17,24,13.919685169316912,-10.918635060655982
ARMA,"ARMA(24,3)",3,15,18,24,17.007417127290026,-13.799007112762116
ARMA,"ARMA(24,3)",3,15,19,24,15.988865901645044,-9.109314673804292
ARMA,"ARMA(24,3)",3,15,20,24,26.732908580836025,5.168302030802532
ARMA,"ARMA(24,3)",3,15,21,24,21.142246148116136,2.6114532553129246
ARMA,"ARMA(24,3)",3,15,22,36,18.019563726104995,-11.69504717272071
ARMA,"ARMA(24,3)",3,15,23,36,20.977620569370774,7.1184819500270695
MA,MA(12),3,15,0,24,20.830448506389995,-13.600621719531109
MA,MA(12),3,15,1,24,33.73851188172287,-32.532485338197105
MA,MA(12),3,15,2,24,20.60453801449435,-8.762013103297445
MA,MA(12),3,15,3,24,45.23267770511217,-44.41395570564063
MA,MA(12),3,15,4,24,45.65158406732195,-45.55241594080842
MA,MA(12),3,15,5,24,39.71826432507727,-39.71826432507727
MA,MA(12),3,15,6,24,54.87066590289486,-37.15576334334733
MA,MA(12),3,15,7,24,41.65922853176733,-38.12599532098707
MA,MA(12),3,15,8,24,31.036208276155907,-30.67283606595644
MA,MA(12),3,15,9,24,30.183378001889324,-30.183378001889324
MA,MA(12),3,15,10,24,29.567828509453346,-27.264842814615427
MA,MA(12),3,15,11,24,28.304247683618634,-26.376498407340108
MA,MA(12),3,15,12,24,49.61639405925115,-48.679855699706074
MA,MA(12),3,15,13,24,54.80534879525154,-54.80534879525154
MA,MA(12),3,15,14,24,58.76501193269698,-58.73960514117746
MA,MA(12),3,15,15,24,48.96099442479461,-48.96099442479461
MA,MA(12),3,15,16,24,45.6623790838067,-45.6623790838067
MA,MA(12),3,15,17,24,43.14525204963298,-43.14525204963298
MA,MA(12),3,15,18,24,42.78512250441862,-42.78512250441862
MA,MA(12),3,15,19,24,38.23997999922108,-37.72682642072929
MA,MA(12),3,15,20,24,39.4200219853299,-20.406121498539992
MA,MA(12),3,15,21,24,24.49530536240536,-13.114474796144401
MA,MA(12),3,15,22,36,23.402565522128384,-19.358553391186646
MA,MA(12),3,15,23,36,18.258886170918856,-5.9266901215713395
VAR,VAR(5),3,15,0,24,19.693182475998743,-6.203143866112096
VAR,VAR(5),3,15,1,24,21.741206255031663,-15.25978413248006
VAR,VAR(5),3,15,2,24,24.622716402184437,17.240397738567033
VAR,VAR(5),3,15,3,24,33.69633739395241,-26.396882429156264
VAR,VAR(5),3,15,4,24,15.06469697725545,-4.715927286892498
VAR,VAR(5),3,15,5,24,16.284545630357663,3.256545753331205
VAR,VAR(5),3,15,6,24,35.49629309863781,0.5527105891011574
VAR,VAR(5),3,15,7,24,18.422199003630404,3.267543915468534
VAR,VAR(5),3,15,8,24,17.571559589942613,5.662513002295357
VAR,VAR(5),3,15,9,24,16.994854528207824,1.351075430280743
VAR,VAR(5),3,15,10,24,9.323341275314988,1.4010386771369565
VAR,VAR(5),3,15,11,24,13.88143568356655,0.5117928656896017
VAR,VAR(5),3,15,12,24,23.599733473048747,-18.084974592875845
VAR,VAR(5),3,15,13,24,16.29515367488266,-7.813204371646968
VAR,VAR(5),3,15,14,24,13.97185679495159,-2.6091874049673254
VAR,VAR(5),3,15,15,24,19.915323032756806,6.243065807409729
VAR,VAR(5),3,15,16,24,10.435136904626397,2.793569419138439
VAR,VAR(5),3,15,17,24,14.33802617085401,3.070160650221663
VAR,VAR(5),3,15,18,24,12.73823174729458,0.6492373392733578
VAR,VAR(5),3,15,19,24,14.930790663400321,3.849555087416862
VAR,VAR(5),3,15,20,24,23.19512700665609,14.301539892304213
VAR,VAR(5),3,15,21,24,25.554521713471537,5.972614982011892
VAR,VAR(5),3,15,22,36,17.90048856449718,-6.429416410375681
VAR,VAR(5),3,15,23,36,24.008645377149854,12.77713064541782
AR,AR(24),6,30,0,24,19.386191683024617,-5.58542825826649
AR,AR(24),6,30,1,24,36.558713013662796,-34.489081500227655
AR,AR(24),6,30,2,24,21.389235975000037,9.663247846613793
AR,AR(24),6,30,3,24,53.87634876155832,-48.0462464231433
AR,AR(24),6,30,4,24,28.275394751961876,-26.958321485444944
AR,AR(24),6,30,5,24,20.944538925220836,-19.707989066837772
AR,AR(24),6,30,6,24,37.51389861937422,-15.000816083789175
AR,AR(24),6,30,7,24,26.468911393611283,-19.600088313576883
AR,AR(24),6,30,8,24,13.087629914727046,-5.987323798292577
AR,AR(24),6,30,9,24,16.7648303498209,-9.021478116949657
AR,AR(24),6,30,10,24,15.857125897285993,-10.858451669201196
AR,AR(24),6,30,11,24,15.772703822224631,-10.806348691107997
AR,AR(24),6,30,12,24,45.18702721147606,-43.06500286244321
AR,AR(24),6,30,13,24,37.26636227510185,-36.330713271826056
AR,AR(24),6,30,14,24,36.199089277000006,-32.904950682793405
AR,AR(24),6,30,15,24,22.53528042967397,-15.800247976222671
AR,AR(24),6,30,16,24,20.49705699938817,-20.295237353101154
AR,AR(24),6,30,17,24,15.442572211871335,-13.717454481685936
AR,AR(24),6,30,18,24,20.80167554861016,-19.851830840657573
AR,AR(24),6,30,19,24,18.144596781321273,-12.055384643587312
AR,AR(24),6,30,20,24,32.5756269116039,4.734011216013335
AR,AR(24),6,30,21,24,26.105207973912,8.22616083795645
AR,AR(24),6,30,22,33,19.67302880914955,-18.088788870963775
AR,AR(24),6,30,23,36,21.155515720816506,6.74399750378811
ARIMA,"ARIMA(6,1,12)",6,30,0,24,18.261024915481052,2.777544077950937
ARIMA,"ARIMA(6,1,12)",6,30,1,24,32.32551110252732,-29.023773374327856
ARIMA,"ARIMA(6,1,12)",6,30,2,24,27.255907367699876,18.947501004982843
ARIMA,"ARIMA(6,1,12)",6,30,3,24,47.91940187991133,-36.87271668517355
ARIMA,"ARIMA(6,1,12)",6,30,4,24,20.335412793540996,-16.562881535787593
ARIMA,"ARIMA(6,1,12)",6,30,5,24,12.402982007718071,-0.26327841583165273
ARIMA,"ARIMA(6,1,12)",6,30,6,24,33.49222553289379,3.141095202871632
ARIMA,"ARIMA(6,1,12)",6,30,7,24,18.09029215476093,-1.8499653633045487
ARIMA,"ARIMA(6,1,12)",6,30,8,24,21.409686742930965,13.900170712921883
ARIMA,"ARIMA(6,1,12)",6,30,9,24,19.469031328061973,7.59309619834387
ARIMA,"ARIMA(6,1,12)",6,30,10,24,11.517140939999102,4.40306425414278
ARIMA,"ARIMA(6,1,12)",6,30,11,24,14.02262651734036,4.22834273153492
ARIMA,"ARIMA(6,1,12)",6,30,12,24,32.500001022479864,-29.31984332968426
ARIMA,"ARIMA(6,1,12)",6,30,13,24,23.372838678289515,-19.840557594484682
ARIMA,"ARIMA(6,1,12)",6,30,14,24,19.269021673909887,-10.545621263997795
ARIMA,"ARIMA(6,1,12)",6,30,15,24,15.320215213709199,9.966791250067347
ARIMA,"ARIMA(6,1,12)",6,30,16,24,11.929993959121852,4.801657451534749
ARIMA,"ARIMA(6,1,12)",6,30,17,24,13.911476473782397,9.76026095208004
ARIMA,"ARIMA(6,1,12)",6,30,18,24,12.101135532290614,1.3974882321825064
ARIMA,"ARIMA(6,1,12)",6,30,19,24,18.12564147441067,8.427371372164298
ARIMA,"ARIMA(6,1,12)",6,30,20,24,32.26587241898872,23.4948780586375
ARIMA,"ARIMA(6,1,12)",6,30,21,24,35.3324571151258,22.80323466809826
ARIMA,"ARIMA(6,1,12)",6,30,22,33,22.39579244070054,-11.143480575979614
ARIMA,"ARIMA(6,1,12)",6,30,23,36,24.2380741336711,14.164222064850513
ARMA,"ARMA(24,3)",6,30,0,24,19.311056867440154,-5.986371394088663
ARMA,"ARMA(24,3)",6,30,1,24,37.40651399238596,-35.40816724327802
ARMA,"ARMA(24,3)",6,30,2,24,21.58057236165614,10.399112992805339
ARMA,"ARMA(24,3)",6,30,3,24,53.95056743814561,-47.55547586047075
ARMA,"ARMA(24,3)",6,30,4,24,28.94342229243283,-28.14974207535776
ARMA,"ARMA(24,3)",6,30,5,24,20.272412357180674,-18.501072428312774
ARMA,"ARMA(24,3)",6,30,6,24,37.52629388541915,-15.603734236863078
ARMA,"ARMA(24,3)",6,30,7,24,27.241930618627457,-20.725098001712162
ARMA,"ARMA(24,3)",6,30,8,24,13.245354887495735,-6.232463170054468
ARMA,"ARMA(24,3)",6,30,9,24,17.211460794759795,-10.30594583696429
ARMA,"ARMA(24,3)",6,30,10,24,16.415978535966826,-11.65368356358633
ARMA,"ARMA(24,3)",6,30,11,24,15.870883979107395,-11.044778798591102
ARMA,"ARMA(24,3)",6,30,12,24,45.72397187977371,-43.688191084575436
ARMA,"ARMA(24,3)",6,30,13,24,37.512292436236386,-36.61685437352415
ARMA,"ARMA(24,3)",6,30,14,24,36.05295275256618,-32.70071582397898
ARMA,"ARMA(24,3)",6,30,15,24,22.52955535987241,-15.995499958318735
ARMA,"ARMA(24,3)",6,30,16,24,21.4723757987937,-21.368609393961012
ARMA,"ARMA(24,3)",6,30,17,24,15.82221114956384,-14.796801542838304
ARMA,"ARMA(24,3)",6,30,18,24,21.68900583633655,-21.249215678565097
ARMA,"ARMA(24,3)",6,30,19,24,18.751740024241503,-12.870258783173293
ARMA,"ARMA(24,3)",6,30,20,24,32.567645081699155,3.922009943381557
ARMA,"ARMA(24,3)",6,30,21,24,25.91253559240916,7.198919955760301
ARMA,"ARMA(24,3)",6,30,22,33,20.183392572145955,-19.101868009836547
ARMA,"ARMA(24,3)",6,30,23,36,20.93431305153023,6.914201493959938
MA,MA(12),6,30,0,24,24.399114005171512,-17.20678304250865
MA,MA(12),6,30,1,24,47.16738203813114,-46.55572249005699
MA,MA(12),6,30,2,24,20.378967453645643,-16.831614515851495
MA,MA(12),6,30,3,24,63.8651438418104,-63.21224467574284
MA,MA(12),6,30,4,24,66.78110486035264,-66.78110486035264
MA,MA(12),6,30,5,24,61.59081239088527,-61.59081239088527
MA,MA(12),6,30,6,24,68.59012682193585,-56.595771111750665
MA,MA(12),6,30,7,24,61.316837025970045,-61.11408984668978
MA,MA(12),6,30,8,24,47.726467371210994,-47.726467371210994
MA,MA(12),6,30,9,24,43.51508887078891,-43.51508887078891
MA,MA(12),6,30,10,24,42.98234361670994,-41.8577101438389
MA,MA(12),6,30,11,24,40.826733449536306,-40.31651535725827
MA,MA(12),6,30,12,24,72.35095201339169,-72.24802290884881
MA,MA(12),6,30,13,24,81.55370558778397,-81.55370558778397
MA,MA(12),6,30,14,24,86.98058715069527,-86.98058715069527
MA,MA(12),6,30,15,24,73.68932779439557,-73.68932779439557
MA,MA(12),6,30,16,24,72.92705949420824,-72.92705949420824
MA,MA(12),6,30,17,24,65.06808170496448,-65.06808170496448
MA,MA(12),6,30,18,24,65.81941485046337,-65.81941485046337
MA,MA(12),6,30,19,24,57.02431041638585,-57.02431041638585
MA,MA(12),6,30,20,24,50.81108844605551,-34.9501464478403
MA,MA(12),6,30,21,24,33.230847520439546,-18.695104786371534
MA,MA(12),6,30,22,33,34.02559500369913,-31.386304702523883
MA,MA(12),6,30,23,36,18.94409696371796,-12.418963899558339
VAR,VAR(5),6,30,0,24,21.54659972066859,-3.262556578438155
VAR,VAR(5),6,30,1,24,30.115118503452166,-25.42529620457117
VAR,VAR(5),6,30,2,24,28.255992025321493,23.615451073535805
VAR,VAR(5),6,30,3,24,47.32317526054218,-38.70744045501744
VAR,VAR(5),6,30,4,24,15.264103283933004,-6.8810381055905845
VAR,VAR(5),6,30,5,24,15.31467026783056,3.3992462080017267
VAR,VAR(5),6,30,6,24,38.30431046056255,0.8133801525859435
VAR,VAR(5),6,30,7,24,20.53273003325582,0.3573724220249262
VAR,VAR(5),6,30,8,24,21.707301559734546,10.803105389261408
VAR,VAR(5),6,30,9,24,20.850595958291766,4.503805244937289
VAR,VAR(5),6,30,10,24,9.63308534720308,2.7556369067953095
VAR,VAR(5),6,30,11,24,15.414601924831823,2.4328359849050867
VAR,VAR(5),6,30,12,24,31.738668582072496,-28.410824264405477
VAR,VAR(5),6,30,13,24,19.602407879345108,-13.084204395362272
VAR,VAR(5),6,30,14,24,15.983202986049577,-3.472182560995932
VAR,VAR(5),6,30,15,24,17.233126077448848,11.545047276184961
VAR,VAR(5),6,30,16,24,12.889214234836041,2.7275401108050787
VAR,VAR(5),6,30,17,24,12.980455240964542,6.080786589689389
VAR,VAR(5),6,30,18,24,12.34443052959798,-0.6277987010890158
VAR,VAR(5),6,30,19,24,16.47394308468632,6.362207014236984
VAR,VAR(5),6,30,20,24,28.124332335866498,19.51256640320986
VAR,VAR(5),6,30,21,24,34.63170391495604,13.68612810183263
VAR,VAR(5),6,30,22,33,19.03926289836222,-12.630599921745503
VAR,VAR(5),6,30,23,36,24.81228106697837,16.044389561678035
AR,AR(24),12,60,0,24,17.463390877911266,-0.746704116666887
AR,AR(24),12,60,1,24,46.97783765692381,-46.86217817702299
AR,AR(24),12,60,2,24,20.36260097231878,-1.8377764873811082
AR,AR(24),12,60,3,24,61.920317937616964,-49.33779654226557
AR,AR(24),12,60,4,24,52.39551845247193,-52.39551845247193
AR,AR(24),12,60,5,24,35.455272890542616,-34.124507875538185
AR,AR(24),12,60,6,24,38.27323928935554,-18.825615953297646
AR,AR(24),12,60,7,24,40.43561134765642,-38.15750407219245
AR,AR(24),12,60,8,24,14.806768154846466,-10.18948673425887
AR,AR(24),12,60,9,24,16.415873950994992,-14.105238016012212
AR,AR(24),12,60,10,24,24.353363303744583,-20.111071511119803
AR,AR(24),12,60,11,24,18.16781647103383,-15.959446431258732
AR,AR(24),12,60,12,24,56.629373701034524,-55.048116065267585
AR,AR(24),12,60,13,24,57.38157506492876,-57.38157506492876
AR,AR(24),12,60,14,24,57.700128009162306,-57.700128009162306
AR,AR(24),12,60,15,24,31.974628145976617,-30.167691350011278
AR,AR(24),12,60,16,24,32.38172114204804,-32.38172114204804
AR,AR(24),12,60,17,24,20.009019738010625,-19.884848183562024
AR,AR(24),12,60,18,24,31.404479966191595,-31.340348500306458
AR,AR(24),12,60,19,24,24.554766461502012,-20.21196720138794
AR,AR(24),12,60,20,24,41.62012257865677,0.511494832189401
AR,AR(24),12,60,21,24,24.52623528757764,15.364550684601715
AR,AR(24),12,60,22,27,24.005888203769356,-19.17330539442095
AR,AR(24),12,60,23,36,23.913531616997858,-1.0996477599329124
ARIMA,"ARIMA(6,1,12)",12,60,0,24,20.94457114615807,14.350746314394051
ARIMA,"ARIMA(6,1,12)",12,60,1,24,40.639538491531006,-39.007789028273436
ARIMA,"ARIMA(6,1,12)",12,60,2,24,28.41523302384144,10.80391456902572
ARIMA,"ARIMA(6,1,12)",12,60,3,24,52.49840501815259,-31.79661134056894
ARIMA,"ARIMA(6,1,12)",12,60,4,24,38.05133176412725,-38.05133176412725
ARIMA,"ARIMA(6,1,12)",12,60,5,24,12.202766879610339,-5.397286126340856
ARIMA,"ARIMA(6,1,12)",12,60,6,24,23.802710556026682,10.579700628567384
ARIMA,"ARIMA(6,1,12)",12,60,7,24,18.991129641379068,-10.353852462630925
ARIMA,"ARIMA(6,1,12)",12,60,8,24,24.674060381315876,20.754825265153404
ARIMA,"ARIMA(6,1,12)",12,60,9,24,19.640179378061635,14.072476940601483
ARIMA,"ARIMA(6,1,12)",12,60,10,24,17.062132598119522,3.740610479369627
ARIMA,"ARIMA(6,1,12)",12,60,11,24,12.7727082486747,7.527434134311513
ARIMA,"ARIMA(6,1,12)",12,60,12,24,36.95742088080478,-33.81434145564961
ARIMA,"ARIMA(6,1,12)",12,60,13,24,33.61052125733875,-33.51703484578407
ARIMA,"ARIMA(6,1,12)",12,60,14,24,29.247663788787765,-24.552656528860076
ARIMA,"ARIMA(6,1,12)",12,60,15,24,14.151927803580076,9.037184077646925
ARIMA,"ARIMA(6,1,12)",12,60,16,24,13.088976499329531,7.323922931672777
ARIMA,"ARIMA(6,1,12)",12,60,17,24,20.086595981231227,17.92211526883437
ARIMA,"ARIMA(6,1,12)",12,60,18,24,13.573531454906233,3.586588323926942
ARIMA,"ARIMA(6,1,12)",12,60,19,24,22.122703516665656,12.583386277987191
ARIMA,"ARIMA(6,1,12)",12,60,20,24,41.95705510444396,31.77848479750817
ARIMA,"ARIMA(6,1,12)",12,60,21,24,42.93976104632219,41.678370634751076
ARIMA,"ARIMA(6,1,12)",12,60,22,27,31.3725735870955,-4.301314699861865
ARIMA,"ARIMA(6,1,12)",12,60,23,36,29.635964613174345,9.530403046968438
ARMA,"ARMA(24,3)",12,60,0,24,17.73740348389913,-1.0264348256378086
ARMA,"ARMA(24,3)",12,60,1,24,48.23244233803373,-48.079110601528846
ARMA,"ARMA(24,3)",12,60,2,24,20.829428417484955,-1.204383619331145
ARMA,"ARMA(24,3)",12,60,3,24,61.54344794362691,-48.351931552128846
ARMA,"ARMA(24,3)",12,60,4,24,54.127128469333805,-54.127128469333805
ARMA,"ARMA(24,3)",12,60,5,24,33.63677286992651,-32.12512580200182
ARMA,"ARMA(24,3)",12,60,6,24,38.61230191937664,-19.693706766988647
ARMA,"ARMA(24,3)",12,60,7,24,41.66919640809808,-39.64149374220322
ARMA,"ARMA(24,3)",12,60,8,24,16.012252946032106,-10.872976334983575
ARMA,"ARMA(24,3)",12,60,9,24,17.212707457801788,-15.505960539310747
ARMA,"ARMA(24,3)",12,60,10,24,25.340375906861556,-21.57959256689343
ARMA,"ARMA(24,3)",12,60,11,24,18.257033456032946,-16.549203588722847
ARMA,"ARMA(24,3)",12,60,12,24,57.316014627433056,-55.870836683397094
ARMA,"ARMA(24,3)",12,60,13,24,57.930361848963436,-57.930361848963436
ARMA,"ARMA(24,3)",12,60,14,24,57.05732815937021,-57.05732815937021
ARMA,"ARMA(24,3)",12,60,15,24,31.985864741540475,-30.470084981849997
ARMA,"ARMA(24,3)",12,60,16,24,33.86579980064243,-33.86579980064243
ARMA,"ARMA(24,3)",12,60,17,24,21.7076958391041,-21.7076958391041
ARMA,"ARMA(24,3)",12,60,18,24,33.177729991122426,-33.177729991122426
ARMA,"ARMA(24,3)",12,60,19,24,25.885076272448746,-21.664544297861084
ARMA,"ARMA(24,3)",12,60,20,24,41.3891450659929,-0.6464053716911301
ARMA,"ARMA(24,3)",12,60,21,24,23.92926263069548,13.70118030580695
ARMA,"ARMA(24,3)",12,60,22,27,24.916970258668965,-20.942761151823188
ARMA,"ARMA(24,3)",12,60,23,36,23.62373829859497,-1.3297426133991914
MA,MA(12),12,60,0,24,25.252612026274484,-21.764032681745483
MA,MA(12),12,60,1,24,60.75602077491975,-60.75602077491975
MA,MA(12),12,60,2,24,33.80814310592733,-33.80814310592733
MA,MA(12),12,60,3,24,77.14865576837413,-76.86960618468473
MA,MA(12),12,60,4,24,95.30641233429019,-95.30641233429019
MA,MA(12),12,60,5,24,91.30631112097657,-91.30631112097657
MA,MA(12),12,60,6,24,86.3745406846462,-79.76214582324236
MA,MA(12),12,60,7,24,92.7645451535536,-92.7645451535536
MA,MA(12),12,60,8,24,71.33685565654172,-71.33685565654172
MA,MA(12),12,60,9,24,64.44520381069084,-64.44520381069084
MA,MA(12),12,60,10,24,63.99533291484442,-63.99533291484442
MA,MA(12),12,60,11,24,59.21952114141977,-59.21952114141977
MA,MA(12),12,60,12,24,95.16226790098978,-95.16226790098978
MA,MA(12),12,60,13,24,113.6754914958715,-113.6754914958715
MA,MA(12),12,60,14,24,127.20088478540798,-127.20088478540798
MA,MA(12),12,60,15,24,111.44987330779648,-111.44987330779648
MA,MA(12),12,60,16,24,108.32269487695308,-108.32269487695308
MA,MA(12),12,60,17,24,94.4543935857184,-94.4543935857184
MA,MA(12),12,60,18,24,95.7562485712922,-95.7562485712922
MA,MA(12),12,60,19,24,83.99912350457356,-83.99912350457356
MA,MA(12),12,60,20,24,68.38019112180312,-57.35913005133778
MA,MA(12),12,60,21,24,44.43940242171799,-28.55487849623352
MA,MA(12),12,60,22,27,44.33913607790953,-42.049983850183644
MA,MA(12),12,60,23,36,27.98513629130321,-25.338225209863424
VAR,VAR(5),12,60,0,24,22.336432145174065,9.02158817890751
VAR,VAR(5),12,60,1,24,44.13044408626713,-42.459042218725386
VAR,VAR(5),12,60,2,24,35.12394306160226,19.257935361767146
VAR,VAR(5),12,60,3,24,57.48125119028068,-34.079957490408525
VAR,VAR(5),12,60,4,24,29.708252780717743,-29.708252780717743
VAR,VAR(5),12,60,5,24,12.802746988879887,2.7535206006795274
VAR,VAR(5),12,60,6,24,22.886876811519357,11.875112091502691
VAR,VAR(5),12,60,7,24,23.913747175362527,-12.717574024016248
VAR,VAR(5),12,60,8,24,25.9281596701833,22.371839476209153
VAR,VAR(5),12,60,9,24,16.403322538771206,8.593377111493522
VAR,VAR(5),12,60,10,24,16.64655625083975,-0.7649496597673607
VAR,VAR(5),12,60,11,24,12.527976155602296,5.042038641682753
VAR,VAR(5),12,60,12,24,38.80299926889277,-36.000437171425105
VAR,VAR(5),12,60,13,24,26.539469490278965,-26.204077646361533
VAR,VAR(5),12,60,14,24,23.629264511481953,-16.494738321063846
VAR,VAR(5),12,60,15,24,17.795216656934656,14.636006172944343
VAR,VAR(5),12,60,16,24,14.431234861253918,4.603573662127428
VAR,VAR(5),12,60,17,24,17.840861084476344,15.48753124879122
VAR,VAR(5),12,60,18,24,12.068154491625295,-1.3616526234850188
VAR,VAR(5),12,60,19,24,23.288973400312454,11.170563624964734
VAR,VAR(5),12,60,20,24,37.94557216130129,28.98492000386
VAR,VAR(5),12,60,21,24,40.03584423598475,33.241344331165955
VAR,VAR(5),12,60,22,27,31.167340297093745,-12.100725528426109
VAR,VAR(5),12,60,23,36,30.980736278842297,11.863642584746179
