family,config,aic,bic,n_params,converged,finite_params,stable,min_abs_root,attempts,warnings,attempt_details,training_time_sec,inference_time_sec,total_time_sec,status,coverage_note,var_scaler,score,descriptive_rank,used_for_selection
VAR,VAR(5),-0.7225521129915186,-0.5423332149976279,48,True,True,True,1.3289869917549615,1,"ValueWarning: No frequency information was provided, so inferred frequency 5min will be used.",[],0.007875800001784228,0.5283532979956362,0.5558133980011917,PASS,,"{'representation': 'first_differences', 'fit_scope': 'june_training_only', 'ddof': 0, 'columns': ['bitrate_bps', 'packet_rate_pps', 'flow_rate_fps'], 'mean': {'bitrate_bps': 5112.698472519609, 'packet_rate_pps': 0.7455484177967904, 'flow_rate_fps': -0.10237687366167011}, 'std': {'bitrate_bps': 36318349.654316984, 'packet_rate_pps': 16360.850964202242, 'flow_rate_fps': 64.5491592552308}, 'n_transformed_train': 1401}",0.9285899168179156,1,False
ARIMA,"ARIMA(6,1,12)",52461.87251841024,52561.52640779064,19,True,True,True,,2,"DeprecationWarning: Setting the shape on a NumPy array has been deprecated in NumPy 2.5.
As an alternative, you can create a new view using np.reshape (with copy=False if needed). | ConvergenceWarning: Maximum Likelihood optimization failed to converge. Check mle_retvals | DeprecationWarning: Setting the shape on a NumPy array has been deprecated in NumPy 2.5.
As an alternative, you can create a new view using np.reshape (with copy=False if needed).","[{'maxiter': None, 'warnings': ['DeprecationWarning: Setting the shape on a NumPy array has been deprecated in NumPy 2.5.\nAs an alternative, you can create a new view using np.reshape (with copy=False if needed).', 'ConvergenceWarning: Maximum Likelihood optimization failed to converge. Check mle_retvals'], 'exception': None, 'converged': False, 'finite_params': True, 'elapsed_sec': 17.579504909001116}, {'maxiter': 1000, 'warnings': ['DeprecationWarning: Setting the shape on a NumPy array has been deprecated in NumPy 2.5.\nAs an alternative, you can create a new view using np.reshape (with copy=False if needed).'], 'exception': None, 'converged': True, 'finite_params': True, 'elapsed_sec': 96.03713508999499}]",113.6166399989961,56.444875916000456,170.09010601400223,PASS,,,0.9369743720447492,2,False
AR,AR(24),51605.66170613422,51741.599805875136,25,True,True,True,,1,,[],0.04836529600288486,0.42988926399993943,0.49292385899752844,PASS,,,1.0657416343940076,3,False
ARMA,"ARMA(24,3)",52487.6740401033,52639.79803706354,29,True,True,True,,2,"DeprecationWarning: Setting the shape on a NumPy array has been deprecated in NumPy 2.5.
As an alternative, you can create a new view using np.reshape (with copy=False if needed). | ConvergenceWarning: Maximum Likelihood optimization failed to converge. Check mle_retvals | DeprecationWarning: Setting the shape on a NumPy array has been deprecated in NumPy 2.5.
As an alternative, you can create a new view using np.reshape (with copy=False if needed).","[{'maxiter': None, 'warnings': ['DeprecationWarning: Setting the shape on a NumPy array has been deprecated in NumPy 2.5.\nAs an alternative, you can create a new view using np.reshape (with copy=False if needed).', 'ConvergenceWarning: Maximum Likelihood optimization failed to converge. Check mle_retvals'], 'exception': None, 'converged': False, 'finite_params': True, 'elapsed_sec': 58.43488072299806}, {'maxiter': 1000, 'warnings': ['DeprecationWarning: Setting the shape on a NumPy array has been deprecated in NumPy 2.5.\nAs an alternative, you can create a new view using np.reshape (with copy=False if needed).'], 'exception': None, 'converged': True, 'finite_params': True, 'elapsed_sec': 77.8039939559967}]",136.23887467899476,105.90800492899871,242.1670415070039,PASS,,,1.0750152633491297,4,False
MA,MA(12),52779.55551527179,52852.99468621812,14,True,True,True,,1,"DeprecationWarning: Setting the shape on a NumPy array has been deprecated in NumPy 2.5.
As an alternative, you can create a new view using np.reshape (with copy=False if needed).","[{'maxiter': None, 'warnings': ['DeprecationWarning: Setting the shape on a NumPy array has been deprecated in NumPy 2.5.\nAs an alternative, you can create a new view using np.reshape (with copy=False if needed).'], 'exception': None, 'converged': True, 'finite_params': True, 'elapsed_sec': 2.2692148009955417}]",2.2692148009955417,54.49037239899917,56.78110020299937,PASS,,,2.003314547230996,5,False
