family,config,horizon_steps,horizon_minutes,lag_steps,lag_minutes,residual_autocorrelation
AR,AR(24),1,5,1,5,-0.0894780955414839
AR,AR(24),1,5,3,15,0.0039040658092284425
AR,AR(24),1,5,6,30,-0.020916550620752504
AR,AR(24),1,5,12,60,0.013356201143498241
AR,AR(24),1,5,24,120,0.03680039058279216
AR,AR(24),3,15,1,5,0.41673482094983455
AR,AR(24),3,15,3,15,0.02646005453217439
AR,AR(24),3,15,6,30,0.012289622253448602
AR,AR(24),3,15,12,60,0.036352072281925676
AR,AR(24),3,15,24,120,0.05055449072358125
AR,AR(24),6,30,1,5,0.5295550089530843
AR,AR(24),6,30,3,15,0.34981067207483285
AR,AR(24),6,30,6,30,0.023458309386129708
AR,AR(24),6,30,12,60,0.015037978946587394
AR,AR(24),6,30,24,120,0.04482289155551478
AR,AR(24),12,60,1,5,0.6443357504389403
AR,AR(24),12,60,3,15,0.5231229498589646
AR,AR(24),12,60,6,30,0.3746738449358937
AR,AR(24),12,60,12,60,0.04757377956262706
AR,AR(24),12,60,24,120,0.049153682181713794
ARIMA,"ARIMA(6,1,12)",1,5,1,5,-0.10234141820715555
ARIMA,"ARIMA(6,1,12)",1,5,3,15,0.01091244038468748
ARIMA,"ARIMA(6,1,12)",1,5,6,30,-0.010039052035340595
ARIMA,"ARIMA(6,1,12)",1,5,12,60,0.05400979003204885
ARIMA,"ARIMA(6,1,12)",1,5,24,120,0.042453745771556396
ARIMA,"ARIMA(6,1,12)",3,15,1,5,0.42747238648248737
ARIMA,"ARIMA(6,1,12)",3,15,3,15,0.02745905200694741
ARIMA,"ARIMA(6,1,12)",3,15,6,30,0.014625045082711844
ARIMA,"ARIMA(6,1,12)",3,15,12,60,0.08060694063896942
ARIMA,"ARIMA(6,1,12)",3,15,24,120,0.060638559069421186
ARIMA,"ARIMA(6,1,12)",6,30,1,5,0.5505964745561777
ARIMA,"ARIMA(6,1,12)",6,30,3,15,0.3679256052487247
ARIMA,"ARIMA(6,1,12)",6,30,6,30,0.026666663217704285
ARIMA,"ARIMA(6,1,12)",6,30,12,60,0.05952700441560964
ARIMA,"ARIMA(6,1,12)",6,30,24,120,0.032829729033962196
ARIMA,"ARIMA(6,1,12)",12,60,1,5,0.6799265846025112
ARIMA,"ARIMA(6,1,12)",12,60,3,15,0.5659430200701214
ARIMA,"ARIMA(6,1,12)",12,60,6,30,0.4180209940518057
ARIMA,"ARIMA(6,1,12)",12,60,12,60,0.04748679923466006
ARIMA,"ARIMA(6,1,12)",12,60,24,120,-0.004203499226330398
ARMA,"ARMA(24,3)",1,5,1,5,-0.09756477284021713
ARMA,"ARMA(24,3)",1,5,3,15,-0.00038733826930204934
ARMA,"ARMA(24,3)",1,5,6,30,-0.018732200017376646
ARMA,"ARMA(24,3)",1,5,12,60,0.01117847034102175
ARMA,"ARMA(24,3)",1,5,24,120,0.03495599170959005
ARMA,"ARMA(24,3)",3,15,1,5,0.4094630115631387
ARMA,"ARMA(24,3)",3,15,3,15,0.022493721216856825
ARMA,"ARMA(24,3)",3,15,6,30,0.010588020316296876
ARMA,"ARMA(24,3)",3,15,12,60,0.028661217697496418
ARMA,"ARMA(24,3)",3,15,24,120,0.03198127532102148
ARMA,"ARMA(24,3)",6,30,1,5,0.5271069481544621
ARMA,"ARMA(24,3)",6,30,3,15,0.35103149284640073
ARMA,"ARMA(24,3)",6,30,6,30,0.020633610739595902
ARMA,"ARMA(24,3)",6,30,12,60,0.007065068335474402
ARMA,"ARMA(24,3)",6,30,24,120,0.030820003559027902
ARMA,"ARMA(24,3)",12,60,1,5,0.6416546094195037
ARMA,"ARMA(24,3)",12,60,3,15,0.5223362647445902
ARMA,"ARMA(24,3)",12,60,6,30,0.3693738165567069
ARMA,"ARMA(24,3)",12,60,12,60,0.026047297984655823
ARMA,"ARMA(24,3)",12,60,24,120,0.03150391520171804
MA,MA(12),1,5,1,5,-0.0708533121719783
MA,MA(12),1,5,3,15,0.03606585920509015
MA,MA(12),1,5,6,30,0.023155522391674493
MA,MA(12),1,5,12,60,0.09916839155151752
MA,MA(12),1,5,24,120,0.091260579968459
MA,MA(12),3,15,1,5,0.48747705771138305
MA,MA(12),3,15,3,15,0.10268201881899443
MA,MA(12),3,15,6,30,0.14397241951302814
MA,MA(12),3,15,12,60,0.28864381552082674
MA,MA(12),3,15,24,120,0.19512391376414212
MA,MA(12),6,30,1,5,0.6342628106806247
MA,MA(12),6,30,3,15,0.48862073687033897
MA,MA(12),6,30,6,30,0.23181841080731674
MA,MA(12),6,30,12,60,0.39491319748611575
MA,MA(12),6,30,24,120,0.24407681431880054
MA,MA(12),12,60,1,5,0.7550941540652782
MA,MA(12),12,60,3,15,0.6874914051093187
MA,MA(12),12,60,6,30,0.6150885420874692
MA,MA(12),12,60,12,60,0.4860974228513197
MA,MA(12),12,60,24,120,0.3209011758633592
VAR,VAR(5),1,5,1,5,-0.10026853318807342
VAR,VAR(5),1,5,3,15,-0.011738772262250839
VAR,VAR(5),1,5,6,30,-0.10350174141489372
VAR,VAR(5),1,5,12,60,0.044340540873663216
VAR,VAR(5),1,5,24,120,0.038943968715824506
VAR,VAR(5),3,15,1,5,0.41527540557079584
VAR,VAR(5),3,15,3,15,-0.03891405458389073
VAR,VAR(5),3,15,6,30,-0.1250763780362884
VAR,VAR(5),3,15,12,60,0.07789585940136287
VAR,VAR(5),3,15,24,120,0.07945083220369852
VAR,VAR(5),6,30,1,5,0.5163463892638115
VAR,VAR(5),6,30,3,15,0.2968445414423198
VAR,VAR(5),6,30,6,30,-0.15857602515121827
VAR,VAR(5),6,30,12,60,0.009757135667991862
VAR,VAR(5),6,30,24,120,0.030183342932102022
VAR,VAR(5),12,60,1,5,0.6604747019839259
VAR,VAR(5),12,60,3,15,0.521278602547367
VAR,VAR(5),12,60,6,30,0.32699271070241526
VAR,VAR(5),12,60,12,60,-0.13658027395951858
VAR,VAR(5),12,60,24,120,-0.048327114866749815
