family,config,horizon_steps,horizon_minutes,n,mean_mbps,std_mbps,q05_mbps,q25_mbps,median_mbps,q75_mbps,q95_mbps,skewness,excess_kurtosis
AR,AR(24),1,5,602,-5.74077223873917,23.107128704549535,-41.29880132906187,-17.31114805216796,-5.976166248428642,5.331757831618745,32.944257619937886,0.17652586254159847,5.072724895300513
ARIMA,"ARIMA(6,1,12)",1,5,602,-0.04126337899822492,23.388826999318155,-38.351151394194154,-11.57840061097496,0.03452411699180305,11.440917492720462,37.86939079679054,0.1568708571202398,5.206220325918603
ARMA,"ARMA(24,3)",1,5,602,-5.875456452538374,23.08661414847008,-42.369161939478765,-17.694876304499452,-6.11442292333936,5.445314757291101,31.105228350907087,0.15460403603640102,4.9286270017823135
MA,MA(12),1,5,602,-16.695105155565837,24.138782798572056,-52.792395191720814,-29.333905544965056,-17.700391399816365,-4.721771760499612,23.481056373805707,0.28917366181578275,4.338168693409949
VAR,VAR(5),1,5,602,-0.05080840217566578,23.48398803741282,-37.257508911114066,-11.018430997989803,-0.5741399306947141,11.867812472192234,37.438628266293094,0.10437665099806336,5.587693007883831
AR,AR(24),3,15,600,-10.621870422952872,25.86877163238392,-50.40422884547793,-25.480345810860904,-11.665460521078334,3.9783104479101783,31.096646743208964,0.33225979878450174,2.8317902597277875
ARIMA,"ARIMA(6,1,12)",3,15,600,-0.03322925263442367,26.380990667781642,-42.12202762900228,-14.516148104066733,0.125450680825457,14.570557096404759,41.3807513434496,0.23919370478275306,2.896615600727655
ARMA,"ARMA(24,3)",3,15,600,-10.881279774677523,25.773864809931162,-51.280779941447456,-25.737282778828632,-12.34816880909083,3.9252390289835857,30.993875916643223,0.3068783725263942,2.722812908457742
MA,MA(12),3,15,600,-33.05251663080106,28.395646995099856,-76.12688052659605,-50.81472979701509,-33.807960739052106,-17.03222006718281,15.442908232408406,0.40384089612877705,1.4992779537951604
VAR,VAR(5),3,15,600,-0.057526863276844156,26.580101152446325,-45.323558150142496,-12.545019403004666,-0.6352430778474882,14.041050518733813,40.70276574527655,0.14281970837005653,3.297882812397761
AR,AR(24),6,30,597,-15.767439761224699,28.736958200125777,-63.82686487732507,-31.860095730879486,-17.456461040050925,0.3036200637409389,28.939840450551408,0.3023007735283081,1.9698911562223054
ARIMA,"ARIMA(6,1,12)",6,30,597,-0.10902890813164097,29.723740183528243,-50.757654365055515,-16.93092336673726,0.16938711444613339,17.368894185731993,46.83288345581091,0.14905441743879883,1.7735148259621973
ARMA,"ARMA(24,3)",6,30,597,-16.274428246386034,28.7217829831374,-66.04140479362049,-33.006466214633555,-17.476355273482202,-0.12416193314900995,27.903217124744575,0.28566032721495666,1.865745147900101
MA,MA(12),6,30,597,-50.41384123152565,33.10237755694111,-97.41185904262639,-73.28961827210014,-52.566701013769595,-30.304772957238644,8.898027946650014,0.4108983088850088,0.5735564657825085
VAR,VAR(5),6,30,597,-0.18398886180288096,30.02099544379549,-52.44906338202365,-15.083178340078264,0.3369551206739843,16.53578644332999,46.81096836024338,-0.01954226679277706,1.8511234674464503
AR,AR(24),12,60,591,-24.938584145299192,32.616926569549804,-75.32145179300286,-45.78788231026972,-26.686965203842938,-4.95269608298634,26.586099037286026,0.503820589194942,1.306248861446246
ARIMA,"ARIMA(6,1,12)",12,60,591,-0.052569233517826275,34.54347553299443,-59.00270503445152,-21.113162915639556,0.9967173004288972,20.73214050509423,49.417269764405404,0.24050383388695964,1.0967328338199733
ARMA,"ARMA(24,3)",12,60,591,-25.705659910382117,32.56015040939865,-75.4580942922733,-46.45988706533449,-27.773710444375457,-6.140060035331786,25.73761289623411,0.49869452366410566,1.243288596069081
MA,MA(12),12,60,591,-73.6074187583863,39.10016755237631,-129.47865285581403,-100.74437468623944,-80.24968183356273,-47.681429496993076,-7.975753227294952,0.5621848935520091,0.05689332702254557
VAR,VAR(5),12,60,591,-0.3479871582633447,34.858451059340844,-62.18698384571675,-18.846963905053876,-0.37173188423985243,21.503131248477132,54.604242029694404,0.10024149699153792,0.9008721440049401
