family,config,horizon_steps,horizon_minutes,traffic_level,n,mean_target_mbps,mae_mbps,mean_residual_mbps,underprediction_pct,p95_abs_error_mbps
AR,AR(24),1,5,Q1_low,151,102.15847102604857,21.71735063074281,-21.0969165593671,5.960264900662252,61.936728426851374
AR,AR(24),1,5,Q2_mid_low,150,129.42573766755558,15.153387107983065,-10.528965046557637,23.333333333333332,43.00466016573841
AR,AR(24),1,5,Q3_mid_high,150,156.66480301208887,13.052200470187953,-1.020293657745611,47.333333333333336,38.86563835563514
AR,AR(24),1,5,Q4_high,151,202.52375790233995,17.465965953942845,9.68263787012542,64.90066225165563,48.96744443350837
ARIMA,"ARIMA(6,1,12)",1,5,Q1_low,151,102.15847102604857,16.376348117330885,-13.334447151922141,19.205298013245034,59.34276268518184
ARIMA,"ARIMA(6,1,12)",1,5,Q2_mid_low,150,129.42573766755558,13.557674840635453,-4.211827517597385,41.333333333333336,42.20246656919989
ARIMA,"ARIMA(6,1,12)",1,5,Q3_mid_high,150,156.66480301208887,15.273281149943635,4.660171653379718,72.0,42.90825688296457
ARIMA,"ARIMA(6,1,12)",1,5,Q4_high,151,202.52375790233995,19.5658305126156,12.724565201430213,68.21192052980133,55.786606008980094
ARMA,"ARMA(24,3)",1,5,Q1_low,151,102.15847102604857,21.876474629132378,-21.146598444704388,5.960264900662252,63.161539518789766
ARMA,"ARMA(24,3)",1,5,Q2_mid_low,150,129.42573766755558,15.281809561489842,-10.762891118783742,22.0,44.332402757583075
ARMA,"ARMA(24,3)",1,5,Q3_mid_high,150,156.66480301208887,13.01419925799545,-1.001888965477488,48.66666666666667,39.6941589532095
ARMA,"ARMA(24,3)",1,5,Q4_high,151,202.52375790233995,17.484738408699915,9.40946088318839,63.576158940397356,49.400266434762415
MA,MA(12),1,5,Q1_low,151,102.15847102604857,36.11580756448424,-36.025507562666625,0.6622516556291391,76.62715084556386
MA,MA(12),1,5,Q2_mid_low,150,129.42573766755558,23.877346261219042,-22.98147100465281,4.0,49.32908390159148
MA,MA(12),1,5,Q3_mid_high,150,156.66480301208887,16.335737059865462,-11.60864501165788,18.666666666666668,37.482914067049336
MA,MA(12),1,5,Q4_high,151,202.52375790233995,15.959779547614675,3.827256561315416,49.668874172185426,41.317328522983864
VAR,VAR(5),1,5,Q1_low,151,102.15847102604857,15.789637522540298,-12.406255064314426,22.516556291390728,59.99072314314546
VAR,VAR(5),1,5,Q2_mid_low,150,129.42573766755558,13.588512415175085,-3.992882976436677,38.0,41.35515600186011
VAR,VAR(5),1,5,Q3_mid_high,150,156.66480301208887,15.621203909004157,4.103796317174934,60.0,44.76876105677461
VAR,VAR(5),1,5,Q4_high,151,202.52375790233995,19.599905461903074,12.09351559927807,71.52317880794702,50.75776764405814
AR,AR(24),3,15,Q1_low,150,102.0388887752889,30.852011105822314,-30.796815711416713,0.6666666666666667,67.58459065223188
AR,AR(24),3,15,Q2_mid_low,150,129.28989137102224,19.689993326857042,-17.590335336488703,15.333333333333332,61.40237762049848
AR,AR(24),3,15,Q3_mid_high,150,156.44015495004444,14.298831281931768,-4.9182926472801975,35.333333333333336,39.196280848402424
AR,AR(24),3,15,Q4_high,150,202.58013042577778,20.8405831846812,10.817962003374126,66.66666666666666,51.96256404232149
ARIMA,"ARIMA(6,1,12)",3,15,Q1_low,150,102.0388887752889,19.754213365473728,-16.99303129688524,18.0,58.76100435408316
ARIMA,"ARIMA(6,1,12)",3,15,Q2_mid_low,150,129.28989137102224,16.29590955335409,-5.8563155505662605,46.666666666666664,53.009505998615786
ARIMA,"ARIMA(6,1,12)",3,15,Q3_mid_high,150,156.44015495004444,16.857871169550336,5.886604206772267,64.0,44.127867594012166
ARIMA,"ARIMA(6,1,12)",3,15,Q4_high,150,202.58013042577778,25.048339690682504,16.82982563014154,72.0,61.23515034386088
ARMA,"ARMA(24,3)",3,15,Q1_low,150,102.0388887752889,30.96051763814429,-30.88243925122298,2.0,68.5912684941546
ARMA,"ARMA(24,3)",3,15,Q2_mid_low,150,129.28989137102224,20.060726933278588,-17.994517347956386,14.000000000000002,62.21817012071247
ARMA,"ARMA(24,3)",3,15,Q3_mid_high,150,156.44015495004444,14.317561751537031,-5.010099200057202,36.0,38.873770804881765
ARMA,"ARMA(24,3)",3,15,Q4_high,150,202.58013042577778,20.61427182426987,10.361936700526472,66.0,50.436433882656694
MA,MA(12),3,15,Q1_low,150,102.0388887752889,61.640269037955896,-61.640269037955896,0.0,91.50354181409682
MA,MA(12),3,15,Q2_mid_low,150,129.28989137102224,42.89261911705053,-42.89261911705053,0.0,78.08943082925947
MA,MA(12),3,15,Q3_mid_high,150,156.44015495004444,27.078771341534488,-26.426655296619384,6.0,47.97327332219726
MA,MA(12),3,15,Q4_high,150,202.58013042577778,17.15403156622355,-1.2505230715784184,42.66666666666667,39.82447493325619
VAR,VAR(5),3,15,Q1_low,150,102.0388887752889,18.939376477272287,-15.358094425034068,22.0,61.78238749255185
VAR,VAR(5),3,15,Q2_mid_low,150,129.28989137102224,16.361461304754954,-5.281114415119375,46.0,54.7551636605216
VAR,VAR(5),3,15,Q3_mid_high,150,156.44015495004444,16.84979443257406,5.067407390943225,57.99999999999999,46.01414924505994
VAR,VAR(5),3,15,Q4_high,150,202.58013042577778,24.750163050757717,15.341693996102842,69.33333333333334,58.167693325815044
AR,AR(24),6,30,Q1_low,150,102.0388887752889,39.697102190163406,-39.697102190163406,0.0,78.72780478685732
AR,AR(24),6,30,Q2_mid_low,149,129.21599246085012,25.765398722510085,-25.113419956578646,5.369127516778524,72.1100379691012
AR,AR(24),6,30,Q3_mid_high,149,156.09968329413869,15.210504195725004,-8.317865718561876,34.899328859060404,41.40636400864355
AR,AR(24),6,30,Q4_high,149,202.134825415302,22.056604716564703,10.21923058167317,62.41610738255034,58.35853818876923
ARIMA,"ARIMA(6,1,12)",6,30,Q1_low,150,102.0388887752889,22.37437708392896,-19.617318567925576,15.333333333333332,63.98659888923856
ARIMA,"ARIMA(6,1,12)",6,30,Q2_mid_low,149,129.21599246085012,17.995395354293183,-7.814765376622577,41.61073825503356,58.304090149700535
ARIMA,"ARIMA(6,1,12)",6,30,Q3_mid_high,149,156.09968329413869,20.487577427952715,7.625528359631093,71.14093959731544,45.870980235683305
ARIMA,"ARIMA(6,1,12)",6,30,Q4_high,149,202.134825415302,28.836441855642125,19.501368070912605,73.15436241610739,71.16574256352577
ARMA,"ARMA(24,3)",6,30,Q1_low,150,102.0388887752889,40.099487742676686,-40.099487742676686,0.0,79.36053484826093
ARMA,"ARMA(24,3)",6,30,Q2_mid_low,149,129.21599246085012,26.369664307169014,-25.81021922475733,5.369127516778524,71.94009323452214
ARMA,"ARMA(24,3)",6,30,Q3_mid_high,149,156.09968329413869,15.352840010710949,-8.795357637845772,31.543624161073826,42.14425825086843
ARMA,"ARMA(24,3)",6,30,Q4_high,149,202.134825415302,21.98905056443581,9.767251347898682,63.08724832214765,56.91340425019129
MA,MA(12),6,30,Q1_low,150,102.0388887752889,86.89350430711595,-86.89350430711595,0.0,117.32294427161033
MA,MA(12),6,30,Q2_mid_low,149,129.21599246085012,63.61938318231312,-63.61938318231312,0.0,86.18813803118697
MA,MA(12),6,30,Q3_mid_high,149,156.09968329413869,41.89697436259608,-41.89697436259608,0.0,60.85638677417758
MA,MA(12),6,30,Q4_high,149,202.134825415302,20.235980717821647,-9.000673120550005,30.201342281879196,43.41663980516511
VAR,VAR(5),6,30,Q1_low,150,102.0388887752889,21.6908079661071,-17.924257684572293,21.333333333333336,70.52491195799234
VAR,VAR(5),6,30,Q2_mid_low,149,129.21599246085012,17.978517210063167,-6.8377788877141406,44.966442953020135,64.99192543685386
VAR,VAR(5),6,30,Q3_mid_high,149,156.09968329413869,20.36324965219611,7.223687092083849,64.42953020134227,51.05019097390168
VAR,VAR(5),6,30,Q4_high,149,202.134825415302,28.357877837176517,16.92145623985528,71.14093959731544,65.28961531950343
AR,AR(24),12,60,Q1_low,148,101.79548822504505,53.48733634606019,-53.48733634606019,0.0,90.34286994813975
AR,AR(24),12,60,Q2_mid_low,148,128.87207701315316,38.56693326916805,-38.56693326916805,0.0,75.36117391003678
AR,AR(24),12,60,Q3_mid_high,147,155.2417423697052,19.72850166239751,-17.1446564513103,19.047619047619047,54.17800047431995
AR,AR(24),12,60,Q4_high,148,201.96756111117116,22.634840174997507,9.497251158949792,63.51351351351351,69.43768237148613
ARIMA,"ARIMA(6,1,12)",12,60,Q1_low,148,101.79548822504505,26.2565544644017,-22.347059034269453,18.243243243243242,69.5365018944333
ARIMA,"ARIMA(6,1,12)",12,60,Q2_mid_low,148,128.87207701315316,21.83385505447801,-11.588788862416177,38.513513513513516,63.16592146405852
ARIMA,"ARIMA(6,1,12)",12,60,Q3_mid_high,147,155.2417423697052,23.913972520133576,7.951032975735927,71.42857142857143,50.997234678410834
ARIMA,"ARIMA(6,1,12)",12,60,Q4_high,148,201.96756111117116,34.7267691264988,25.82861638018416,78.37837837837837,98.93921318029176
ARMA,"ARMA(24,3)",12,60,Q1_low,148,101.79548822504505,54.022472669357164,-54.022472669357164,0.0,91.07372514390022
ARMA,"ARMA(24,3)",12,60,Q2_mid_low,148,128.87207701315316,39.54450428159375,-39.54450428159375,0.0,75.7452703055874
ARMA,"ARMA(24,3)",12,60,Q3_mid_high,147,155.2417423697052,20.401983027702617,-17.982723967785276,16.3265306122449,53.238109666163766
ARMA,"ARMA(24,3)",12,60,Q4_high,148,201.96756111117116,22.534616055217395,8.77924327681988,61.48648648648649,67.64636392720308
MA,MA(12),12,60,Q1_low,148,101.79548822504505,117.90818432389054,-117.90818432389054,0.0,142.4804466776051
MA,MA(12),12,60,Q2_mid_low,148,128.87207701315316,91.42369559208281,-91.42369559208281,0.0,100.74813418326096
MA,MA(12),12,60,Q3_mid_high,147,155.2417423697052,65.4049154205478,-65.4049154205478,0.0,78.76056200975628
MA,MA(12),12,60,Q4_high,148,201.96756111117116,26.745231160512738,-19.63745737717381,15.54054054054054,46.51508249626516
VAR,VAR(5),12,60,Q1_low,148,101.79548822504505,24.255000522497053,-19.010187437699717,21.62162162162162,74.73717931176795
VAR,VAR(5),12,60,Q2_mid_low,148,128.87207701315316,22.0678295474548,-12.260582480089562,36.486486486486484,70.21932201636291
VAR,VAR(5),12,60,Q3_mid_high,147,155.2417423697052,24.23098942832534,6.760091464620238,66.66666666666666,52.93530579237912
VAR,VAR(5),12,60,Q4_high,148,201.96756111117116,35.63179442006066,23.166757378378392,71.62162162162163,84.36514001710464
