family,config,origin_timestamp,target_timestamp,horizon_steps,horizon_minutes,y_true,y_pred,persistence_pred,residual,abs_error
MA,MA(12),2016-06-18 03:45:00,2016-06-18 04:45:00,12,60,56988360.53333333,220628528.03504914,125381774.26666667,-163640167.5017158,163640167.5017158
MA,MA(12),2016-06-18 06:20:00,2016-06-18 07:20:00,12,60,60498357.81333333,221723871.8275095,152944825.17333335,-161225514.01417616,161225514.01417616
VAR,VAR(5),2016-06-18 06:00:00,2016-06-18 06:05:00,1,5,271266679.49333334,112351873.70536467,100852893.14666666,158914805.78796867,158914805.78796867
MA,MA(12),2016-06-19 00:55:00,2016-06-19 01:55:00,12,60,64508717.17333333,221731976.3139867,183714721.25333333,-157223259.14065337,157223259.14065337
MA,MA(12),2016-06-19 06:35:00,2016-06-19 07:35:00,12,60,62889981.84,219049345.74559206,117719814.26666667,-156159363.90559205,156159363.90559205
ARIMA,"ARIMA(6,1,12)",2016-06-18 06:00:00,2016-06-18 06:05:00,1,5,271266679.49333334,115217647.26551776,100852893.14666666,156049032.22781557,156049032.22781557
MA,MA(12),2016-06-18 04:15:00,2016-06-18 04:45:00,6,30,56988360.53333333,210817251.5710516,157533426.56,-153828891.03771827,153828891.03771827
MA,MA(12),2016-06-19 12:55:00,2016-06-19 13:55:00,12,60,71210596.74666667,220119952.13115188,127730838.88,-148909355.38448521,148909355.38448521
MA,MA(12),2016-06-19 13:00:00,2016-06-19 14:00:00,12,60,75157663.68,222486170.71914712,145931648.82666665,-147328507.0391471,147328507.0391471
AR,AR(24),2016-06-18 06:00:00,2016-06-18 06:05:00,1,5,271266679.49333334,124231883.28267306,100852893.14666666,147034796.21066028,147034796.21066028
VAR,VAR(5),2016-06-18 05:50:00,2016-06-18 06:05:00,3,15,271266679.49333334,125385736.00213128,120030182.85333334,145880943.49120206,145880943.49120206
ARMA,"ARMA(24,3)",2016-06-18 06:00:00,2016-06-18 06:05:00,1,5,271266679.49333334,126032379.741684,100852893.14666666,145234299.75164932,145234299.75164932
VAR,VAR(5),2016-06-18 05:05:00,2016-06-18 06:05:00,12,60,271266679.49333334,127646972.10896939,140751218.90666667,143619707.38436395,143619707.38436395
MA,MA(12),2016-06-18 13:50:00,2016-06-18 14:50:00,12,60,76372071.78666666,219614393.2604494,101833462.10666667,-143242321.47378275,143242321.47378275
MA,MA(12),2016-06-19 12:40:00,2016-06-19 13:40:00,12,60,77673734.53333333,220480939.5856387,134357086.61333334,-142807205.05230537,142807205.05230537
ARIMA,"ARIMA(6,1,12)",2016-06-18 05:35:00,2016-06-18 06:05:00,6,30,271266679.49333334,129125258.16670144,122039616.4,142141421.3266319,142141421.3266319
MA,MA(12),2016-06-19 11:30:00,2016-06-19 12:30:00,12,60,78905593.97333333,220779203.66935214,160032179.09333333,-141873609.69601882,141873609.69601882
VAR,VAR(5),2016-06-18 05:35:00,2016-06-18 06:05:00,6,30,271266679.49333334,129783704.98576504,122039616.4,141482974.5075683,141482974.5075683
ARIMA,"ARIMA(6,1,12)",2016-06-18 05:50:00,2016-06-18 06:05:00,3,15,271266679.49333334,129937678.62955196,120030182.85333334,141329000.8637814,141329000.8637814
ARIMA,"ARIMA(6,1,12)",2016-06-18 05:05:00,2016-06-18 06:05:00,12,60,271266679.49333334,129951324.95571569,140751218.90666667,141315354.53761765,141315354.53761765
