family,config,horizon_steps,horizon_minutes,low_q1_mae_mbps,low_q1_bias_mbps,high_q4_mae_mbps,high_q4_bias_mbps,extreme_mean_mae_mbps,middle_mean_mae_mbps,extreme_to_middle_mae_ratio,regression_to_mean_direction
AR,AR(24),1,5,21.71735063074281,-21.0969165593671,17.465965953942845,9.68263787012542,19.591658292342828,14.10279378908551,1.3892040531362857,True
ARIMA,"ARIMA(6,1,12)",1,5,16.376348117330885,-13.334447151922141,19.5658305126156,12.724565201430213,17.97108931497324,14.415477995289544,1.2466523358327446,True
ARMA,"ARMA(24,3)",1,5,21.876474629132378,-21.146598444704388,17.484738408699915,9.40946088318839,19.680606518916147,14.148004409742647,1.3910517659553188,True
MA,MA(12),1,5,36.11580756448424,-36.025507562666625,15.959779547614675,3.827256561315416,26.037793556049458,20.106541660542252,1.2949911524141864,True
VAR,VAR(5),1,5,15.789637522540298,-12.406255064314426,19.599905461903074,12.09351559927807,17.694771492221687,14.60485816208962,1.2115675000632784,True
AR,AR(24),3,15,30.852011105822314,-30.796815711416713,20.8405831846812,10.817962003374126,25.846297145251757,16.994412304394405,1.520870312094784,True
ARIMA,"ARIMA(6,1,12)",3,15,19.754213365473728,-16.99303129688524,25.048339690682504,16.82982563014154,22.401276528078114,16.576890361452215,1.3513557753974104,True
ARMA,"ARMA(24,3)",3,15,30.96051763814429,-30.88243925122298,20.61427182426987,10.361936700526472,25.78739473120708,17.189144342407808,1.5002139849152523,True
MA,MA(12),3,15,61.640269037955896,-61.640269037955896,17.15403156622355,-1.2505230715784184,39.39715030208973,34.98569522929251,1.1260931087373,False
VAR,VAR(5),3,15,18.939376477272287,-15.358094425034068,24.750163050757717,15.341693996102842,21.844769764015002,16.605627868664506,1.3155039927901173,True
AR,AR(24),6,30,39.697102190163406,-39.697102190163406,22.056604716564703,10.21923058167317,30.876853453364056,20.487951459117546,1.5070737313575213,True
ARIMA,"ARIMA(6,1,12)",6,30,22.37437708392896,-19.617318567925576,28.836441855642125,19.501368070912605,25.605409469785542,19.241486391122947,1.330739681400008,True
ARMA,"ARMA(24,3)",6,30,40.099487742676686,-40.099487742676686,21.98905056443581,9.767251347898682,31.04426915355625,20.861252158939983,1.4881306700591501,True
MA,MA(12),6,30,86.89350430711595,-86.89350430711595,20.235980717821647,-9.000673120550005,53.5647425124688,52.7581787724546,1.0152879375061996,False
VAR,VAR(5),6,30,21.6908079661071,-17.924257684572293,28.357877837176517,16.92145623985528,25.02434290164181,19.17088343112964,1.3053307111036592,True
AR,AR(24),12,60,53.48733634606019,-53.48733634606019,22.634840174997507,9.497251158949792,38.06108826052885,29.147717465782776,1.3057999586145879,True
ARIMA,"ARIMA(6,1,12)",12,60,26.2565544644017,-22.347059034269453,34.7267691264988,25.82861638018416,30.49166179545025,22.873913787305796,1.333032120299939,True
ARMA,"ARMA(24,3)",12,60,54.022472669357164,-54.022472669357164,22.534616055217395,8.77924327681988,38.27854436228728,29.973243654648186,1.2770904878808844,True
MA,MA(12),12,60,117.90818432389054,-117.90818432389054,26.745231160512738,-19.63745737717381,72.32670774220163,78.4143055063153,0.9223662350280794,False
VAR,VAR(5),12,60,24.255000522497053,-19.010187437699717,35.63179442006066,23.166757378378392,29.943397471278857,23.14940948789007,1.2934842889596325,True
