family,config,horizon_steps,horizon_minutes,n_predictions,expected_predictions,coverage,mae_bps,rmse_bps,smape_pct,mase,persistence_mae_bps,skill_vs_persistence,mean_bias_bps,underprediction_pct,p95_abs_error_bps
AR,AR(24),1,5,602,602,1.0,16856343.75583586,23809575.024886426,11.824198845162211,0.7184182981892838,17298749.50285714,0.025574435131753948,-5740772.23873917,35.38205980066445,49200447.83466823
AR,AR(24),3,15,600,600,1.0,21420354.724823084,27964575.395496923,14.870751400074791,0.9129366967667834,21283933.096266672,-0.006409606154059055,-10621870.422952872,29.5,55566535.37224003
AR,AR(24),6,30,597,597,1.0,25705877.665175345,32778421.60964475,17.638908358219087,1.09558592024344,23893209.758257955,-0.07586539963685279,-15767439.761224698,25.628140703517587,67409820.43132658
AR,AR(24),12,60,591,591,1.0,33627881.5453906,41058456.83918931,22.563618472766226,1.433222161430248,27877667.50258319,-0.20626596691687293,-24938584.145299193,20.642978003384094,78613182.39733857
MA,MA(12),1,5,602,602,1.0,23082020.186195374,29349742.267216574,16.14602465075725,0.9837569701434279,17298749.50285714,-0.33431726856227617,-16695105.15556584,18.272425249169437,55445397.642710134
MA,MA(12),3,15,600,600,1.0,37191422.76569111,43575011.461842485,24.76433374317982,1.5851004842800247,21283933.096266672,-0.7473942714194448,-33052516.630801056,12.166666666666668,77237269.35617946
MA,MA(12),6,30,597,597,1.0,53217963.228164636,60310221.253447205,33.29312460460586,2.2681525204563595,23893209.758257955,-1.2273258288276434,-50413841.23152566,7.537688442211055,97411859.04262637
MA,MA(12),12,60,591,591,1.0,75387368.87671821,83347916.58401752,43.52619692382259,3.2130138087999645,27877667.50258319,-1.70422082011462,-73607418.7583863,3.8917089678511,129478652.85581404
ARMA,"ARMA(24,3)",1,5,602,602,1.0,16923495.833281513,23822525.923293978,11.869413935442203,0.7212803234242449,17298749.50285714,0.021692531562102157,-5875456.452538373,35.04983388704319,49432470.06819082
ARMA,"ARMA(24,3)",3,15,600,600,1.0,21488269.536807444,27976675.22732846,14.918307560443239,0.9158312297897444,21283933.096266672,-0.009600501919291071,-10881279.774677522,29.5,55478967.685196646
ARMA,"ARMA(24,3)",6,30,597,597,1.0,25976457.01652689,33012086.15760611,17.800966272135692,1.1071180270833847,23893209.758257955,-0.08718992882690957,-16274428.24638603,24.958123953098827,67843970.2485475
ARMA,"ARMA(24,3)",12,60,591,591,1.0,34149115.51604939,41484266.247709975,22.866318792881472,1.4554371819342937,27877667.50258319,-0.2249631542124204,-25705659.910382114,19.4585448392555,79284122.28403082
ARIMA,"ARIMA(6,1,12)",1,5,602,602,1.0,16199189.986227212,23388863.398431323,11.286460105154994,0.6904103683766596,17298749.50285714,0.06356294808756668,-41263.37899822502,50.16611295681063,51319365.86159872
ARIMA,"ARIMA(6,1,12)",3,15,600,600,1.0,19489083.444765165,26381011.595403478,13.481674209818731,0.830625808565972,21283933.096266672,0.08432885234996035,-33229.25263442347,50.16666666666667,53799913.36157626
ARIMA,"ARIMA(6,1,12)",6,30,597,597,1.0,22423365.73473142,29723940.145961467,15.333287353085229,0.9556850811875738,23893209.758257955,0.06151722763068812,-109028.90813164116,50.25125628140703,61236097.754632935
ARIMA,"ARIMA(6,1,12)",12,60,591,591,1.0,26687472.75799603,34543515.533641,18.159058438191682,1.1374215570998039,27877667.50258319,0.04269348375278792,-52569.23351782631,51.60744500846024,66157285.252093054
VAR,VAR(5),1,5,602,602,1.0,16154947.573551223,23484043.000196543,11.212715041698777,0.6885247543145075,17298749.50285714,0.06612049784968577,-50808.402175665746,48.006644518272424,50185517.65676112
VAR,VAR(5),3,15,600,600,1.0,19225198.816339754,26580163.40458194,13.26757722964673,0.8193790311854348,21283933.096266672,0.09672715426304512,-57526.863276844524,48.833333333333336,56151745.786949255
VAR,VAR(5),6,30,597,597,1.0,22096931.750639867,30021559.24227882,15.087159446503778,0.941772446827527,23893209.758257955,0.07517943490188717,-183988.8618028808,50.41876046901172,63567887.52351014
VAR,VAR(5),12,60,591,591,1.0,26550321.26985732,34860187.970215775,17.906562217220312,1.1315761531302375,27877667.50258319,0.04761324571371961,-347987.15826334426,49.06937394247039,71971163.26303078
