model,horizon_steps,horizon_minutes,rank_worst,target_timestamp,traffic_level,y_true_bps,y_pred_bps,residual_bps,absolute_error_bps
LGB01,1,5,1,2016-06-18 06:05:00,Q4_high,271266679.49333334,151648304.29213634,119618375.201197,119618375.201197
LGB01,1,5,2,2016-06-19 01:55:00,Q1_low,64508717.17333333,165936313.60703796,-101427596.43370463,101427596.43370463
LGB01,1,5,3,2016-06-18 06:10:00,Q2_mid_low,135589233.17333335,229783683.17190167,-94194449.99856833,94194449.99856833
LGB01,1,5,4,2016-06-19 01:10:00,Q1_low,100166424.29333334,192154461.8713752,-91988037.57804187,91988037.57804187
LGB01,1,5,5,2016-06-19 06:05:00,Q4_high,252954248.53333333,163716960.22140697,89237288.31192636,89237288.31192636
LGB01,3,15,1,2016-06-19 12:30:00,Q1_low,78905593.97333333,187861222.09556934,-108955628.12223601,108955628.12223601
LGB01,3,15,2,2016-06-19 01:55:00,Q1_low,64508717.17333333,171759058.23847738,-107250341.06514405,107250341.06514405
LGB01,3,15,3,2016-06-18 14:50:00,Q1_low,76372071.78666666,183617856.4712507,-107245784.68458405,107245784.68458405
LGB01,3,15,4,2016-06-19 13:55:00,Q1_low,71210596.74666667,178298787.36579812,-107088190.61913145,107088190.61913145
LGB01,3,15,5,2016-06-18 06:05:00,Q4_high,271266679.49333334,165523080.23641065,105743599.25692269,105743599.25692269
LGB01,6,30,1,2016-06-19 18:05:00,Q1_low,89885915.68,220757729.17009,-130871813.49008998,130871813.49008998
LGB01,6,30,2,2016-06-19 13:40:00,Q1_low,77673734.53333333,205614533.00665185,-127940798.47331852,127940798.47331852
LGB01,6,30,3,2016-06-19 01:55:00,Q1_low,64508717.17333333,191514492.66609642,-127005775.49276309,127005775.49276309
LGB01,6,30,4,2016-06-19 12:30:00,Q1_low,78905593.97333333,205701508.41967058,-126795914.44633725,126795914.44633725
LGB01,6,30,5,2016-06-19 17:45:00,Q1_low,89485552.74666667,215921264.78438276,-126435712.03771609,126435712.03771609
LGB01,12,60,1,2016-06-19 13:55:00,Q1_low,71210596.74666667,216681913.46621832,-145471316.71955165,145471316.71955165
LGB01,12,60,2,2016-06-19 13:40:00,Q1_low,77673734.53333333,223113766.03567192,-145440031.5023386,145440031.5023386
LGB01,12,60,3,2016-06-18 14:50:00,Q1_low,76372071.78666666,220869271.84376487,-144497200.0570982,144497200.0570982
LGB01,12,60,4,2016-06-19 14:00:00,Q1_low,75157663.68,216077954.4991945,-140920290.8191945,140920290.8191945
LGB01,12,60,5,2016-06-19 17:45:00,Q1_low,89485552.74666667,230208452.37695095,-140722899.63028428,140722899.63028428
RF01,1,5,1,2016-06-18 06:05:00,Q4_high,271266679.49333334,145330019.37546664,125936660.1178667,125936660.1178667
RF01,1,5,2,2016-06-19 01:55:00,Q1_low,64508717.17333333,173124812.33386672,-108616095.16053338,108616095.16053338
RF01,1,5,3,2016-06-19 01:10:00,Q1_low,100166424.29333334,192092040.18246663,-91925615.88913329,91925615.88913329
RF01,1,5,4,2016-06-18 06:10:00,Q2_mid_low,135589233.17333335,226998725.01173332,-91409491.83839998,91409491.83839998
RF01,1,5,5,2016-06-19 06:05:00,Q4_high,252954248.53333333,167333525.91426677,85620722.61906657,85620722.61906657
RF01,3,15,1,2016-06-19 13:55:00,Q1_low,71210596.74666667,181477291.4870665,-110266694.74039984,110266694.74039984
RF01,3,15,2,2016-06-19 14:00:00,Q1_low,75157663.68,183454274.34613314,-108296610.66613314,108296610.66613314
RF01,3,15,3,2016-06-18 14:50:00,Q1_low,76372071.78666666,181720559.3613998,-105348487.57473314,105348487.57473314
RF01,3,15,4,2016-06-19 12:30:00,Q1_low,78905593.97333333,184139671.5194665,-105234077.54613316,105234077.54613316
RF01,3,15,5,2016-06-18 14:45:00,Q1_low,79377108.02666667,181905577.59579983,-102528469.56913316,102528469.56913316
RF01,6,30,1,2016-06-19 13:55:00,Q1_low,71210596.74666667,206067005.24660012,-134856408.49993345,134856408.49993345
RF01,6,30,2,2016-06-19 14:00:00,Q1_low,75157663.68,206835471.04513344,-131677807.36513343,131677807.36513343
RF01,6,30,3,2016-06-18 14:50:00,Q1_low,76372071.78666666,207660552.87840012,-131288481.09173346,131288481.09173346
RF01,6,30,4,2016-06-19 13:40:00,Q1_low,77673734.53333333,208386340.16053346,-130712605.62720013,130712605.62720013
RF01,6,30,5,2016-06-18 14:45:00,Q1_low,79377108.02666667,207817339.67706677,-128440231.6504001,128440231.6504001
RF01,12,60,1,2016-06-18 14:50:00,Q1_low,76372071.78666666,218684160.37206677,-142312088.5854001,142312088.5854001
RF01,12,60,2,2016-06-19 13:55:00,Q1_low,71210596.74666667,208397511.62153348,-137186914.8748668,137186914.8748668
RF01,12,60,3,2016-06-18 14:45:00,Q1_low,79377108.02666667,215569457.81653345,-136192349.78986678,136192349.78986678
RF01,12,60,4,2016-06-19 12:30:00,Q1_low,78905593.97333333,213823242.58033335,-134917648.60700002,134917648.60700002
RF01,12,60,5,2016-06-18 14:40:00,Q1_low,82378458.58666667,216424185.30980012,-134045726.72313344,134045726.72313344
XGB06,1,5,1,2016-06-19 01:55:00,Q1_low,64508717.17333333,168473392.0,-103964674.82666667,103964674.82666667
XGB06,1,5,2,2016-06-19 12:30:00,Q1_low,78905593.97333333,182519232.0,-103613638.02666667,103613638.02666667
XGB06,1,5,3,2016-06-18 06:10:00,Q2_mid_low,135589233.17333335,238550144.0,-102960910.82666665,102960910.82666665
XGB06,1,5,4,2016-06-19 13:55:00,Q1_low,71210596.74666667,173385424.0,-102174827.25333333,102174827.25333333
XGB06,1,5,5,2016-06-19 13:40:00,Q1_low,77673734.53333333,179010848.0,-101337113.46666667,101337113.46666667
XGB06,3,15,1,2016-06-19 12:30:00,Q1_low,78905593.97333333,225108864.0,-146203270.02666667,146203270.02666667
XGB06,3,15,2,2016-06-19 13:55:00,Q1_low,71210596.74666667,207868448.0,-136657851.25333333,136657851.25333333
XGB06,3,15,3,2016-06-19 14:00:00,Q1_low,75157663.68,206267168.0,-131109504.32,131109504.32
XGB06,3,15,4,2016-06-19 14:40:00,Q1_low,80253198.10666667,206935328.0,-126682129.89333333,126682129.89333333
XGB06,3,15,5,2016-06-19 14:10:00,Q1_low,81184955.06666666,207808352.0,-126623396.93333334,126623396.93333334
XGB06,6,30,1,2016-06-19 18:05:00,Q1_low,89885915.68,250899088.0,-161013172.32,161013172.32
XGB06,6,30,2,2016-06-19 17:45:00,Q1_low,89485552.74666667,242446368.0,-152960815.25333333,152960815.25333333
XGB06,6,30,3,2016-06-19 13:40:00,Q1_low,77673734.53333333,229418544.0,-151744809.46666667,151744809.46666667
XGB06,6,30,4,2016-06-19 12:30:00,Q1_low,78905593.97333333,226080768.0,-147175174.02666667,147175174.02666667
XGB06,6,30,5,2016-06-19 18:55:00,Q1_low,101127679.09333333,248225760.0,-147098080.90666667,147098080.90666667
XGB06,12,60,1,2016-06-19 18:05:00,Q1_low,89885915.68,230607232.0,-140721316.32,140721316.32
XGB06,12,60,2,2016-06-19 13:20:00,Q1_low,81700177.70666666,220585696.0,-138885518.29333335,138885518.29333335
XGB06,12,60,3,2016-06-19 17:45:00,Q1_low,89485552.74666667,227219872.0,-137734319.25333333,137734319.25333333
XGB06,12,60,4,2016-06-19 13:55:00,Q1_low,71210596.74666667,208190048.0,-136979451.25333333,136979451.25333333
XGB06,12,60,5,2016-06-18 14:50:00,Q1_low,76372071.78666666,210548736.0,-134176664.21333334,134176664.21333334
