model,horizon_steps,horizon_minutes,target_hour,n,mean_observed_bps,mean_predicted_bps,bias_bps,mae_bps,underprediction_pct
LGB01,1,5,0,24,200668843.03111112,205475144.19052485,-4806301.1594137335,15609448.940997088,50.0
LGB01,1,5,1,24,160903364.39444444,176013069.4697533,-15109705.07530886,24320109.515528113,29.166666666666668
LGB01,1,5,2,24,186449270.21777782,182650126.61719224,3799143.6005855575,14448480.179148788,58.333333333333336
LGB01,1,5,3,24,145594327.8677778,162772505.75537798,-17178177.887600172,23505135.22137618,20.833333333333336
LGB01,1,5,4,24,124513692.9211111,135850539.6628849,-11336846.741773782,13976413.508665817,16.666666666666664
LGB01,1,5,5,24,128543897.7577778,139107585.09189716,-10563687.33411941,14847359.192067102,25.0
LGB01,1,5,6,24,140302129.60111108,153514324.20600653,-13212194.604895407,36540242.60996596,20.833333333333336
LGB01,1,5,7,24,127594544.91333334,147068982.1167974,-19474437.203464046,25579367.66861636,16.666666666666664
LGB01,1,5,8,24,148976723.23444447,156518274.28653112,-7541551.052086684,13782302.666022658,29.166666666666668
LGB01,1,5,9,24,156347241.08777776,167402299.46572328,-11055058.3779455,14780846.781811995,29.166666666666668
LGB01,1,5,10,24,156758017.50444445,167271144.63876992,-10513127.134325475,15198182.95152892,16.666666666666664
LGB01,1,5,11,24,161762845.47888887,172716059.15096918,-10953213.672080286,16028999.441135904,20.833333333333336
LGB01,1,5,12,24,125909432.47333334,162805099.5406823,-36895667.067348965,38107467.92935545,4.166666666666666
LGB01,1,5,13,24,105903092.98333333,153067343.98870662,-47164251.00537328,47164251.00537328,0.0
LGB01,1,5,14,24,91917253.71888888,152664015.16886112,-60746761.44997221,60746761.44997221,0.0
LGB01,1,5,15,24,107634934.41555555,152069789.50931773,-44434855.09376218,44530327.53369779,4.166666666666666
LGB01,1,5,16,24,111242607.63222222,154473967.92946684,-43231360.297244616,43231360.297244616,0.0
LGB01,1,5,17,24,125446056.33444445,151226152.24459386,-25780095.910149414,26144402.227955606,4.166666666666666
LGB01,1,5,18,24,124219655.06222223,151945947.48042247,-27726292.418200236,27726292.418200236,0.0
LGB01,1,5,19,24,135919809.35666665,149951190.88528046,-14031381.528613776,22328433.385881085,33.33333333333333
LGB01,1,5,20,24,163149116.08777776,168144798.58091238,-4995682.4931346,31413686.080076385,37.5
LGB01,1,5,21,26,192078118.4861538,190188222.26283604,1889896.2233177996,20129799.12339887,61.53846153846154
LGB01,1,5,22,36,182105194.9274074,186429485.91833505,-4324290.990927638,13093831.398219794,44.44444444444444
LGB01,1,5,23,36,196017084.06444442,191948424.71943605,4068659.3450083826,19432777.889839485,66.66666666666666
LGB01,3,15,0,24,200668843.03111112,209722355.87918594,-9053512.848074837,19802012.96820794,33.33333333333333
LGB01,3,15,1,24,160903364.39444444,189565971.4621487,-28662607.06770429,30961217.319493245,8.333333333333332
LGB01,3,15,2,24,186449270.21777782,190429714.9360496,-3980444.7182718255,18001402.24219184,45.83333333333333
LGB01,3,15,3,24,145594327.8677778,175039495.38462916,-29445167.51685138,32368155.18204586,16.666666666666664
LGB01,3,15,4,24,124513692.9211111,143168605.06703365,-18654912.14592254,20119198.341956127,12.5
LGB01,3,15,5,24,128543897.7577778,145189865.89727306,-16645968.139495298,19048233.038596872,16.666666666666664
LGB01,3,15,6,24,140302129.60111108,166734271.54446554,-26432141.94335443,45201362.8376523,16.666666666666664
LGB01,3,15,7,24,127594544.91333334,156512027.40309,-28917482.489756662,29248664.031146646,8.333333333333332
LGB01,3,15,8,24,148976723.23444447,176287418.00454757,-27310694.770103116,28173962.65252878,8.333333333333332
LGB01,3,15,9,24,156347241.08777776,191279455.67013374,-34932214.582355954,34932214.582355954,0.0
LGB01,3,15,10,24,156758017.50444445,185741232.7791953,-28983215.2747509,31650139.58008346,8.333333333333332
LGB01,3,15,11,24,161762845.47888887,189809213.03609046,-28046367.557201575,28046367.557201575,0.0
LGB01,3,15,12,24,125909432.47333334,191744339.07622647,-65834906.60289314,66120885.07545033,4.166666666666666
LGB01,3,15,13,24,105903092.98333333,179042151.12974826,-73139058.14641492,73139058.14641492,0.0
LGB01,3,15,14,24,91917253.71888888,180355283.28671935,-88438029.56783049,88438029.56783049,0.0
LGB01,3,15,15,24,107634934.41555555,181841329.63504162,-74206395.21948607,74206395.21948607,0.0
LGB01,3,15,16,24,111242607.63222222,183752515.94117662,-72509908.3089544,72509908.3089544,0.0
LGB01,3,15,17,24,125446056.33444445,183399182.92456567,-57953126.59012123,57953126.59012123,0.0
LGB01,3,15,18,24,124219655.06222223,185396213.14010158,-61176558.07787939,61176558.07787939,0.0
LGB01,3,15,19,24,135919809.35666665,180918790.08902276,-44998980.732356094,46700771.01982149,4.166666666666666
LGB01,3,15,20,24,163149116.08777776,188095189.58892107,-24946073.50114329,46053015.2779217,33.33333333333333
LGB01,3,15,21,24,192741384.9511111,206182660.9663082,-13441276.015197108,23495147.89359564,25.0
LGB01,3,15,22,36,182105194.9274074,200973298.02520245,-18868103.09779506,21812017.48993724,13.88888888888889
LGB01,3,15,23,36,196017084.06444442,196754017.55211076,-736933.4876662964,18551235.488587633,61.111111111111114
LGB01,6,30,0,24,200668843.03111112,211344720.09760907,-10675877.066497965,21065947.180178624,25.0
LGB01,6,30,1,24,160903364.39444444,198108014.09290433,-37204649.69845987,38054883.27177674,4.166666666666666
LGB01,6,30,2,24,186449270.21777782,195605489.57161388,-9156219.353836065,15067493.587750828,41.66666666666667
LGB01,6,30,3,24,145594327.8677778,175856976.06281808,-30262648.1950403,33419792.10754487,12.5
LGB01,6,30,4,24,124513692.9211111,146029719.6500702,-21516026.728959102,21539490.15844139,4.166666666666666
LGB01,6,30,5,24,128543897.7577778,147000624.22062266,-18456726.462844897,20309234.848436207,12.5
LGB01,6,30,6,24,140302129.60111108,174632053.8196951,-34329924.21858396,48642350.63251374,12.5
LGB01,6,30,7,24,127594544.91333334,159656523.25504753,-32061978.341714203,33460376.8903749,8.333333333333332
LGB01,6,30,8,24,148976723.23444447,185418826.85758626,-36442103.62314182,36442103.62314182,0.0
LGB01,6,30,9,24,156347241.08777776,210159324.5213866,-53812083.43360882,53812083.43360882,0.0
LGB01,6,30,10,24,156758017.50444445,202989698.31500864,-46231680.81056418,47588231.38934481,4.166666666666666
LGB01,6,30,11,24,161762845.47888887,205080300.95973906,-43317455.48085018,43421011.44838725,4.166666666666666
LGB01,6,30,12,24,125909432.47333334,208713146.19968316,-82803713.72634982,83030111.7959028,4.166666666666666
LGB01,6,30,13,24,105903092.98333333,198959671.29016528,-93056578.3068319,93056578.3068319,0.0
LGB01,6,30,14,24,91917253.71888888,193279859.04020786,-101362605.32131898,101362605.32131898,0.0
LGB01,6,30,15,24,107634934.41555555,194511743.98446012,-86876809.56890453,86876809.56890453,0.0
LGB01,6,30,16,24,111242607.63222222,201854419.00526667,-90611811.37304448,90611811.37304448,0.0
LGB01,6,30,17,24,125446056.33444445,214078160.4565743,-88632104.12212986,88632104.12212986,0.0
LGB01,6,30,18,24,124219655.06222223,215196289.05188203,-90976633.98965983,90976633.98965983,0.0
LGB01,6,30,19,24,135919809.35666665,207645340.50593686,-71725531.14927024,71725531.14927024,0.0
LGB01,6,30,20,24,163149116.08777776,203927683.96254256,-40778567.87476482,56572391.3626493,25.0
LGB01,6,30,21,24,192741384.9511111,212692061.16194728,-19950676.21083617,32206546.721679848,25.0
LGB01,6,30,22,33,179981369.08282828,212964561.2203932,-32983192.137564898,33936391.178953685,9.090909090909092
LGB01,6,30,23,36,196017084.06444442,208386238.4434153,-12369154.378970891,18716098.08687357,30.555555555555557
LGB01,12,60,0,24,200668843.03111112,202696174.7851911,-2027331.754079995,14966062.403046938,37.5
LGB01,12,60,1,24,160903364.39444444,196391176.40524173,-35487812.01079727,36557205.71626015,12.5
LGB01,12,60,2,24,186449270.21777782,198236823.1489806,-11787552.931202784,16907239.842818692,33.33333333333333
LGB01,12,60,3,24,145594327.8677778,159157355.33034953,-13563027.462571742,22222506.61243027,25.0
LGB01,12,60,4,24,124513692.9211111,142033731.97595772,-17520039.05484661,20226841.733059064,16.666666666666664
LGB01,12,60,5,24,128543897.7577778,139644556.81145445,-11100659.053676678,15611991.683233252,25.0
LGB01,12,60,6,24,140302129.60111108,154969428.7428647,-14667299.14175357,33653435.29896759,20.833333333333336
LGB01,12,60,7,24,127594544.91333334,156340012.71347234,-28745467.80013901,30616322.6107077,8.333333333333332
LGB01,12,60,8,24,148976723.23444447,192010152.3463336,-43033429.11188916,43033429.11188916,0.0
LGB01,12,60,9,24,156347241.08777776,212742691.87284723,-56395450.78506946,56395450.78506946,0.0
LGB01,12,60,10,24,156758017.50444445,211060446.78639868,-54302429.28195423,54721806.185006954,4.166666666666666
LGB01,12,60,11,24,161762845.47888887,213953721.36717677,-52190875.88828785,52190875.88828785,0.0
LGB01,12,60,12,24,125909432.47333334,220603216.41592383,-94693783.94259052,94693783.94259052,0.0
LGB01,12,60,13,24,105903092.98333333,220125114.5370759,-114222021.5537426,114222021.5537426,0.0
LGB01,12,60,14,24,91917253.71888888,216638341.90643954,-124721088.18755066,124721088.18755066,0.0
LGB01,12,60,15,24,107634934.41555555,208312467.9939126,-100677533.57835703,100677533.57835703,0.0
LGB01,12,60,16,24,111242607.63222222,221644054.5976859,-110401446.96546368,110401446.96546368,0.0
LGB01,12,60,17,24,125446056.33444445,234565979.45519623,-109119923.12075174,109119923.12075174,0.0
LGB01,12,60,18,24,124219655.06222223,222239675.84832916,-98020020.7861069,98020020.7861069,0.0
LGB01,12,60,19,24,135919809.35666665,221936124.81278285,-86016315.45611618,86016315.45611618,0.0
LGB01,12,60,20,24,163149116.08777776,213605316.17037046,-50456200.08259269,65289218.878103174,25.0
LGB01,12,60,21,24,192741384.9511111,211510416.62715116,-18769031.676040042,36319651.84727453,37.5
LGB01,12,60,22,27,179776371.00444445,208121947.50278804,-28345576.498343617,30554418.859825965,7.4074074074074066
LGB01,12,60,23,36,196017084.06444442,210896843.89371178,-14879759.829267345,21645607.380906265,22.22222222222222
RF01,1,5,0,24,200668843.03111112,206983558.96335554,-6314715.93224444,15499899.356983341,41.66666666666667
RF01,1,5,1,24,160903364.39444444,176093085.20366114,-15189720.809216693,23106774.76583888,29.166666666666668
RF01,1,5,2,24,186449270.21777782,183959407.52934444,2489862.688433355,13747522.883433307,54.166666666666664
RF01,1,5,3,24,145594327.8677778,162219909.11263335,-16625581.244855555,21171032.637294456,20.833333333333336
RF01,1,5,4,24,124513692.9211111,136548293.39059722,-12034600.469486102,15039963.294113874,12.5
RF01,1,5,5,24,128543897.7577778,138648364.26223335,-10104466.504455581,15125993.577638915,33.33333333333333
RF01,1,5,6,24,140302129.60111108,152023726.25335002,-11721596.652238913,36013376.93739446,20.833333333333336
RF01,1,5,7,24,127594544.91333334,145368733.0441611,-17774188.13082778,23726648.398588885,16.666666666666664
RF01,1,5,8,24,148976723.23444447,160142117.83134446,-11165394.596900016,15182605.41661668,16.666666666666664
RF01,1,5,9,24,156347241.08777776,166903648.75017503,-10556407.662397241,15175206.349097228,29.166666666666668
RF01,1,5,10,24,156758017.50444445,167457127.1247861,-10699109.620341668,15955755.91605278,20.833333333333336
RF01,1,5,11,24,161762845.47888887,171373425.9885083,-9610580.509619435,14741694.89851387,16.666666666666664
RF01,1,5,12,24,125909432.47333334,160593015.5134861,-34683583.04015275,35763006.51280276,4.166666666666666
RF01,1,5,13,24,105903092.98333333,152349428.02594444,-46446335.0426111,46446335.0426111,0.0
RF01,1,5,14,24,91917253.71888888,150894328.52598888,-58977074.8071,58977074.8071,0.0
RF01,1,5,15,24,107634934.41555555,151163858.41813335,-43528924.002577774,43762734.94349999,4.166666666666666
RF01,1,5,16,24,111242607.63222222,147327494.33890554,-36084886.7066833,36084886.7066833,0.0
RF01,1,5,17,24,125446056.33444445,144923899.08705,-19477842.752605543,20357882.896727774,16.666666666666664
RF01,1,5,18,24,124219655.06222223,144973837.04851666,-20754181.986294433,21082412.59287777,4.166666666666666
RF01,1,5,19,24,135919809.35666665,145407783.85080275,-9487974.49413608,18235474.878830526,37.5
RF01,1,5,20,24,163149116.08777776,170266245.70317498,-7117129.615397215,26724878.12404719,33.33333333333333
RF01,1,5,21,26,192078118.4861538,193954122.62715128,-1876004.1409974373,19689808.148484632,53.84615384615385
RF01,1,5,22,36,182105194.9274074,188628248.05906305,-6523053.131655591,13157717.08861853,44.44444444444444
RF01,1,5,23,36,196017084.06444442,194313880.04750368,1703204.0169407474,19644166.344096288,63.888888888888886
RF01,3,15,0,24,200668843.03111112,208536859.50226656,-7868016.471155498,19453466.899594445,37.5
RF01,3,15,1,24,160903364.39444444,186901900.01918045,-25998535.62473604,27325222.658724938,4.166666666666666
RF01,3,15,2,24,186449270.21777782,190794263.1360639,-4344992.918286079,17690290.841097232,50.0
RF01,3,15,3,24,145594327.8677778,176862808.7437167,-31268480.875938926,33745960.2105056,20.833333333333336
RF01,3,15,4,24,124513692.9211111,145398015.83418617,-20884322.913075063,21784594.631697267,8.333333333333332
RF01,3,15,5,24,128543897.7577778,146093426.6239334,-17549528.866155613,19943367.995755598,12.5
RF01,3,15,6,24,140302129.60111108,176648065.72224444,-36345936.12113332,50148993.87300554,12.5
RF01,3,15,7,24,127594544.91333334,152526498.42889172,-24931953.51555838,27742283.98120281,12.5
RF01,3,15,8,24,148976723.23444447,175863594.3478861,-26886871.113441657,27662184.442163873,4.166666666666666
RF01,3,15,9,24,156347241.08777776,189021834.05148324,-32674592.963705476,32674592.963705476,0.0
RF01,3,15,10,24,156758017.50444445,187804782.61812767,-31046765.113683235,33216689.41678324,8.333333333333332
RF01,3,15,11,24,161762845.47888887,191294817.1799749,-29531971.701086033,29566210.001719367,4.166666666666666
RF01,3,15,12,24,125909432.47333334,188819695.10886374,-62910262.635530435,63516839.00429156,4.166666666666666
RF01,3,15,13,24,105903092.98333333,181663458.4809443,-75760365.49761097,75760365.49761097,0.0
RF01,3,15,14,24,91917253.71888888,181425465.441722,-89508211.72283316,89508211.72283316,0.0
RF01,3,15,15,24,107634934.41555555,181283469.83720255,-73648535.42164701,73648535.42164701,0.0
RF01,3,15,16,24,111242607.63222222,179369923.64701653,-68127316.01479428,68127316.01479428,0.0
RF01,3,15,17,24,125446056.33444445,174015988.95009714,-48569932.61565272,48569932.61565272,0.0
RF01,3,15,18,24,124219655.06222223,173576359.3764055,-49356704.31418327,49356704.31418327,0.0
RF01,3,15,19,24,135919809.35666665,172260090.15660825,-36340280.79994161,38226607.24190273,4.166666666666666
RF01,3,15,20,24,163149116.08777776,184061324.17647776,-20912208.08869994,43618313.94364443,33.33333333333333
RF01,3,15,21,24,192741384.9511111,203579154.95985833,-10837770.008747201,20996900.74684164,29.166666666666668
RF01,3,15,22,36,182105194.9274074,197995545.78255925,-15890350.855151806,19882730.01428886,22.22222222222222
RF01,3,15,23,36,196017084.06444442,192869524.55290177,3147559.511542676,19727617.470253732,61.111111111111114
RF01,6,30,0,24,200668843.03111112,215583718.75179172,-14914875.72068061,23218523.349341717,25.0
RF01,6,30,1,24,160903364.39444444,201023580.11451674,-40120215.7200723,40401061.49999452,4.166666666666666
RF01,6,30,2,24,186449270.21777782,196439244.92318615,-9989974.70540837,15524695.391458347,37.5
RF01,6,30,3,24,145594327.8677778,183741428.8321778,-38147100.96440002,40691797.281155564,8.333333333333332
RF01,6,30,4,24,124513692.9211111,157303550.87906948,-32789857.95795836,32789857.95795836,0.0
RF01,6,30,5,24,128543897.7577778,159344862.64154172,-30800964.883763958,30839286.695997283,4.166666666666666
RF01,6,30,6,24,140302129.60111108,194511466.91321668,-54209337.31210554,63006231.05093333,8.333333333333332
RF01,6,30,7,24,127594544.91333334,171043097.00175276,-43448552.088419445,44161338.498158336,4.166666666666666
RF01,6,30,8,24,148976723.23444447,198329453.72477493,-49352730.49033049,49352730.49033049,0.0
RF01,6,30,9,24,156347241.08777776,222584552.45981944,-66237311.372041665,66237311.372041665,0.0
RF01,6,30,10,24,156758017.50444445,209267725.17923066,-52509707.67478623,53324688.85825288,4.166666666666666
RF01,6,30,11,24,161762845.47888887,211898658.17169178,-50135812.6928029,50135812.6928029,0.0
RF01,6,30,12,24,125909432.47333334,212172832.3864585,-86263399.91312514,86263399.91312514,0.0
RF01,6,30,13,24,105903092.98333333,207154524.412714,-101251431.42938066,101251431.42938066,0.0
RF01,6,30,14,24,91917253.71888888,205722746.91515842,-113805493.19626956,113805493.19626956,0.0
RF01,6,30,15,24,107634934.41555555,205142124.54364178,-97507190.12808621,97507190.12808621,0.0
RF01,6,30,16,24,111242607.63222222,207334734.81001672,-96092127.17779452,96092127.17779452,0.0
RF01,6,30,17,24,125446056.33444445,205060166.67402783,-79614110.33958341,79614110.33958341,0.0
RF01,6,30,18,24,124219655.06222223,205179856.9755362,-80960201.91331394,80960201.91331394,0.0
RF01,6,30,19,24,135919809.35666665,202487640.3014362,-66567830.944769524,66567830.944769524,0.0
RF01,6,30,20,24,163149116.08777776,201971334.0481334,-38822217.96035563,56210263.15987224,25.0
RF01,6,30,21,24,192741384.9511111,212505475.98583898,-19764091.034727853,33941722.41586117,25.0
RF01,6,30,22,33,179981369.08282828,211140840.97771525,-31159471.89488698,31663462.270183943,3.0303030303030303
RF01,6,30,23,36,196017084.06444442,201235494.4928575,-5218410.4284130465,18932711.501598153,52.77777777777778
RF01,12,60,0,24,200668843.03111112,197795600.63533613,2873242.3957750252,15995227.526525008,54.166666666666664
RF01,12,60,1,24,160903364.39444444,195589876.52177218,-34686512.127327755,35937088.173138864,8.333333333333332
RF01,12,60,2,24,186449270.21777782,202011787.3340249,-15562517.116247147,16842418.564819396,20.833333333333336
RF01,12,60,3,24,145594327.8677778,170863474.05204168,-25269146.184263896,31196370.00248615,20.833333333333336
RF01,12,60,4,24,124513692.9211111,158601936.3855111,-34088243.464399986,34088243.464399986,0.0
RF01,12,60,5,24,128543897.7577778,169388752.75161943,-40844854.99384166,40939055.68885832,4.166666666666666
RF01,12,60,6,24,140302129.60111108,182564828.71593037,-42262699.11481929,52944677.588413775,8.333333333333332
RF01,12,60,7,24,127594544.91333334,175905596.70967773,-48311051.79634438,48859858.55491661,4.166666666666666
RF01,12,60,8,24,148976723.23444447,199667911.92308053,-50691188.6886361,50691188.6886361,0.0
RF01,12,60,9,24,156347241.08777776,229609552.18737784,-73262311.09960005,73262311.09960005,0.0
RF01,12,60,10,24,156758017.50444445,228104221.0932639,-71346203.58881949,71346203.58881949,0.0
RF01,12,60,11,24,161762845.47888887,218826877.48609447,-57064032.007205606,57064032.007205606,0.0
RF01,12,60,12,24,125909432.47333334,217679060.61421117,-91769628.14087783,91769628.14087783,0.0
RF01,12,60,13,24,105903092.98333333,212259366.69178617,-106356273.70845287,106356273.70845287,0.0
RF01,12,60,14,24,91917253.71888888,213024167.90565005,-121106914.18676122,121106914.18676122,0.0
RF01,12,60,15,24,107634934.41555555,208440904.39158067,-100805969.97602509,100805969.97602509,0.0
RF01,12,60,16,24,111242607.63222222,216365761.61206397,-105123153.97984175,105123153.97984175,0.0
RF01,12,60,17,24,125446056.33444445,224379083.92734727,-98933027.59290285,98933027.59290285,0.0
RF01,12,60,18,24,124219655.06222223,218486805.3341638,-94267150.27194162,94267150.27194162,0.0
RF01,12,60,19,24,135919809.35666665,215639007.61492217,-79719198.25825551,79719198.25825551,0.0
RF01,12,60,20,24,163149116.08777776,204319766.62247768,-41170650.534699924,61931909.27856662,25.0
RF01,12,60,21,24,192741384.9511111,207495426.28036937,-14754041.329258256,37536539.73144718,37.5
RF01,12,60,22,27,179776371.00444445,214869430.68737775,-35093059.68293332,37204779.8943111,7.4074074074074066
RF01,12,60,23,36,196017084.06444442,213703376.20665184,-17686292.142207418,23275807.837640744,13.88888888888889
XGB06,1,5,0,24,200668843.03111112,207818834.0,-7149990.968888886,15064315.091111114,41.66666666666667
XGB06,1,5,1,24,160903364.39444444,178730309.33333334,-17826944.93888889,23594931.983333334,25.0
XGB06,1,5,2,24,186449270.21777782,184204837.33333334,2244432.8844444477,14232044.615555556,58.333333333333336
XGB06,1,5,3,24,145594327.8677778,164168458.66666666,-18574130.798888892,22773791.25222222,20.833333333333336
XGB06,1,5,4,24,124513692.9211111,142967429.66666666,-18453736.745555554,19431649.043333333,12.5
XGB06,1,5,5,24,128543897.7577778,143079590.66666666,-14535692.908888891,17291123.402222224,20.833333333333336
XGB06,1,5,6,24,140302129.60111108,164186484.66666666,-23884355.065555554,36229231.04777778,16.666666666666664
XGB06,1,5,7,24,127594544.91333334,150639707.33333334,-23045162.419999998,25688354.139999997,12.5
XGB06,1,5,8,24,148976723.23444447,174454520.0,-25477796.76555555,26899849.054444443,4.166666666666666
XGB06,1,5,9,24,156347241.08777776,186021990.0,-29674748.912222225,29674748.912222225,0.0
XGB06,1,5,10,24,156758017.50444445,186815686.0,-30057668.495555554,32806371.175555557,8.333333333333332
XGB06,1,5,11,24,161762845.47888887,189007166.66666666,-27244321.187777776,28744157.616666663,8.333333333333332
XGB06,1,5,12,24,125909432.47333334,185564262.0,-59654829.52666666,60027359.12444445,4.166666666666666
XGB06,1,5,13,24,105903092.98333333,175454662.66666666,-69551569.68333332,69551569.68333332,0.0
XGB06,1,5,14,24,91917253.71888888,171530021.33333334,-79612767.61444445,79612767.61444445,0.0
XGB06,1,5,15,24,107634934.41555555,170704696.0,-63069761.58444444,63069761.58444444,0.0
XGB06,1,5,16,24,111242607.63222222,161935725.33333334,-50693117.701111116,50693117.701111116,0.0
XGB06,1,5,17,24,125446056.33444445,157124974.66666666,-31678918.332222223,31792076.656666666,4.166666666666666
XGB06,1,5,18,24,124219655.06222223,159499257.33333334,-35279602.27111111,35279602.27111111,0.0
XGB06,1,5,19,24,135919809.35666665,157355576.66666666,-21435767.31,27499768.905555557,25.0
XGB06,1,5,20,24,163149116.08777776,171380241.33333334,-8231125.2455555545,34828935.25222222,37.5
XGB06,1,5,21,26,192078118.4861538,189072115.69230768,3006002.7938461523,20937424.81641025,61.53846153846154
XGB06,1,5,22,36,182105194.9274074,190255176.0,-8149981.072592593,13539496.121481486,30.555555555555557
XGB06,1,5,23,36,196017084.06444442,196327148.0,-310063.93555555533,18750718.233333334,61.111111111111114
XGB06,3,15,0,24,200668843.03111112,211204374.0,-10535530.968888886,19230275.67111111,33.33333333333333
XGB06,3,15,1,24,160903364.39444444,195115901.33333334,-34212536.938888885,35976948.325555556,4.166666666666666
XGB06,3,15,2,24,186449270.21777782,195898210.66666666,-9448940.448888885,17622688.888888884,37.5
XGB06,3,15,3,24,145594327.8677778,175092676.66666666,-29498348.798888892,31266316.62555556,12.5
XGB06,3,15,4,24,124513692.9211111,153114313.33333334,-28600620.41222222,28600620.41222222,0.0
XGB06,3,15,5,24,128543897.7577778,153487429.33333334,-24943531.57555555,25210728.20444445,8.333333333333332
XGB06,3,15,6,24,140302129.60111108,192877707.33333334,-52575577.73222222,58175715.21,12.5
XGB06,3,15,7,24,127594544.91333334,163575932.0,-35981387.086666666,36271725.04,4.166666666666666
XGB06,3,15,8,24,148976723.23444447,184801850.0,-35825126.76555555,35825126.76555555,0.0
XGB06,3,15,9,24,156347241.08777776,210346259.33333334,-53999018.24555556,53999018.24555556,0.0
XGB06,3,15,10,24,156758017.50444445,203106029.33333334,-46348011.828888886,48100129.06222222,4.166666666666666
XGB06,3,15,11,24,161762845.47888887,205406285.33333334,-43643439.854444444,43643439.854444444,0.0
XGB06,3,15,12,24,125909432.47333334,212683260.66666666,-86773828.19333333,86773828.19333333,0.0
XGB06,3,15,13,24,105903092.98333333,201612760.0,-95709667.01666667,95709667.01666667,0.0
XGB06,3,15,14,24,91917253.71888888,201939931.33333334,-110022677.61444443,110022677.61444443,0.0
XGB06,3,15,15,24,107634934.41555555,205692627.33333334,-98057692.91777778,98057692.91777778,0.0
XGB06,3,15,16,24,111242607.63222222,203593242.0,-92350634.36777778,92350634.36777778,0.0
XGB06,3,15,17,24,125446056.33444445,200010005.33333334,-74563948.9988889,74563948.9988889,0.0
XGB06,3,15,18,24,124219655.06222223,204930472.0,-80710816.93777777,80710816.93777777,0.0
XGB06,3,15,19,24,135919809.35666665,197927324.66666666,-62007515.31,62007515.31,0.0
XGB06,3,15,20,24,163149116.08777776,193190884.66666666,-30041768.57888889,51207338.79444444,29.166666666666668
XGB06,3,15,21,24,192741384.9511111,200379838.66666666,-7638453.715555557,26115736.802222222,37.5
XGB06,3,15,22,36,182105194.9274074,203991477.7777778,-21886282.85037037,24246782.057777777,11.11111111111111
XGB06,3,15,23,36,196017084.06444442,203283964.0,-7266879.935555556,18837559.387407407,41.66666666666667
XGB06,6,30,0,24,200668843.03111112,219651675.33333334,-18982832.30222222,26099448.7,20.833333333333336
XGB06,6,30,1,24,160903364.39444444,202370508.0,-41467143.60555556,41550518.99222222,4.166666666666666
XGB06,6,30,2,24,186449270.21777782,201056114.0,-14606843.782222219,16117437.959999999,20.833333333333336
XGB06,6,30,3,24,145594327.8677778,186992410.66666666,-41398082.79888889,43462115.31666667,8.333333333333332
XGB06,6,30,4,24,124513692.9211111,173925610.0,-49411917.07888889,49411917.07888889,0.0
XGB06,6,30,5,24,128543897.7577778,174718798.0,-46174900.24222223,46174900.24222223,0.0
XGB06,6,30,6,24,140302129.60111108,207717278.0,-67415148.39888889,72173865.73444444,8.333333333333332
XGB06,6,30,7,24,127594544.91333334,192005504.0,-64410959.08666667,64410959.08666667,0.0
XGB06,6,30,8,24,148976723.23444447,215702805.33333334,-66726082.0988889,66726082.0988889,0.0
XGB06,6,30,9,24,156347241.08777776,232909616.0,-76562374.91222222,76562374.91222222,0.0
XGB06,6,30,10,24,156758017.50444445,222888643.33333334,-66130625.82888889,66130625.82888889,0.0
XGB06,6,30,11,24,161762845.47888887,218907446.0,-57144600.52111111,57144600.52111111,0.0
XGB06,6,30,12,24,125909432.47333334,223052158.66666666,-97142726.19333333,97142726.19333333,0.0
XGB06,6,30,13,24,105903092.98333333,216645716.66666666,-110742623.68333334,110742623.68333334,0.0
XGB06,6,30,14,24,91917253.71888888,207742919.33333334,-115825665.61444443,115825665.61444443,0.0
XGB06,6,30,15,24,107634934.41555555,210009133.33333334,-102374198.91777778,102374198.91777778,0.0
XGB06,6,30,16,24,111242607.63222222,220130140.0,-108887532.36777778,108887532.36777778,0.0
XGB06,6,30,17,24,125446056.33444445,233107812.0,-107661755.66555555,107661755.66555555,0.0
XGB06,6,30,18,24,124219655.06222223,240138613.33333334,-115918958.27111112,115918958.27111112,0.0
XGB06,6,30,19,24,135919809.35666665,231195938.0,-95276128.64333333,95276128.64333333,0.0
XGB06,6,30,20,24,163149116.08777776,217670078.0,-54520961.91222223,68536590.66111112,20.833333333333336
XGB06,6,30,21,24,192741384.9511111,216670760.0,-23929375.048888892,33361043.255555555,25.0
XGB06,6,30,22,33,179981369.08282828,219888406.3030303,-39907037.220202014,39977739.32282828,3.0303030303030303
XGB06,6,30,23,36,196017084.06444442,209918703.1111111,-13901619.046666669,21160304.94444444,25.0
XGB06,12,60,0,24,200668843.03111112,187772284.66666666,12896558.364444448,20342102.353333335,83.33333333333334
XGB06,12,60,1,24,160903364.39444444,175852755.33333334,-14949390.938888893,23130859.094444443,33.33333333333333
XGB06,12,60,2,24,186449270.21777782,195703415.33333334,-9254145.115555553,14612592.46222222,45.83333333333333
XGB06,12,60,3,24,145594327.8677778,170333918.0,-24739590.132222224,31769418.514444444,20.833333333333336
XGB06,12,60,4,24,124513692.9211111,152429468.66666666,-27915775.74555556,28458369.92777778,8.333333333333332
XGB06,12,60,5,24,128543897.7577778,159098829.33333334,-30554931.57555555,31332867.602222223,4.166666666666666
XGB06,12,60,6,24,140302129.60111108,179347936.0,-39045806.398888886,48675181.21,12.5
XGB06,12,60,7,24,127594544.91333334,176121805.33333334,-48527260.419999994,48527260.419999994,0.0
XGB06,12,60,8,24,148976723.23444447,202921338.66666666,-53944615.432222225,53944615.432222225,0.0
XGB06,12,60,9,24,156347241.08777776,223048444.66666666,-66701203.57888889,66701203.57888889,0.0
XGB06,12,60,10,24,156758017.50444445,215668008.0,-58909990.49555555,59207150.395555556,4.166666666666666
XGB06,12,60,11,24,161762845.47888887,218736328.0,-56973482.52111111,56973482.52111111,0.0
XGB06,12,60,12,24,125909432.47333334,218247915.33333334,-92338482.86,92338482.86,0.0
XGB06,12,60,13,24,105903092.98333333,216020478.66666666,-110117385.68333334,110117385.68333334,0.0
XGB06,12,60,14,24,91917253.71888888,205130285.33333334,-113213031.61444443,113213031.61444443,0.0
XGB06,12,60,15,24,107634934.41555555,199296506.66666666,-91661572.2511111,91661572.2511111,0.0
XGB06,12,60,16,24,111242607.63222222,217369776.0,-106127168.36777778,106127168.36777778,0.0
XGB06,12,60,17,24,125446056.33444445,234789534.66666666,-109343478.33222222,109343478.33222222,0.0
XGB06,12,60,18,24,124219655.06222223,231341004.0,-107121348.93777777,107121348.93777777,0.0
XGB06,12,60,19,24,135919809.35666665,224426960.0,-88507150.64333333,88507150.64333333,0.0
XGB06,12,60,20,24,163149116.08777776,214503320.66666666,-51354204.57888889,66932267.99444445,20.833333333333336
XGB06,12,60,21,24,192741384.9511111,207610976.66666666,-14869591.715555558,35348523.32222222,33.33333333333333
XGB06,12,60,22,27,179776371.00444445,209983171.55555555,-30206800.55111112,32346435.591111116,7.4074074074074066
XGB06,12,60,23,36,196017084.06444442,218425244.8888889,-22408160.824444447,26795122.462962963,13.88888888888889
