family,candidate_id,tree_star,seed,horizon_steps,horizon_minutes,n_predictions,model_mae_bps,model_mae_mbps,persistence_mae_bps,persistence_mae_mbps,mae_ratio_vs_persistence,skill_vs_persistence_pct,model_rmse_bps,model_rmse_mbps,model_smape_pct,model_mase,model_bias_bps,model_underprediction_pct,model_p95_absolute_error_bps,negative_predictions,coverage,mase_scale_bps
random_forest,RF01,False,20260818,1,5,602,24018124.049701434,24.018124049701434,17298749.50285714,17.29874950285714,1.3884312299992834,-38.84312299992835,31578995.491414588,31.578995491414588,16.948019679238318,1.0236537683038003,-16549895.41727021,25.249169435215947,66406874.720556594,0,1.0,23463132.548712824
random_forest,RF01,False,20260818,3,15,600,38867964.22664684,38.86796422664684,21283933.096266672,21.283933096266672,1.8261645557166553,-82.61645557166551,47259829.8531889,47.259829853188904,25.639352557656213,1.6565547735772868,-33776709.693320386,14.833333333333334,90591476.34024636,0,1.0,23463132.548712824
random_forest,RF01,False,20260818,6,30,597,56033504.86956309,56.03350486956309,23893209.758257955,23.893209758257957,2.3451643976045045,-134.51643976045045,65352816.06802754,65.35281606802754,34.36112172171862,2.3881510601037395,-52823172.86907599,9.212730318257957,115247326.33260009,0,1.0,23463132.548712824
random_forest,RF01,False,20260818,12,60,591,61055249.917175755,61.05524991717576,27877667.50258319,27.87766750258319,2.19011328374292,-119.01132837429198,71251801.2997592,71.2518012997592,36.6571512968946,2.6021781102935133,-57280432.73589273,8.629441624365482,120617168.70876665,0,1.0,23463132.548712824
xgboost,XGB06,False,20260818,1,5,602,32527696.65957918,32.52769665957918,17298749.50285714,17.29874950285714,1.8803495971894821,-88.03495971894823,41228336.60882972,41.22833660882972,21.993247260412456,1.386332221072656,-26404829.5047619,20.09966777408638,82804619.80133331,0,1.0,23463132.548712824
xgboost,XGB06,False,20260818,3,15,600,51042764.057066664,51.04276405706666,21283933.096266672,21.283933096266672,2.3981828840657213,-139.81828840657212,61549286.42854559,61.549286428545585,31.716237619688876,2.175445412120252,-47488752.73946667,10.5,112729511.18399997,0,1.0,23463132.548712824
xgboost,XGB06,False,20260818,6,30,597,67071433.91883863,67.07143391883862,23893209.758257955,23.893209758257957,2.80713368347915,-180.713368347915,77027021.59626488,77.02702159626489,39.39999966330975,2.85858820341183,-65062755.44611948,6.030150753768844,125783163.05599986,0,1.0,23463132.548712824
xgboost,XGB06,False,20260818,12,60,591,60140829.93922166,60.14082993922166,27877667.50258319,27.87766750258319,2.1573121185138215,-115.73121185138214,71269024.59876022,71.26902459876021,36.042021082489654,2.5632054805282576,-55669764.09466441,12.013536379018612,120786089.33333334,0,1.0,23463132.548712824
lightgbm,LGB01,True,20260818,1,5,602,25539152.185530603,25.539152185530604,17298749.50285714,17.29874950285714,1.4763582871300864,-47.63582871300864,32976443.440273087,32.97644344027309,17.9157628213863,1.0884800711289366,-17194188.59002704,25.91362126245847,68039903.77157994,0,1.0,23463132.548712824
lightgbm,LGB01,True,20260818,3,15,600,40315628.19914894,40.31562819914894,21283933.096266672,21.283933096266672,1.894181306471995,-89.4181306471995,48842114.02599324,48.84211402599324,26.39310098182845,1.7182542917254513,-35484663.86777244,14.166666666666666,90981528.39741139,0,1.0,23463132.548712824
lightgbm,LGB01,True,20260818,6,30,597,51562243.50891511,51.56224350891511,23893209.758257955,23.893209758257957,2.1580291652147827,-115.80291652147827,61453508.23331554,61.453508233315546,32.00923432894003,2.1975856549360793,-48407960.83677668,9.715242881072026,107533623.65590014,0,1.0,23463132.548712824
lightgbm,LGB01,True,20260818,12,60,591,56991931.1462131,56.9919311462131,27877667.50258319,27.87766750258319,2.044357948559797,-104.43579485597972,70337354.33897913,70.33735433897913,34.13934778614864,2.428999240740327,-52878260.01746672,11.6751269035533,127119543.67743891,0,1.0,23463132.548712824
