family,candidate_id,horizon_steps,horizon_minutes,seed,status,fit_seconds,predict_seconds,serialized_model_bytes,negative_predictions,train_rows,blind_rows
random_forest,RF01,1,5,20260818,PASS,3.362800019000133,0.14806889800092904,1084366,0,1113,602
random_forest,RF01,3,15,20260818,PASS,2.7422433809988433,0.16051855399564374,994348,0,1111,600
random_forest,RF01,6,30,20260818,PASS,3.267651795002166,0.13594501599436626,946108,0,1108,597
random_forest,RF01,12,60,20260818,PASS,2.661220654998033,0.14512662399647525,964972,0,1102,591
xgboost,XGB06,1,5,20260818,PASS,0.35462065799947595,0.0041221999999834225,348963,0,1113,602
xgboost,XGB06,3,15,20260818,PASS,0.43126537399803055,0.0039517999975942075,351750,0,1111,600
xgboost,XGB06,6,30,20260818,PASS,0.38472877699678065,0.0033033989966497757,353930,0,1108,597
xgboost,XGB06,12,60,20260818,PASS,0.38018137800099794,0.0036342989988042973,350594,0,1102,591
lightgbm,LGB01,1,5,20260818,PASS,0.11118495299888309,0.0040275979990838096,143389,0,1113,602
lightgbm,LGB01,3,15,20260818,PASS,0.11693691000255058,0.005349301005480811,147081,0,1111,600
lightgbm,LGB01,6,30,20260818,PASS,0.11082778799755033,0.004580899003485683,146401,0,1108,597
lightgbm,LGB01,12,60,20260818,PASS,0.1102612879985827,0.0049208990021725185,143111,0,1102,591
