comparison,model,reference,horizon_steps,horizon_minutes,n_pairs,mean_improvement_bps,bootstrap_method,bootstrap_repetitions,bootstrap_block_length,bootstrap_block_minutes,bootstrap_confidence,bootstrap_ci_lower_bps,bootstrap_ci_upper_bps,bootstrap_probability_improvement,bootstrap_direction,bootstrap_seed_base
lgbm_vs_persistence,LGB01,persistence,1,5,602,-8240402.682673457,circular_moving_block,5000,6,30,0.95,-11499935.26062483,-5136493.305349819,0.0,reference_better,20260717
lgbm_vs_persistence,LGB01,persistence,1,5,602,-8240402.682673457,circular_moving_block,5000,12,60,0.95,-12405025.899811465,-4307656.129249679,0.0,reference_better,20260717
lgbm_vs_persistence,LGB01,persistence,1,5,602,-8240402.682673457,circular_moving_block,5000,24,120,0.95,-14161924.030173717,-3067189.8516724147,0.0,reference_better,20260717
lgbm_vs_persistence,LGB01,persistence,3,15,600,-19031695.102882273,circular_moving_block,5000,6,30,0.95,-24305073.35895901,-14106541.31955835,0.0,reference_better,20260717
lgbm_vs_persistence,LGB01,persistence,3,15,600,-19031695.102882273,circular_moving_block,5000,12,60,0.95,-26346116.845512856,-12365185.121786943,0.0,reference_better,20260717
lgbm_vs_persistence,LGB01,persistence,3,15,600,-19031695.102882273,circular_moving_block,5000,24,120,0.95,-28181655.84856759,-9811973.010322424,0.0,reference_better,20260717
lgbm_vs_persistence,LGB01,persistence,6,30,597,-27669033.750657156,circular_moving_block,5000,6,30,0.95,-34650196.2995913,-20829528.91306341,0.0,reference_better,20260717
lgbm_vs_persistence,LGB01,persistence,6,30,597,-27669033.750657156,circular_moving_block,5000,12,60,0.95,-37186981.31909582,-18295745.0186877,0.0,reference_better,20260717
lgbm_vs_persistence,LGB01,persistence,6,30,597,-27669033.750657156,circular_moving_block,5000,24,120,0.95,-40655933.45259153,-15563098.068653135,0.0,reference_better,20260717
lgbm_vs_persistence,LGB01,persistence,12,60,591,-29114263.64362991,circular_moving_block,5000,6,30,0.95,-38339763.80283128,-20222116.04737341,0.0,reference_better,20260717
lgbm_vs_persistence,LGB01,persistence,12,60,591,-29114263.64362991,circular_moving_block,5000,12,60,0.95,-41685988.580255836,-17313228.449107938,0.0,reference_better,20260717
lgbm_vs_persistence,LGB01,persistence,12,60,591,-29114263.64362991,circular_moving_block,5000,24,120,0.95,-46547018.47473098,-12501308.201145684,0.0,reference_better,20260717
rf_vs_persistence,RF01,persistence,1,5,602,-6719374.546844292,circular_moving_block,5000,6,30,0.95,-9781461.328183802,-3830016.9307242096,0.0,reference_better,20260717
rf_vs_persistence,RF01,persistence,1,5,602,-6719374.546844292,circular_moving_block,5000,12,60,0.95,-10730948.65236324,-2979045.4783524685,0.0,reference_better,20260717
rf_vs_persistence,RF01,persistence,1,5,602,-6719374.546844292,circular_moving_block,5000,24,120,0.95,-12184046.405549837,-1890346.2256110238,0.0012,reference_better,20260717
rf_vs_persistence,RF01,persistence,3,15,600,-17584031.130380172,circular_moving_block,5000,6,30,0.95,-22743024.059627965,-12682315.73064167,0.0,reference_better,20260717
rf_vs_persistence,RF01,persistence,3,15,600,-17584031.130380172,circular_moving_block,5000,12,60,0.95,-24247092.687562004,-11133417.891328664,0.0,reference_better,20260717
rf_vs_persistence,RF01,persistence,3,15,600,-17584031.130380172,circular_moving_block,5000,24,120,0.95,-26602457.153854746,-9135539.369561302,0.0,reference_better,20260717
rf_vs_persistence,RF01,persistence,6,30,597,-32140295.111305136,circular_moving_block,5000,6,30,0.95,-39036460.5807531,-25418381.625358663,0.0,reference_better,20260717
rf_vs_persistence,RF01,persistence,6,30,597,-32140295.111305136,circular_moving_block,5000,12,60,0.95,-41470228.76695397,-23382632.176937997,0.0,reference_better,20260717
rf_vs_persistence,RF01,persistence,6,30,597,-32140295.111305136,circular_moving_block,5000,24,120,0.95,-44800177.90115397,-19988829.656066217,0.0,reference_better,20260717
rf_vs_persistence,RF01,persistence,12,60,591,-33177582.41459256,circular_moving_block,5000,6,30,0.95,-41473675.553374924,-25246430.984775525,0.0,reference_better,20260717
rf_vs_persistence,RF01,persistence,12,60,591,-33177582.41459256,circular_moving_block,5000,12,60,0.95,-44479760.22590799,-22188811.599469732,0.0,reference_better,20260717
rf_vs_persistence,RF01,persistence,12,60,591,-33177582.41459256,circular_moving_block,5000,24,120,0.95,-48470652.50986937,-17847550.381856684,0.0,reference_better,20260717
tree_vs_arima,LGB01,"ARIMA(6,1,12)",1,5,602,-9339962.199303387,circular_moving_block,5000,6,30,0.95,-12422746.496803647,-6523211.86620448,0.0,reference_better,20260717
tree_vs_arima,LGB01,"ARIMA(6,1,12)",1,5,602,-9339962.199303387,circular_moving_block,5000,12,60,0.95,-13382355.17274826,-5583200.586919749,0.0,reference_better,20260717
tree_vs_arima,LGB01,"ARIMA(6,1,12)",1,5,602,-9339962.199303387,circular_moving_block,5000,24,120,0.95,-14705833.576277047,-4417607.117284565,0.0,reference_better,20260717
tree_vs_arima,LGB01,"ARIMA(6,1,12)",3,15,600,-20826544.754383776,circular_moving_block,5000,6,30,0.95,-25991030.69690762,-15787472.163808815,0.0,reference_better,20260717
tree_vs_arima,LGB01,"ARIMA(6,1,12)",3,15,600,-20826544.754383776,circular_moving_block,5000,12,60,0.95,-27640015.594918348,-14114901.25636899,0.0,reference_better,20260717
tree_vs_arima,LGB01,"ARIMA(6,1,12)",3,15,600,-20826544.754383776,circular_moving_block,5000,24,120,0.95,-30271048.16783548,-11644097.45770566,0.0,reference_better,20260717
tree_vs_arima,LGB01,"ARIMA(6,1,12)",6,30,597,-29138877.774183687,circular_moving_block,5000,6,30,0.95,-35828718.43579741,-22350982.524963204,0.0,reference_better,20260717
tree_vs_arima,LGB01,"ARIMA(6,1,12)",6,30,597,-29138877.774183687,circular_moving_block,5000,12,60,0.95,-38770460.48479317,-20137936.48674806,0.0,reference_better,20260717
tree_vs_arima,LGB01,"ARIMA(6,1,12)",6,30,597,-29138877.774183687,circular_moving_block,5000,24,120,0.95,-42106822.99014997,-16644250.996283386,0.0,reference_better,20260717
tree_vs_arima,LGB01,"ARIMA(6,1,12)",12,60,591,-30304458.38821707,circular_moving_block,5000,6,30,0.95,-39012641.656202175,-21966148.383863572,0.0,reference_better,20260717
tree_vs_arima,LGB01,"ARIMA(6,1,12)",12,60,591,-30304458.38821707,circular_moving_block,5000,12,60,0.95,-42302498.950396284,-18272864.406669725,0.0,reference_better,20260717
tree_vs_arima,LGB01,"ARIMA(6,1,12)",12,60,591,-30304458.38821707,circular_moving_block,5000,24,120,0.95,-47326318.393774986,-14388165.766153667,0.0,reference_better,20260717
tree_vs_var,LGB01,VAR(5),1,5,602,-9384204.611979377,circular_moving_block,5000,6,30,0.95,-12534255.733978748,-6523588.854801055,0.0,reference_better,20260717
tree_vs_var,LGB01,VAR(5),1,5,602,-9384204.611979377,circular_moving_block,5000,12,60,0.95,-13622224.25203076,-5624600.369752629,0.0,reference_better,20260717
tree_vs_var,LGB01,VAR(5),1,5,602,-9384204.611979377,circular_moving_block,5000,24,120,0.95,-15092235.040140655,-4365642.866037838,0.0,reference_better,20260717
tree_vs_var,LGB01,VAR(5),3,15,600,-21090429.38280919,circular_moving_block,5000,6,30,0.95,-26376702.686224226,-15999462.051186766,0.0,reference_better,20260717
tree_vs_var,LGB01,VAR(5),3,15,600,-21090429.38280919,circular_moving_block,5000,12,60,0.95,-28195005.161522966,-14364240.249704141,0.0,reference_better,20260717
tree_vs_var,LGB01,VAR(5),3,15,600,-21090429.38280919,circular_moving_block,5000,24,120,0.95,-30401658.088806584,-12317000.619061014,0.0,reference_better,20260717
tree_vs_var,LGB01,VAR(5),6,30,597,-29465311.758275248,circular_moving_block,5000,6,30,0.95,-36261711.76137346,-22555153.360020995,0.0,reference_better,20260717
tree_vs_var,LGB01,VAR(5),6,30,597,-29465311.758275248,circular_moving_block,5000,12,60,0.95,-39108846.95632705,-19872490.47591484,0.0,reference_better,20260717
tree_vs_var,LGB01,VAR(5),6,30,597,-29465311.758275248,circular_moving_block,5000,24,120,0.95,-42392370.14422247,-17280506.488895714,0.0,reference_better,20260717
tree_vs_var,LGB01,VAR(5),12,60,591,-30441609.876355786,circular_moving_block,5000,6,30,0.95,-39065004.11935006,-21533900.203266546,0.0,reference_better,20260717
tree_vs_var,LGB01,VAR(5),12,60,591,-30441609.876355786,circular_moving_block,5000,12,60,0.95,-43160422.5710057,-18032808.00073295,0.0,reference_better,20260717
tree_vs_var,LGB01,VAR(5),12,60,591,-30441609.876355786,circular_moving_block,5000,24,120,0.95,-47913611.8254511,-14482691.60077877,0.0,reference_better,20260717
xgb_vs_persistence,XGB06,persistence,1,5,602,-15228947.156722037,circular_moving_block,5000,6,30,0.95,-19815193.888739757,-10950755.963111866,0.0,reference_better,20260717
xgb_vs_persistence,XGB06,persistence,1,5,602,-15228947.156722037,circular_moving_block,5000,12,60,0.95,-21378360.65157032,-9568462.395606868,0.0,reference_better,20260717
xgb_vs_persistence,XGB06,persistence,1,5,602,-15228947.156722037,circular_moving_block,5000,24,120,0.95,-23778249.31461905,-7453250.372148405,0.0,reference_better,20260717
xgb_vs_persistence,XGB06,persistence,3,15,600,-29758830.9608,circular_moving_block,5000,6,30,0.95,-36477019.941145554,-23462285.833318885,0.0,reference_better,20260717
xgb_vs_persistence,XGB06,persistence,3,15,600,-29758830.9608,circular_moving_block,5000,12,60,0.95,-38930354.64109555,-20985078.38234223,0.0,reference_better,20260717
xgb_vs_persistence,XGB06,persistence,3,15,600,-29758830.9608,circular_moving_block,5000,24,120,0.95,-42503147.50374111,-18462337.523081113,0.0,reference_better,20260717
xgb_vs_persistence,XGB06,persistence,6,30,597,-43178224.16058069,circular_moving_block,5000,6,30,0.95,-50785267.435650475,-35548529.37463651,0.0,reference_better,20260717
xgb_vs_persistence,XGB06,persistence,6,30,597,-43178224.16058069,circular_moving_block,5000,12,60,0.95,-54073341.459383585,-32629199.875778895,0.0,reference_better,20260717
xgb_vs_persistence,XGB06,persistence,6,30,597,-43178224.16058069,circular_moving_block,5000,24,120,0.95,-57515161.26887325,-29152615.658135124,0.0,reference_better,20260717
xgb_vs_persistence,XGB06,persistence,12,60,591,-32263162.436638467,circular_moving_block,5000,6,30,0.95,-40533986.91461816,-23952397.986534696,0.0,reference_better,20260717
xgb_vs_persistence,XGB06,persistence,12,60,591,-32263162.436638467,circular_moving_block,5000,12,60,0.95,-43760904.366853915,-21084595.812844895,0.0,reference_better,20260717
xgb_vs_persistence,XGB06,persistence,12,60,591,-32263162.436638467,circular_moving_block,5000,24,120,0.95,-48037933.23523632,-16376123.241270168,0.0,reference_better,20260717
