model,horizon_steps,horizon_minutes,lag_steps,lag_minutes,acf,summary_lag
LGB01,1,5,1,5,0.37542903173432574,True
LGB01,1,5,2,10,0.31401635803444633,False
LGB01,1,5,3,15,0.3725981213387895,True
LGB01,1,5,4,20,0.38370603551324667,False
LGB01,1,5,5,25,0.38729735440532204,False
LGB01,1,5,6,30,0.3547303487506226,True
LGB01,1,5,7,35,0.343899455423394,False
LGB01,1,5,8,40,0.3214975270444847,False
LGB01,1,5,9,45,0.3618008154043557,False
LGB01,1,5,10,50,0.344519712787069,False
LGB01,1,5,11,55,0.2921896633397144,False
LGB01,1,5,12,60,0.3166909658653596,True
LGB01,1,5,13,65,0.3108849798430558,False
LGB01,1,5,14,70,0.2957710755365064,False
LGB01,1,5,15,75,0.2848694748992279,False
LGB01,1,5,16,80,0.30534165566425464,False
LGB01,1,5,17,85,0.25183863804377793,False
LGB01,1,5,18,90,0.2967884830118604,False
LGB01,1,5,19,95,0.25612295356040243,False
LGB01,1,5,20,100,0.20416139544095194,False
LGB01,1,5,21,105,0.2592356569456955,False
LGB01,1,5,22,110,0.2192731965872767,False
LGB01,1,5,23,115,0.2626702739093927,False
LGB01,1,5,24,120,0.24530076915431515,True
LGB01,1,5,25,125,0.20001776661664936,False
LGB01,1,5,26,130,0.16794518833422542,False
LGB01,1,5,27,135,0.1936181170843495,False
LGB01,1,5,28,140,0.21859139037063177,False
LGB01,1,5,29,145,0.15805025461943217,False
LGB01,1,5,30,150,0.18463334986736896,False
LGB01,1,5,31,155,0.16309135141159886,False
LGB01,1,5,32,160,0.1919123131993952,False
LGB01,1,5,33,165,0.1054926826735641,False
LGB01,1,5,34,170,0.10835376301084035,False
LGB01,1,5,35,175,0.12859957055944968,False
LGB01,1,5,36,180,0.18998131239637228,False
LGB01,1,5,37,185,0.14151260735909024,False
LGB01,1,5,38,190,0.07776770705665591,False
LGB01,1,5,39,195,0.08918244918500291,False
LGB01,1,5,40,200,0.07196591237127745,False
LGB01,1,5,41,205,0.06670934299615007,False
LGB01,1,5,42,210,0.09710962206861637,False
LGB01,1,5,43,215,0.07767156989285479,False
LGB01,1,5,44,220,0.04664478307185028,False
LGB01,1,5,45,225,0.06881669904235155,False
LGB01,1,5,46,230,0.0609806741967673,False
LGB01,1,5,47,235,0.03486460837451073,False
LGB01,1,5,48,240,0.06762028692116832,False
LGB01,3,15,1,5,0.664297500877813,True
LGB01,3,15,2,10,0.5782404346958253,False
LGB01,3,15,3,15,0.5060903519751164,True
LGB01,3,15,4,20,0.5292161733978773,False
LGB01,3,15,5,25,0.5468036040323592,False
LGB01,3,15,6,30,0.520746519119566,True
LGB01,3,15,7,35,0.5150915651062135,False
LGB01,3,15,8,40,0.4952757406142535,False
LGB01,3,15,9,45,0.504208916226578,False
LGB01,3,15,10,50,0.4809554763710952,False
LGB01,3,15,11,55,0.4714319094865959,False
LGB01,3,15,12,60,0.4785618075600037,True
LGB01,3,15,13,65,0.4498337754928959,False
LGB01,3,15,14,70,0.43910885587982773,False
LGB01,3,15,15,75,0.43270718489149185,False
LGB01,3,15,16,80,0.4424272881129118,False
LGB01,3,15,17,85,0.4121542291885285,False
LGB01,3,15,18,90,0.41221239469840437,False
LGB01,3,15,19,95,0.39213176507935044,False
LGB01,3,15,20,100,0.3640867204505357,False
LGB01,3,15,21,105,0.3800877298327306,False
LGB01,3,15,22,110,0.36505007804549616,False
LGB01,3,15,23,115,0.39702745156162383,False
LGB01,3,15,24,120,0.3697233732806873,True
LGB01,3,15,25,125,0.3455779756670077,False
LGB01,3,15,26,130,0.33933408361674516,False
LGB01,3,15,27,135,0.356996422986477,False
LGB01,3,15,28,140,0.3356867761194893,False
LGB01,3,15,29,145,0.2927585435561974,False
LGB01,3,15,30,150,0.33053405548907633,False
LGB01,3,15,31,155,0.3148571556378029,False
LGB01,3,15,32,160,0.3094591111868281,False
LGB01,3,15,33,165,0.23047747796027562,False
LGB01,3,15,34,170,0.2389913310579173,False
LGB01,3,15,35,175,0.2702751501300395,False
LGB01,3,15,36,180,0.30592688694006137,False
LGB01,3,15,37,185,0.2791169271832724,False
LGB01,3,15,38,190,0.23621403024500578,False
LGB01,3,15,39,195,0.2197419995191849,False
LGB01,3,15,40,200,0.20010212921621082,False
LGB01,3,15,41,205,0.18941114495120892,False
LGB01,3,15,42,210,0.19694594533506257,False
LGB01,3,15,43,215,0.18644015920090723,False
LGB01,3,15,44,220,0.15733087155808465,False
LGB01,3,15,45,225,0.15244577896572972,False
LGB01,3,15,46,230,0.161153792318517,False
LGB01,3,15,47,235,0.15099654796563589,False
LGB01,3,15,48,240,0.1449136207490709,False
LGB01,6,30,1,5,0.7488411111303304,True
LGB01,6,30,2,10,0.6985081754907717,False
LGB01,6,30,3,15,0.691552297185978,True
LGB01,6,30,4,20,0.687054322180267,False
LGB01,6,30,5,25,0.6738225343540134,False
LGB01,6,30,6,30,0.6220481367038828,True
LGB01,6,30,7,35,0.6126316120974954,False
LGB01,6,30,8,40,0.6017989435699387,False
LGB01,6,30,9,45,0.6156798237756617,False
LGB01,6,30,10,50,0.5969858663105068,False
LGB01,6,30,11,55,0.5760155770132467,False
LGB01,6,30,12,60,0.56885166313103,True
LGB01,6,30,13,65,0.5516454112901503,False
LGB01,6,30,14,70,0.5340740571324218,False
LGB01,6,30,15,75,0.5148074585877049,False
LGB01,6,30,16,80,0.5124385725889997,False
LGB01,6,30,17,85,0.48842040150729155,False
LGB01,6,30,18,90,0.49575146159268413,False
LGB01,6,30,19,95,0.47952484052819183,False
LGB01,6,30,20,100,0.45792252002436573,False
LGB01,6,30,21,105,0.4684226057074132,False
LGB01,6,30,22,110,0.4400986021432373,False
LGB01,6,30,23,115,0.46102344207062756,False
LGB01,6,30,24,120,0.44917660558404976,True
LGB01,6,30,25,125,0.42314286533841483,False
LGB01,6,30,26,130,0.4129169977422801,False
LGB01,6,30,27,135,0.4246611116546655,False
LGB01,6,30,28,140,0.4165380412543198,False
LGB01,6,30,29,145,0.38385691805284716,False
LGB01,6,30,30,150,0.39717709551108177,False
LGB01,6,30,31,155,0.3917842620491271,False
LGB01,6,30,32,160,0.3967118004874654,False
LGB01,6,30,33,165,0.350457885120757,False
LGB01,6,30,34,170,0.35016710984577487,False
LGB01,6,30,35,175,0.3555278897369092,False
LGB01,6,30,36,180,0.36705156290395496,False
LGB01,6,30,37,185,0.34661635670909763,False
LGB01,6,30,38,190,0.31404814105808226,False
LGB01,6,30,39,195,0.3196347268619952,False
LGB01,6,30,40,200,0.30015612029200484,False
LGB01,6,30,41,205,0.28722161072349434,False
LGB01,6,30,42,210,0.28630717165019404,False
LGB01,6,30,43,215,0.27408827277445585,False
LGB01,6,30,44,220,0.24973399709077318,False
LGB01,6,30,45,225,0.23898023280630715,False
LGB01,6,30,46,230,0.23215699532239434,False
LGB01,6,30,47,235,0.21667092999442933,False
LGB01,6,30,48,240,0.20620492625024306,False
LGB01,12,60,1,5,0.8284636433792334,True
LGB01,12,60,2,10,0.8058974741008945,False
LGB01,12,60,3,15,0.7959094443060472,True
LGB01,12,60,4,20,0.7853195806775016,False
LGB01,12,60,5,25,0.7716048209887248,False
LGB01,12,60,6,30,0.7539935362920813,True
LGB01,12,60,7,35,0.7448566871843616,False
LGB01,12,60,8,40,0.7240203389688323,False
LGB01,12,60,9,45,0.7188277752163801,False
LGB01,12,60,10,50,0.7091484783405346,False
LGB01,12,60,11,55,0.6932247623462028,False
LGB01,12,60,12,60,0.677127173800968,True
LGB01,12,60,13,65,0.67027340069231,False
LGB01,12,60,14,70,0.6545796015599606,False
LGB01,12,60,15,75,0.6302845750782746,False
LGB01,12,60,16,80,0.6253781818013785,False
LGB01,12,60,17,85,0.6059311762559144,False
LGB01,12,60,18,90,0.602764955564853,False
LGB01,12,60,19,95,0.5870147364501592,False
LGB01,12,60,20,100,0.5617081992880371,False
LGB01,12,60,21,105,0.5698541743534628,False
LGB01,12,60,22,110,0.5483123738089632,False
LGB01,12,60,23,115,0.5506958719736612,False
LGB01,12,60,24,120,0.5370204391306471,True
LGB01,12,60,25,125,0.519196114065931,False
LGB01,12,60,26,130,0.510580228818054,False
LGB01,12,60,27,135,0.5080171710917605,False
LGB01,12,60,28,140,0.4987501440155,False
LGB01,12,60,29,145,0.47558877635722924,False
LGB01,12,60,30,150,0.4819818867749103,False
LGB01,12,60,31,155,0.47038227987500586,False
LGB01,12,60,32,160,0.4685554758090313,False
LGB01,12,60,33,165,0.43679979926452694,False
LGB01,12,60,34,170,0.4292765966737198,False
LGB01,12,60,35,175,0.4258476297554618,False
LGB01,12,60,36,180,0.4241628961317699,False
LGB01,12,60,37,185,0.4057679335589249,False
LGB01,12,60,38,190,0.38221546783410676,False
LGB01,12,60,39,195,0.38425970684545696,False
LGB01,12,60,40,200,0.3683885829209619,False
LGB01,12,60,41,205,0.3583119282618782,False
LGB01,12,60,42,210,0.3540845935170621,False
LGB01,12,60,43,215,0.3428697838244782,False
LGB01,12,60,44,220,0.32623866358014586,False
LGB01,12,60,45,225,0.3138972101994759,False
LGB01,12,60,46,230,0.30160923822058616,False
LGB01,12,60,47,235,0.2828939573680439,False
LGB01,12,60,48,240,0.2692456022511881,False
RF01,1,5,1,5,0.30335421148037484,True
RF01,1,5,2,10,0.2406899784794887,False
RF01,1,5,3,15,0.3010432873968177,True
RF01,1,5,4,20,0.33147712378545885,False
RF01,1,5,5,25,0.33861598965702966,False
RF01,1,5,6,30,0.3098367750350124,True
RF01,1,5,7,35,0.2971172761855661,False
RF01,1,5,8,40,0.2715313647196059,False
RF01,1,5,9,45,0.31333530645007956,False
RF01,1,5,10,50,0.2970142521462515,False
RF01,1,5,11,55,0.25069644670744473,False
RF01,1,5,12,60,0.2856853190758618,True
RF01,1,5,13,65,0.27308443749629707,False
RF01,1,5,14,70,0.24352668729780017,False
RF01,1,5,15,75,0.24547963370238393,False
RF01,1,5,16,80,0.25993490744926295,False
RF01,1,5,17,85,0.2163728838344382,False
RF01,1,5,18,90,0.244425935065133,False
RF01,1,5,19,95,0.22050731863604892,False
RF01,1,5,20,100,0.1433646183790566,False
RF01,1,5,21,105,0.2078367302673029,False
RF01,1,5,22,110,0.17140511015575172,False
RF01,1,5,23,115,0.21276963900702053,False
RF01,1,5,24,120,0.20232469938951836,True
RF01,1,5,25,125,0.15516776265608695,False
RF01,1,5,26,130,0.12085173927900562,False
RF01,1,5,27,135,0.14919814476703783,False
RF01,1,5,28,140,0.17996845465410705,False
RF01,1,5,29,145,0.11024504322880918,False
RF01,1,5,30,150,0.13993981211186537,False
RF01,1,5,31,155,0.11977838406678541,False
RF01,1,5,32,160,0.14324078592445058,False
RF01,1,5,33,165,0.04915093641261784,False
RF01,1,5,34,170,0.06138825403879818,False
RF01,1,5,35,175,0.07757177833711937,False
RF01,1,5,36,180,0.14424056507547608,False
RF01,1,5,37,185,0.09868825516667687,False
RF01,1,5,38,190,0.03233181332123032,False
RF01,1,5,39,195,0.048153009305486785,False
RF01,1,5,40,200,0.032764089711918486,False
RF01,1,5,41,205,0.03016068971122862,False
RF01,1,5,42,210,0.058778717090004366,False
RF01,1,5,43,215,0.05712020980383455,False
RF01,1,5,44,220,0.02392349325472735,False
RF01,1,5,45,225,0.03554326097666484,False
RF01,1,5,46,230,0.03600657628377635,False
RF01,1,5,47,235,0.016281945761246346,False
RF01,1,5,48,240,0.04151086946432422,False
RF01,3,15,1,5,0.6600955713806029,True
RF01,3,15,2,10,0.5790387854776976,False
RF01,3,15,3,15,0.5035200410585252,True
RF01,3,15,4,20,0.5341998990365394,False
RF01,3,15,5,25,0.5391592781822138,False
RF01,3,15,6,30,0.5054241457305768,True
RF01,3,15,7,35,0.5001004720134721,False
RF01,3,15,8,40,0.47761514363979274,False
RF01,3,15,9,45,0.48056723397916845,False
RF01,3,15,10,50,0.4802153795166027,False
RF01,3,15,11,55,0.4676792851130863,False
RF01,3,15,12,60,0.4683312909250436,True
RF01,3,15,13,65,0.4498582017881945,False
RF01,3,15,14,70,0.4262040267487548,False
RF01,3,15,15,75,0.4204668328965452,False
RF01,3,15,16,80,0.4289869923365247,False
RF01,3,15,17,85,0.4070992843847622,False
RF01,3,15,18,90,0.4032825840247315,False
RF01,3,15,19,95,0.37671250103915577,False
RF01,3,15,20,100,0.34472025873355466,False
RF01,3,15,21,105,0.36895250147339836,False
RF01,3,15,22,110,0.3414485742733561,False
RF01,3,15,23,115,0.3755969619134005,False
RF01,3,15,24,120,0.351317827016755,True
RF01,3,15,25,125,0.32045888965881564,False
RF01,3,15,26,130,0.31312968612146636,False
RF01,3,15,27,135,0.3146473358650022,False
RF01,3,15,28,140,0.31107448023085615,False
RF01,3,15,29,145,0.2632183116754747,False
RF01,3,15,30,150,0.3027485797676899,False
RF01,3,15,31,155,0.295553088802439,False
RF01,3,15,32,160,0.2879644344192493,False
RF01,3,15,33,165,0.2174499138080253,False
RF01,3,15,34,170,0.2198544177775379,False
RF01,3,15,35,175,0.25182036446727557,False
RF01,3,15,36,180,0.28037109601122545,False
RF01,3,15,37,185,0.25401750984051125,False
RF01,3,15,38,190,0.2103342521636431,False
RF01,3,15,39,195,0.1938956746095402,False
RF01,3,15,40,200,0.16206102548830437,False
RF01,3,15,41,205,0.1544344392157747,False
RF01,3,15,42,210,0.1661952369528953,False
RF01,3,15,43,215,0.1653581093144372,False
RF01,3,15,44,220,0.13490022619559555,False
RF01,3,15,45,225,0.12104442564388393,False
RF01,3,15,46,230,0.12470129818963217,False
RF01,3,15,47,235,0.11922963943995207,False
RF01,3,15,48,240,0.1153427819864222,False
RF01,6,30,1,5,0.7522380517066786,True
RF01,6,30,2,10,0.7080367412508032,False
RF01,6,30,3,15,0.6909420528012974,True
RF01,6,30,4,20,0.6876031682527612,False
RF01,6,30,5,25,0.674885742299211,False
RF01,6,30,6,30,0.633098551507091,True
RF01,6,30,7,35,0.6158888758233763,False
RF01,6,30,8,40,0.5934722327725153,False
RF01,6,30,9,45,0.6017690441295726,False
RF01,6,30,10,50,0.5906203441579616,False
RF01,6,30,11,55,0.5756434905711525,False
RF01,6,30,12,60,0.5689897284556111,True
RF01,6,30,13,65,0.5572706842491163,False
RF01,6,30,14,70,0.5296541468226643,False
RF01,6,30,15,75,0.5089519652543307,False
RF01,6,30,16,80,0.5020158901562056,False
RF01,6,30,17,85,0.4749341564696917,False
RF01,6,30,18,90,0.4840872459723888,False
RF01,6,30,19,95,0.4683223498419646,False
RF01,6,30,20,100,0.43932220285829404,False
RF01,6,30,21,105,0.44709417204245433,False
RF01,6,30,22,110,0.42489613830810147,False
RF01,6,30,23,115,0.4462881661323776,False
RF01,6,30,24,120,0.43356999833009324,True
RF01,6,30,25,125,0.413131946032511,False
RF01,6,30,26,130,0.3974413451524169,False
RF01,6,30,27,135,0.40186367883096774,False
RF01,6,30,28,140,0.4009305085403915,False
RF01,6,30,29,145,0.36927651396129046,False
RF01,6,30,30,150,0.38226099312012013,False
RF01,6,30,31,155,0.3722365404093954,False
RF01,6,30,32,160,0.3786718541734752,False
RF01,6,30,33,165,0.3347412191614135,False
RF01,6,30,34,170,0.3373084065029322,False
RF01,6,30,35,175,0.33995107344133657,False
RF01,6,30,36,180,0.35103524676579984,False
RF01,6,30,37,185,0.32431760087141415,False
RF01,6,30,38,190,0.2908282309816445,False
RF01,6,30,39,195,0.2902407993960513,False
RF01,6,30,40,200,0.27033359601457346,False
RF01,6,30,41,205,0.26387332097895244,False
RF01,6,30,42,210,0.2665643249609382,False
RF01,6,30,43,215,0.25289026067388093,False
RF01,6,30,44,220,0.21979513857582483,False
RF01,6,30,45,225,0.20505641724311952,False
RF01,6,30,46,230,0.19562120404319236,False
RF01,6,30,47,235,0.18334860154384125,False
RF01,6,30,48,240,0.17548262884936447,False
RF01,12,60,1,5,0.7990395437012963,True
RF01,12,60,2,10,0.7653144895368243,False
RF01,12,60,3,15,0.7541124938104282,True
RF01,12,60,4,20,0.7492813564311801,False
RF01,12,60,5,25,0.738636393531308,False
RF01,12,60,6,30,0.7119511829643368,True
RF01,12,60,7,35,0.7019962904141812,False
RF01,12,60,8,40,0.6720182236886715,False
RF01,12,60,9,45,0.6689143354245274,False
RF01,12,60,10,50,0.6524382990467681,False
RF01,12,60,11,55,0.6305427855527466,False
RF01,12,60,12,60,0.6134318795752609,True
RF01,12,60,13,65,0.5968340396281746,False
RF01,12,60,14,70,0.5803630624374342,False
RF01,12,60,15,75,0.5578040465242371,False
RF01,12,60,16,80,0.555860741647626,False
RF01,12,60,17,85,0.5361411322285436,False
RF01,12,60,18,90,0.5362638160804962,False
RF01,12,60,19,95,0.5166842867847097,False
RF01,12,60,20,100,0.4861910925626049,False
RF01,12,60,21,105,0.49308608336690307,False
RF01,12,60,22,110,0.4718477811520586,False
RF01,12,60,23,115,0.47932614035756654,False
RF01,12,60,24,120,0.4660812786692624,True
RF01,12,60,25,125,0.4510229215505851,False
RF01,12,60,26,130,0.43839385302727196,False
RF01,12,60,27,135,0.43315839286426594,False
RF01,12,60,28,140,0.4292268713987808,False
RF01,12,60,29,145,0.40460926162858046,False
RF01,12,60,30,150,0.4134320318629959,False
RF01,12,60,31,155,0.4017556981105752,False
RF01,12,60,32,160,0.40157540809479103,False
RF01,12,60,33,165,0.35977289077920604,False
RF01,12,60,34,170,0.3587964589537042,False
RF01,12,60,35,175,0.3635661811524995,False
RF01,12,60,36,180,0.3683886408892109,False
RF01,12,60,37,185,0.3538977986825853,False
RF01,12,60,38,190,0.32416865145893403,False
RF01,12,60,39,195,0.3285073930314829,False
RF01,12,60,40,200,0.31100818584382217,False
RF01,12,60,41,205,0.3025297055629563,False
RF01,12,60,42,210,0.3008585699653241,False
RF01,12,60,43,215,0.2887629267946249,False
RF01,12,60,44,220,0.2663804459490682,False
RF01,12,60,45,225,0.25005190761896195,False
RF01,12,60,46,230,0.2392076037520394,False
RF01,12,60,47,235,0.22440610102069042,False
RF01,12,60,48,240,0.21593622229849463,False
XGB06,1,5,1,5,0.5351852079303038,True
XGB06,1,5,2,10,0.5120701794999524,False
XGB06,1,5,3,15,0.5317223557221813,True
XGB06,1,5,4,20,0.5291208572199148,False
XGB06,1,5,5,25,0.5478094930183012,False
XGB06,1,5,6,30,0.5134150208544979,True
XGB06,1,5,7,35,0.50232538950814,False
XGB06,1,5,8,40,0.4617540928819445,False
XGB06,1,5,9,45,0.49869687357169795,False
XGB06,1,5,10,50,0.47479635696291816,False
XGB06,1,5,11,55,0.4541661562509868,False
XGB06,1,5,12,60,0.4545001452379058,True
XGB06,1,5,13,65,0.4397840752150868,False
XGB06,1,5,14,70,0.4374370553912996,False
XGB06,1,5,15,75,0.4422304343869698,False
XGB06,1,5,16,80,0.4495127227126985,False
XGB06,1,5,17,85,0.40135470822933017,False
XGB06,1,5,18,90,0.43109394851044114,False
XGB06,1,5,19,95,0.3929016259557239,False
XGB06,1,5,20,100,0.34703534173289097,False
XGB06,1,5,21,105,0.3753913059928677,False
XGB06,1,5,22,110,0.341075090085272,False
XGB06,1,5,23,115,0.3774373161386026,False
XGB06,1,5,24,120,0.344878028861588,True
XGB06,1,5,25,125,0.32336730630369315,False
XGB06,1,5,26,130,0.29873478921258556,False
XGB06,1,5,27,135,0.3129159035129269,False
XGB06,1,5,28,140,0.32320747192864124,False
XGB06,1,5,29,145,0.2697104895705269,False
XGB06,1,5,30,150,0.3007916519381267,False
XGB06,1,5,31,155,0.2766674938792251,False
XGB06,1,5,32,160,0.2990553543482731,False
XGB06,1,5,33,165,0.22626216269867463,False
XGB06,1,5,34,170,0.22374556477578436,False
XGB06,1,5,35,175,0.23032583590858224,False
XGB06,1,5,36,180,0.25317395067832377,False
XGB06,1,5,37,185,0.22900417766892797,False
XGB06,1,5,38,190,0.1738487506052504,False
XGB06,1,5,39,195,0.18873707674375595,False
XGB06,1,5,40,200,0.16263377553602876,False
XGB06,1,5,41,205,0.16585927755522706,False
XGB06,1,5,42,210,0.17558415917173156,False
XGB06,1,5,43,215,0.17309816506285647,False
XGB06,1,5,44,220,0.14689771395988027,False
XGB06,1,5,45,225,0.1451609706671149,False
XGB06,1,5,46,230,0.14293560259605412,False
XGB06,1,5,47,235,0.12229415478629496,False
XGB06,1,5,48,240,0.1337448001510145,False
XGB06,3,15,1,5,0.745262979843686,True
XGB06,3,15,2,10,0.7025192995605232,False
XGB06,3,15,3,15,0.6689490261600034,True
XGB06,3,15,4,20,0.6641112533484916,False
XGB06,3,15,5,25,0.6612775431111265,False
XGB06,3,15,6,30,0.6523896907632366,True
XGB06,3,15,7,35,0.628828174840613,False
XGB06,3,15,8,40,0.6125327526760312,False
XGB06,3,15,9,45,0.6071893032514045,False
XGB06,3,15,10,50,0.5896036619512433,False
XGB06,3,15,11,55,0.576081925391244,False
XGB06,3,15,12,60,0.5732882805577053,True
XGB06,3,15,13,65,0.5534839831859446,False
XGB06,3,15,14,70,0.5314055662097394,False
XGB06,3,15,15,75,0.5206600791075686,False
XGB06,3,15,16,80,0.5239182367067149,False
XGB06,3,15,17,85,0.502370398569391,False
XGB06,3,15,18,90,0.5006247069709903,False
XGB06,3,15,19,95,0.47656005363430415,False
XGB06,3,15,20,100,0.45392867355053573,False
XGB06,3,15,21,105,0.4614967091506824,False
XGB06,3,15,22,110,0.4384438626140525,False
XGB06,3,15,23,115,0.4553855161704543,False
XGB06,3,15,24,120,0.4474905647701601,True
XGB06,3,15,25,125,0.4178774033496903,False
XGB06,3,15,26,130,0.411387025492885,False
XGB06,3,15,27,135,0.4150952993578308,False
XGB06,3,15,28,140,0.39738266794646826,False
XGB06,3,15,29,145,0.36173795073208076,False
XGB06,3,15,30,150,0.3851435260131753,False
XGB06,3,15,31,155,0.36539101488868053,False
XGB06,3,15,32,160,0.37053505341561843,False
XGB06,3,15,33,165,0.3166529370533458,False
XGB06,3,15,34,170,0.3267089953462071,False
XGB06,3,15,35,175,0.3340357534980577,False
XGB06,3,15,36,180,0.35140718408095456,False
XGB06,3,15,37,185,0.3240967460727155,False
XGB06,3,15,38,190,0.2841755402648699,False
XGB06,3,15,39,195,0.2692391755596791,False
XGB06,3,15,40,200,0.2510975764288261,False
XGB06,3,15,41,205,0.23163589103047805,False
XGB06,3,15,42,210,0.23772451548556367,False
XGB06,3,15,43,215,0.2374489448652997,False
XGB06,3,15,44,220,0.2123262522110895,False
XGB06,3,15,45,225,0.19700743529616388,False
XGB06,3,15,46,230,0.19400081167608382,False
XGB06,3,15,47,235,0.18041760894361294,False
XGB06,3,15,48,240,0.17017443565219395,False
XGB06,6,30,1,5,0.7694963337410284,True
XGB06,6,30,2,10,0.7436306588626952,False
XGB06,6,30,3,15,0.7272604641101078,True
XGB06,6,30,4,20,0.7188009177920434,False
XGB06,6,30,5,25,0.7110375445810416,False
XGB06,6,30,6,30,0.6737633951805972,True
XGB06,6,30,7,35,0.6674171503377251,False
XGB06,6,30,8,40,0.6250917240396374,False
XGB06,6,30,9,45,0.6549617022051208,False
XGB06,6,30,10,50,0.6179062001930656,False
XGB06,6,30,11,55,0.5990402100347134,False
XGB06,6,30,12,60,0.5873362552353295,True
XGB06,6,30,13,65,0.5636110714919331,False
XGB06,6,30,14,70,0.560882684761468,False
XGB06,6,30,15,75,0.5323215015491614,False
XGB06,6,30,16,80,0.5366974662094681,False
XGB06,6,30,17,85,0.5000326239469702,False
XGB06,6,30,18,90,0.5091266431490784,False
XGB06,6,30,19,95,0.48475744515268165,False
XGB06,6,30,20,100,0.46199318700960035,False
XGB06,6,30,21,105,0.4709978119574698,False
XGB06,6,30,22,110,0.4381350059807868,False
XGB06,6,30,23,115,0.4558063917588233,False
XGB06,6,30,24,120,0.43335794690194346,True
XGB06,6,30,25,125,0.4195692965685017,False
XGB06,6,30,26,130,0.4040406156235642,False
XGB06,6,30,27,135,0.4092061055861002,False
XGB06,6,30,28,140,0.4055052726990722,False
XGB06,6,30,29,145,0.3736740242384948,False
XGB06,6,30,30,150,0.40185347184106035,False
XGB06,6,30,31,155,0.36596417452423524,False
XGB06,6,30,32,160,0.3735820411379766,False
XGB06,6,30,33,165,0.3319750301371404,False
XGB06,6,30,34,170,0.32127184807285986,False
XGB06,6,30,35,175,0.3292738716835384,False
XGB06,6,30,36,180,0.3306900346804739,False
XGB06,6,30,37,185,0.3199435961280322,False
XGB06,6,30,38,190,0.28338376597097675,False
XGB06,6,30,39,195,0.2784464257019479,False
XGB06,6,30,40,200,0.25467465904558634,False
XGB06,6,30,41,205,0.2424579502797626,False
XGB06,6,30,42,210,0.24440501404042353,False
XGB06,6,30,43,215,0.22814487828143823,False
XGB06,6,30,44,220,0.20557191015339638,False
XGB06,6,30,45,225,0.19807186050658684,False
XGB06,6,30,46,230,0.18829195548512032,False
XGB06,6,30,47,235,0.16851560148685715,False
XGB06,6,30,48,240,0.16459648260656606,False
XGB06,12,60,1,5,0.8132019252522487,True
XGB06,12,60,2,10,0.7813041227089014,False
XGB06,12,60,3,15,0.7737351292681723,True
XGB06,12,60,4,20,0.7688184553411638,False
XGB06,12,60,5,25,0.7492111944192065,False
XGB06,12,60,6,30,0.7238898863136165,True
XGB06,12,60,7,35,0.7128051340620891,False
XGB06,12,60,8,40,0.6971162403593276,False
XGB06,12,60,9,45,0.6922542342580972,False
XGB06,12,60,10,50,0.6777696978091614,False
XGB06,12,60,11,55,0.6570848431006148,False
XGB06,12,60,12,60,0.6436458510149556,True
XGB06,12,60,13,65,0.6325394215997814,False
XGB06,12,60,14,70,0.6190635759624943,False
XGB06,12,60,15,75,0.6077658311027421,False
XGB06,12,60,16,80,0.5995636166556805,False
XGB06,12,60,17,85,0.5729094157860667,False
XGB06,12,60,18,90,0.5745555605842135,False
XGB06,12,60,19,95,0.5499941979095886,False
XGB06,12,60,20,100,0.525963239376501,False
XGB06,12,60,21,105,0.5278047636788533,False
XGB06,12,60,22,110,0.5082704944391825,False
XGB06,12,60,23,115,0.5103974006771944,False
XGB06,12,60,24,120,0.4969643630671673,True
XGB06,12,60,25,125,0.4746710694166161,False
XGB06,12,60,26,130,0.4667722886132941,False
XGB06,12,60,27,135,0.4678364671786323,False
XGB06,12,60,28,140,0.4591788436694911,False
XGB06,12,60,29,145,0.4340620895485744,False
XGB06,12,60,30,150,0.43521594787349194,False
XGB06,12,60,31,155,0.42429530267237914,False
XGB06,12,60,32,160,0.4245286689923738,False
XGB06,12,60,33,165,0.38157773063384,False
XGB06,12,60,34,170,0.38178352103808155,False
XGB06,12,60,35,175,0.37352360818574243,False
XGB06,12,60,36,180,0.38064615302364435,False
XGB06,12,60,37,185,0.3581624560742637,False
XGB06,12,60,38,190,0.32724272790579706,False
XGB06,12,60,39,195,0.33851081470686034,False
XGB06,12,60,40,200,0.3184485436399868,False
XGB06,12,60,41,205,0.3001894240213669,False
XGB06,12,60,42,210,0.30396046568400875,False
XGB06,12,60,43,215,0.2980449602664195,False
XGB06,12,60,44,220,0.2797137736100151,False
XGB06,12,60,45,225,0.27048480556635235,False
XGB06,12,60,46,230,0.2531446536031437,False
XGB06,12,60,47,235,0.23686051490190133,False
XGB06,12,60,48,240,0.23329610400000228,False
