source_phase,source_closure,source_id,source_artifact,source_sha256,comparison,model,reference,horizon_steps,horizon_minutes,bootstrap_block_length,mean_improvement_bps_historical,bootstrap_ci_lower_bps,bootstrap_ci_upper_bps,bootstrap_probability_improvement,bootstrap_direction,mean_improvement_bps_recomputed,mean_improvement_delta_bps,sensitivity_class,direction_B6,direction_B12,direction_B24
Phase B,010,phase_b_sensitivity,ugr16_statistical_june_inference_residuals_bootstrap_sensitivity.csv,349b94fe6de9be6ad85452244b23f26ab2de6537769495a6f4c221375f22fa3e,arima_vs_persistence,ARIMA*,Persistence,1,5,6,1099559.51662993,293700.2154434648,1961784.6240624075,0.9956,model_better,1099559.5166299301,2.3283064365386963e-10,strictly_consistent,model_better,model_better,model_better
Phase B,010,phase_b_sensitivity,ugr16_statistical_june_inference_residuals_bootstrap_sensitivity.csv,349b94fe6de9be6ad85452244b23f26ab2de6537769495a6f4c221375f22fa3e,arima_vs_persistence,ARIMA*,Persistence,1,5,12,1099559.51662993,217258.06248950018,1974615.8488001383,0.9918,model_better,1099559.5166299301,2.3283064365386963e-10,strictly_consistent,model_better,model_better,model_better
Phase B,010,phase_b_sensitivity,ugr16_statistical_june_inference_residuals_bootstrap_sensitivity.csv,349b94fe6de9be6ad85452244b23f26ab2de6537769495a6f4c221375f22fa3e,arima_vs_persistence,ARIMA*,Persistence,1,5,24,1099559.51662993,117712.6192077202,2081226.6682951,0.9854,model_better,1099559.5166299301,2.3283064365386963e-10,strictly_consistent,model_better,model_better,model_better
Phase B,010,phase_b_sensitivity,ugr16_statistical_june_inference_residuals_bootstrap_sensitivity.csv,349b94fe6de9be6ad85452244b23f26ab2de6537769495a6f4c221375f22fa3e,arima_vs_persistence,ARIMA*,Persistence,3,15,6,1794849.6515015021,510889.24730073306,3075120.9133894723,0.9978,model_better,1794849.6515015021,0.0,strictly_consistent,model_better,model_better,model_better
Phase B,010,phase_b_sensitivity,ugr16_statistical_june_inference_residuals_bootstrap_sensitivity.csv,349b94fe6de9be6ad85452244b23f26ab2de6537769495a6f4c221375f22fa3e,arima_vs_persistence,ARIMA*,Persistence,3,15,12,1794849.6515015021,597270.4388881163,2947721.0266668135,0.9982,model_better,1794849.6515015021,0.0,strictly_consistent,model_better,model_better,model_better
Phase B,010,phase_b_sensitivity,ugr16_statistical_june_inference_residuals_bootstrap_sensitivity.csv,349b94fe6de9be6ad85452244b23f26ab2de6537769495a6f4c221375f22fa3e,arima_vs_persistence,ARIMA*,Persistence,3,15,24,1794849.6515015021,621315.4715059478,2933631.9291196465,0.998,model_better,1794849.6515015021,0.0,strictly_consistent,model_better,model_better,model_better
Phase B,010,phase_b_sensitivity,ugr16_statistical_june_inference_residuals_bootstrap_sensitivity.csv,349b94fe6de9be6ad85452244b23f26ab2de6537769495a6f4c221375f22fa3e,arima_vs_persistence,ARIMA*,Persistence,6,30,6,1469844.023526533,-20173.8932583024,2935945.828702075,0.9736,not_distinguishable,1469844.0235265333,2.3283064365386963e-10,strictly_consistent,not_distinguishable,not_distinguishable,not_distinguishable
Phase B,010,phase_b_sensitivity,ugr16_statistical_june_inference_residuals_bootstrap_sensitivity.csv,349b94fe6de9be6ad85452244b23f26ab2de6537769495a6f4c221375f22fa3e,arima_vs_persistence,ARIMA*,Persistence,6,30,12,1469844.023526533,-109497.9505800104,2953038.903486812,0.9668,not_distinguishable,1469844.0235265333,2.3283064365386963e-10,strictly_consistent,not_distinguishable,not_distinguishable,not_distinguishable
Phase B,010,phase_b_sensitivity,ugr16_statistical_june_inference_residuals_bootstrap_sensitivity.csv,349b94fe6de9be6ad85452244b23f26ab2de6537769495a6f4c221375f22fa3e,arima_vs_persistence,ARIMA*,Persistence,6,30,24,1469844.023526533,-186902.0543956194,3052936.7070919923,0.9598,not_distinguishable,1469844.0235265333,2.3283064365386963e-10,strictly_consistent,not_distinguishable,not_distinguishable,not_distinguishable
Phase B,010,phase_b_sensitivity,ugr16_statistical_june_inference_residuals_bootstrap_sensitivity.csv,349b94fe6de9be6ad85452244b23f26ab2de6537769495a6f4c221375f22fa3e,arima_vs_persistence,ARIMA*,Persistence,12,60,6,1190194.7445871613,-574378.4049778179,2953414.871414173,0.9016,not_distinguishable,1190194.7445871613,0.0,strictly_consistent,not_distinguishable,not_distinguishable,not_distinguishable
Phase B,010,phase_b_sensitivity,ugr16_statistical_june_inference_residuals_bootstrap_sensitivity.csv,349b94fe6de9be6ad85452244b23f26ab2de6537769495a6f4c221375f22fa3e,arima_vs_persistence,ARIMA*,Persistence,12,60,12,1190194.7445871613,-747867.4897115751,3062012.6583752097,0.89,not_distinguishable,1190194.7445871613,0.0,strictly_consistent,not_distinguishable,not_distinguishable,not_distinguishable
Phase B,010,phase_b_sensitivity,ugr16_statistical_june_inference_residuals_bootstrap_sensitivity.csv,349b94fe6de9be6ad85452244b23f26ab2de6537769495a6f4c221375f22fa3e,arima_vs_persistence,ARIMA*,Persistence,12,60,24,1190194.7445871613,-789604.534663642,3149985.358344402,0.8824,not_distinguishable,1190194.7445871613,0.0,strictly_consistent,not_distinguishable,not_distinguishable,not_distinguishable
Phase D,029,phase_d_sensitivity,ugr16_recurrent_inference_residuals_v1_2026-08-21_bootstrap_sensitivity.csv,0106709ffc4258fb75ace33987caafed4a5bc642a56ea710077d11cd3362fdf5,gru_vs_persistence,RECURRENT*,Persistence,1,5,6,-2793227.3527421206,-4367174.6881993245,-1252653.863144681,0.0002,reference_better,-2793227.3527421206,0.0,strictly_consistent,reference_better,reference_better,reference_better
Phase D,029,phase_d_sensitivity,ugr16_recurrent_inference_residuals_v1_2026-08-21_bootstrap_sensitivity.csv,0106709ffc4258fb75ace33987caafed4a5bc642a56ea710077d11cd3362fdf5,gru_vs_persistence,RECURRENT*,Persistence,1,5,12,-2793227.3527421206,-4693865.279800724,-978597.7257261232,0.0016,reference_better,-2793227.3527421206,0.0,strictly_consistent,reference_better,reference_better,reference_better
Phase D,029,phase_d_sensitivity,ugr16_recurrent_inference_residuals_v1_2026-08-21_bootstrap_sensitivity.csv,0106709ffc4258fb75ace33987caafed4a5bc642a56ea710077d11cd3362fdf5,gru_vs_persistence,RECURRENT*,Persistence,1,5,24,-2793227.3527421206,-5264854.739540448,-411551.42751259706,0.0096,reference_better,-2793227.3527421206,0.0,strictly_consistent,reference_better,reference_better,reference_better
Phase D,029,phase_d_sensitivity,ugr16_recurrent_inference_residuals_v1_2026-08-21_bootstrap_sensitivity.csv,0106709ffc4258fb75ace33987caafed4a5bc642a56ea710077d11cd3362fdf5,gru_vs_persistence,RECURRENT*,Persistence,3,15,6,-1492182.7049137475,-3392165.678465301,301983.47764235,0.0502,not_distinguishable,-1492182.7049137477,-2.3283064365386963e-10,strictly_consistent,not_distinguishable,not_distinguishable,not_distinguishable
Phase D,029,phase_d_sensitivity,ugr16_recurrent_inference_residuals_v1_2026-08-21_bootstrap_sensitivity.csv,0106709ffc4258fb75ace33987caafed4a5bc642a56ea710077d11cd3362fdf5,gru_vs_persistence,RECURRENT*,Persistence,3,15,12,-1492182.7049137475,-3753334.867429444,623735.2652888267,0.0876,not_distinguishable,-1492182.7049137477,-2.3283064365386963e-10,strictly_consistent,not_distinguishable,not_distinguishable,not_distinguishable
Phase D,029,phase_d_sensitivity,ugr16_recurrent_inference_residuals_v1_2026-08-21_bootstrap_sensitivity.csv,0106709ffc4258fb75ace33987caafed4a5bc642a56ea710077d11cd3362fdf5,gru_vs_persistence,RECURRENT*,Persistence,3,15,24,-1492182.7049137475,-4223255.2283321135,1055700.1206307437,0.1306,not_distinguishable,-1492182.7049137477,-2.3283064365386963e-10,strictly_consistent,not_distinguishable,not_distinguishable,not_distinguishable
Phase D,029,phase_d_sensitivity,ugr16_recurrent_inference_residuals_v1_2026-08-21_bootstrap_sensitivity.csv,0106709ffc4258fb75ace33987caafed4a5bc642a56ea710077d11cd3362fdf5,gru_vs_persistence,RECURRENT*,Persistence,6,30,6,-15003325.065042688,-20073094.12494983,-10190924.801934784,0.0,reference_better,-15003325.065042688,0.0,strictly_consistent,reference_better,reference_better,reference_better
Phase D,029,phase_d_sensitivity,ugr16_recurrent_inference_residuals_v1_2026-08-21_bootstrap_sensitivity.csv,0106709ffc4258fb75ace33987caafed4a5bc642a56ea710077d11cd3362fdf5,gru_vs_persistence,RECURRENT*,Persistence,6,30,12,-15003325.065042688,-21625167.83592402,-8707738.227927487,0.0,reference_better,-15003325.065042688,0.0,strictly_consistent,reference_better,reference_better,reference_better
Phase D,029,phase_d_sensitivity,ugr16_recurrent_inference_residuals_v1_2026-08-21_bootstrap_sensitivity.csv,0106709ffc4258fb75ace33987caafed4a5bc642a56ea710077d11cd3362fdf5,gru_vs_persistence,RECURRENT*,Persistence,6,30,24,-15003325.065042688,-24195267.068695497,-6766375.410968862,0.0,reference_better,-15003325.065042688,0.0,strictly_consistent,reference_better,reference_better,reference_better
Phase D,029,phase_d_sensitivity,ugr16_recurrent_inference_residuals_v1_2026-08-21_bootstrap_sensitivity.csv,0106709ffc4258fb75ace33987caafed4a5bc642a56ea710077d11cd3362fdf5,gru_vs_persistence,RECURRENT*,Persistence,12,60,6,-23813584.583798096,-31533622.9710008,-16569412.622452049,0.0,reference_better,-23813584.583798096,0.0,strictly_consistent,reference_better,reference_better,reference_better
Phase D,029,phase_d_sensitivity,ugr16_recurrent_inference_residuals_v1_2026-08-21_bootstrap_sensitivity.csv,0106709ffc4258fb75ace33987caafed4a5bc642a56ea710077d11cd3362fdf5,gru_vs_persistence,RECURRENT*,Persistence,12,60,12,-23813584.583798096,-33693145.38669749,-14417146.475286355,0.0,reference_better,-23813584.583798096,0.0,strictly_consistent,reference_better,reference_better,reference_better
Phase D,029,phase_d_sensitivity,ugr16_recurrent_inference_residuals_v1_2026-08-21_bootstrap_sensitivity.csv,0106709ffc4258fb75ace33987caafed4a5bc642a56ea710077d11cd3362fdf5,gru_vs_persistence,RECURRENT*,Persistence,12,60,24,-23813584.583798096,-36204557.58394631,-11923805.373854062,0.0,reference_better,-23813584.583798096,0.0,strictly_consistent,reference_better,reference_better,reference_better
Phase C,022,phase_c_sensitivity,ugr16_tree_inference_residuals_bootstrap_sensitivity.csv,bb8e17e3d10aef31f41f462e3eb1b73c700be81bc81ca199b7b30a31e1a9349b,lgbm_vs_persistence,TREE*,Persistence,1,5,6,-8240402.682673457,-11499935.26062483,-5136493.305349819,0.0,reference_better,-8240402.682673457,0.0,strictly_consistent,reference_better,reference_better,reference_better
Phase C,022,phase_c_sensitivity,ugr16_tree_inference_residuals_bootstrap_sensitivity.csv,bb8e17e3d10aef31f41f462e3eb1b73c700be81bc81ca199b7b30a31e1a9349b,lgbm_vs_persistence,TREE*,Persistence,1,5,12,-8240402.682673457,-12405025.899811463,-4307656.129249679,0.0,reference_better,-8240402.682673457,0.0,strictly_consistent,reference_better,reference_better,reference_better
Phase C,022,phase_c_sensitivity,ugr16_tree_inference_residuals_bootstrap_sensitivity.csv,bb8e17e3d10aef31f41f462e3eb1b73c700be81bc81ca199b7b30a31e1a9349b,lgbm_vs_persistence,TREE*,Persistence,1,5,24,-8240402.682673457,-14161924.030173715,-3067189.8516724147,0.0,reference_better,-8240402.682673457,0.0,strictly_consistent,reference_better,reference_better,reference_better
Phase C,022,phase_c_sensitivity,ugr16_tree_inference_residuals_bootstrap_sensitivity.csv,bb8e17e3d10aef31f41f462e3eb1b73c700be81bc81ca199b7b30a31e1a9349b,lgbm_vs_persistence,TREE*,Persistence,3,15,6,-19031695.102882277,-24305073.35895901,-14106541.31955835,0.0,reference_better,-19031695.102882273,3.725290298461914e-09,strictly_consistent,reference_better,reference_better,reference_better
Phase C,022,phase_c_sensitivity,ugr16_tree_inference_residuals_bootstrap_sensitivity.csv,bb8e17e3d10aef31f41f462e3eb1b73c700be81bc81ca199b7b30a31e1a9349b,lgbm_vs_persistence,TREE*,Persistence,3,15,12,-19031695.102882277,-26346116.845512856,-12365185.121786945,0.0,reference_better,-19031695.102882273,3.725290298461914e-09,strictly_consistent,reference_better,reference_better,reference_better
Phase C,022,phase_c_sensitivity,ugr16_tree_inference_residuals_bootstrap_sensitivity.csv,bb8e17e3d10aef31f41f462e3eb1b73c700be81bc81ca199b7b30a31e1a9349b,lgbm_vs_persistence,TREE*,Persistence,3,15,24,-19031695.102882277,-28181655.84856759,-9811973.010322424,0.0,reference_better,-19031695.102882273,3.725290298461914e-09,strictly_consistent,reference_better,reference_better,reference_better
Phase C,022,phase_c_sensitivity,ugr16_tree_inference_residuals_bootstrap_sensitivity.csv,bb8e17e3d10aef31f41f462e3eb1b73c700be81bc81ca199b7b30a31e1a9349b,lgbm_vs_persistence,TREE*,Persistence,6,30,6,-27669033.75065716,-34650196.2995913,-20829528.91306341,0.0,reference_better,-27669033.750657156,3.725290298461914e-09,strictly_consistent,reference_better,reference_better,reference_better
Phase C,022,phase_c_sensitivity,ugr16_tree_inference_residuals_bootstrap_sensitivity.csv,bb8e17e3d10aef31f41f462e3eb1b73c700be81bc81ca199b7b30a31e1a9349b,lgbm_vs_persistence,TREE*,Persistence,6,30,12,-27669033.75065716,-37186981.31909582,-18295745.0186877,0.0,reference_better,-27669033.750657156,3.725290298461914e-09,strictly_consistent,reference_better,reference_better,reference_better
Phase C,022,phase_c_sensitivity,ugr16_tree_inference_residuals_bootstrap_sensitivity.csv,bb8e17e3d10aef31f41f462e3eb1b73c700be81bc81ca199b7b30a31e1a9349b,lgbm_vs_persistence,TREE*,Persistence,6,30,24,-27669033.75065716,-40655933.45259153,-15563098.068653136,0.0,reference_better,-27669033.750657156,3.725290298461914e-09,strictly_consistent,reference_better,reference_better,reference_better
Phase C,022,phase_c_sensitivity,ugr16_tree_inference_residuals_bootstrap_sensitivity.csv,bb8e17e3d10aef31f41f462e3eb1b73c700be81bc81ca199b7b30a31e1a9349b,lgbm_vs_persistence,TREE*,Persistence,12,60,6,-29114263.64362991,-38339763.80283128,-20222116.04737341,0.0,reference_better,-29114263.64362991,0.0,strictly_consistent,reference_better,reference_better,reference_better
Phase C,022,phase_c_sensitivity,ugr16_tree_inference_residuals_bootstrap_sensitivity.csv,bb8e17e3d10aef31f41f462e3eb1b73c700be81bc81ca199b7b30a31e1a9349b,lgbm_vs_persistence,TREE*,Persistence,12,60,12,-29114263.64362991,-41685988.58025584,-17313228.449107938,0.0,reference_better,-29114263.64362991,0.0,strictly_consistent,reference_better,reference_better,reference_better
Phase C,022,phase_c_sensitivity,ugr16_tree_inference_residuals_bootstrap_sensitivity.csv,bb8e17e3d10aef31f41f462e3eb1b73c700be81bc81ca199b7b30a31e1a9349b,lgbm_vs_persistence,TREE*,Persistence,12,60,24,-29114263.64362991,-46547018.47473098,-12501308.201145684,0.0,reference_better,-29114263.64362991,0.0,strictly_consistent,reference_better,reference_better,reference_better
Phase D,029,phase_d_sensitivity,ugr16_recurrent_inference_residuals_v1_2026-08-21_bootstrap_sensitivity.csv,0106709ffc4258fb75ace33987caafed4a5bc642a56ea710077d11cd3362fdf5,recurrent_vs_arima,RECURRENT*,ARIMA*,1,5,6,-3892786.869372051,-5317191.72453199,-2579615.4729178688,0.0,reference_better,-3892786.869372051,0.0,strictly_consistent,reference_better,reference_better,reference_better
Phase D,029,phase_d_sensitivity,ugr16_recurrent_inference_residuals_v1_2026-08-21_bootstrap_sensitivity.csv,0106709ffc4258fb75ace33987caafed4a5bc642a56ea710077d11cd3362fdf5,recurrent_vs_arima,RECURRENT*,ARIMA*,1,5,12,-3892786.869372051,-5559727.120190967,-2314676.1050464823,0.0,reference_better,-3892786.869372051,0.0,strictly_consistent,reference_better,reference_better,reference_better
Phase D,029,phase_d_sensitivity,ugr16_recurrent_inference_residuals_v1_2026-08-21_bootstrap_sensitivity.csv,0106709ffc4258fb75ace33987caafed4a5bc642a56ea710077d11cd3362fdf5,recurrent_vs_arima,RECURRENT*,ARIMA*,1,5,24,-3892786.869372051,-6049973.75549727,-1887803.560888467,0.0,reference_better,-3892786.869372051,0.0,strictly_consistent,reference_better,reference_better,reference_better
Phase D,029,phase_d_sensitivity,ugr16_recurrent_inference_residuals_v1_2026-08-21_bootstrap_sensitivity.csv,0106709ffc4258fb75ace33987caafed4a5bc642a56ea710077d11cd3362fdf5,recurrent_vs_arima,RECURRENT*,ARIMA*,3,15,6,-3287032.35641525,-5117462.757855252,-1412503.9501166025,0.0,reference_better,-3287032.35641525,0.0,strictly_consistent,reference_better,reference_better,reference_better
Phase D,029,phase_d_sensitivity,ugr16_recurrent_inference_residuals_v1_2026-08-21_bootstrap_sensitivity.csv,0106709ffc4258fb75ace33987caafed4a5bc642a56ea710077d11cd3362fdf5,recurrent_vs_arima,RECURRENT*,ARIMA*,3,15,12,-3287032.35641525,-5395810.142798588,-1310117.109038386,0.0008,reference_better,-3287032.35641525,0.0,strictly_consistent,reference_better,reference_better,reference_better
Phase D,029,phase_d_sensitivity,ugr16_recurrent_inference_residuals_v1_2026-08-21_bootstrap_sensitivity.csv,0106709ffc4258fb75ace33987caafed4a5bc642a56ea710077d11cd3362fdf5,recurrent_vs_arima,RECURRENT*,ARIMA*,3,15,24,-3287032.35641525,-5905448.229056067,-784953.5126472537,0.0044,reference_better,-3287032.35641525,0.0,strictly_consistent,reference_better,reference_better,reference_better
Phase D,029,phase_d_sensitivity,ugr16_recurrent_inference_residuals_v1_2026-08-21_bootstrap_sensitivity.csv,0106709ffc4258fb75ace33987caafed4a5bc642a56ea710077d11cd3362fdf5,recurrent_vs_arima,RECURRENT*,ARIMA*,6,30,6,-16473169.088569222,-21255796.35906137,-11649342.973129962,0.0,reference_better,-16473169.088569222,0.0,strictly_consistent,reference_better,reference_better,reference_better
Phase D,029,phase_d_sensitivity,ugr16_recurrent_inference_residuals_v1_2026-08-21_bootstrap_sensitivity.csv,0106709ffc4258fb75ace33987caafed4a5bc642a56ea710077d11cd3362fdf5,recurrent_vs_arima,RECURRENT*,ARIMA*,6,30,12,-16473169.088569222,-23253392.641396083,-10227584.172691165,0.0,reference_better,-16473169.088569222,0.0,strictly_consistent,reference_better,reference_better,reference_better
Phase D,029,phase_d_sensitivity,ugr16_recurrent_inference_residuals_v1_2026-08-21_bootstrap_sensitivity.csv,0106709ffc4258fb75ace33987caafed4a5bc642a56ea710077d11cd3362fdf5,recurrent_vs_arima,RECURRENT*,ARIMA*,6,30,24,-16473169.088569222,-25272796.495138638,-8353619.173165994,0.0,reference_better,-16473169.088569222,0.0,strictly_consistent,reference_better,reference_better,reference_better
Phase D,029,phase_d_sensitivity,ugr16_recurrent_inference_residuals_v1_2026-08-21_bootstrap_sensitivity.csv,0106709ffc4258fb75ace33987caafed4a5bc642a56ea710077d11cd3362fdf5,recurrent_vs_arima,RECURRENT*,ARIMA*,12,60,6,-25003779.328385256,-32132844.50767946,-17932695.26729039,0.0,reference_better,-25003779.328385256,0.0,strictly_consistent,reference_better,reference_better,reference_better
Phase D,029,phase_d_sensitivity,ugr16_recurrent_inference_residuals_v1_2026-08-21_bootstrap_sensitivity.csv,0106709ffc4258fb75ace33987caafed4a5bc642a56ea710077d11cd3362fdf5,recurrent_vs_arima,RECURRENT*,ARIMA*,12,60,12,-25003779.328385256,-34554989.00854235,-15683962.449949328,0.0,reference_better,-25003779.328385256,0.0,strictly_consistent,reference_better,reference_better,reference_better
Phase D,029,phase_d_sensitivity,ugr16_recurrent_inference_residuals_v1_2026-08-21_bootstrap_sensitivity.csv,0106709ffc4258fb75ace33987caafed4a5bc642a56ea710077d11cd3362fdf5,recurrent_vs_arima,RECURRENT*,ARIMA*,12,60,24,-25003779.328385256,-36918318.59309816,-13273758.047689537,0.0,reference_better,-25003779.328385256,0.0,strictly_consistent,reference_better,reference_better,reference_better
Phase D,029,phase_d_sensitivity,ugr16_recurrent_inference_residuals_v1_2026-08-21_bootstrap_sensitivity.csv,0106709ffc4258fb75ace33987caafed4a5bc642a56ea710077d11cd3362fdf5,recurrent_vs_tree,RECURRENT*,TREE*,1,5,6,5447175.329931336,3690230.406294861,7362185.126474149,1.0,model_better,5447175.3299313355,-9.313225746154785e-10,strictly_consistent,model_better,model_better,model_better
Phase D,029,phase_d_sensitivity,ugr16_recurrent_inference_residuals_v1_2026-08-21_bootstrap_sensitivity.csv,0106709ffc4258fb75ace33987caafed4a5bc642a56ea710077d11cd3362fdf5,recurrent_vs_tree,RECURRENT*,TREE*,1,5,12,5447175.329931336,3052357.945594344,8020737.463053755,1.0,model_better,5447175.3299313355,-9.313225746154785e-10,strictly_consistent,model_better,model_better,model_better
Phase D,029,phase_d_sensitivity,ugr16_recurrent_inference_residuals_v1_2026-08-21_bootstrap_sensitivity.csv,0106709ffc4258fb75ace33987caafed4a5bc642a56ea710077d11cd3362fdf5,recurrent_vs_tree,RECURRENT*,TREE*,1,5,24,5447175.329931336,2436744.1898535737,8985553.061070813,0.9998,model_better,5447175.3299313355,-9.313225746154785e-10,strictly_consistent,model_better,model_better,model_better
Phase D,029,phase_d_sensitivity,ugr16_recurrent_inference_residuals_v1_2026-08-21_bootstrap_sensitivity.csv,0106709ffc4258fb75ace33987caafed4a5bc642a56ea710077d11cd3362fdf5,recurrent_vs_tree,RECURRENT*,TREE*,3,15,6,17539512.397968527,13724303.02428696,21613646.71637575,1.0,model_better,17539512.397968527,0.0,strictly_consistent,model_better,model_better,model_better
Phase D,029,phase_d_sensitivity,ugr16_recurrent_inference_residuals_v1_2026-08-21_bootstrap_sensitivity.csv,0106709ffc4258fb75ace33987caafed4a5bc642a56ea710077d11cd3362fdf5,recurrent_vs_tree,RECURRENT*,TREE*,3,15,12,17539512.397968527,12336740.857608082,22759470.853175465,1.0,model_better,17539512.397968527,0.0,strictly_consistent,model_better,model_better,model_better
Phase D,029,phase_d_sensitivity,ugr16_recurrent_inference_residuals_v1_2026-08-21_bootstrap_sensitivity.csv,0106709ffc4258fb75ace33987caafed4a5bc642a56ea710077d11cd3362fdf5,recurrent_vs_tree,RECURRENT*,TREE*,3,15,24,17539512.397968527,10368331.985540291,25073864.885890163,1.0,model_better,17539512.397968527,0.0,strictly_consistent,model_better,model_better,model_better
Phase D,029,phase_d_sensitivity,ugr16_recurrent_inference_residuals_v1_2026-08-21_bootstrap_sensitivity.csv,0106709ffc4258fb75ace33987caafed4a5bc642a56ea710077d11cd3362fdf5,recurrent_vs_tree,RECURRENT*,TREE*,6,30,6,12665708.685614469,8256285.609225597,17267352.201189525,1.0,model_better,12665708.685614467,-1.862645149230957e-09,strictly_consistent,model_better,model_better,model_better
Phase D,029,phase_d_sensitivity,ugr16_recurrent_inference_residuals_v1_2026-08-21_bootstrap_sensitivity.csv,0106709ffc4258fb75ace33987caafed4a5bc642a56ea710077d11cd3362fdf5,recurrent_vs_tree,RECURRENT*,TREE*,6,30,12,12665708.685614469,6912977.082878809,18406487.426110424,1.0,model_better,12665708.685614467,-1.862645149230957e-09,strictly_consistent,model_better,model_better,model_better
Phase D,029,phase_d_sensitivity,ugr16_recurrent_inference_residuals_v1_2026-08-21_bootstrap_sensitivity.csv,0106709ffc4258fb75ace33987caafed4a5bc642a56ea710077d11cd3362fdf5,recurrent_vs_tree,RECURRENT*,TREE*,6,30,24,12665708.685614469,5500941.805176111,20370067.173693538,0.9996,model_better,12665708.685614467,-1.862645149230957e-09,strictly_consistent,model_better,model_better,model_better
Phase D,029,phase_d_sensitivity,ugr16_recurrent_inference_residuals_v1_2026-08-21_bootstrap_sensitivity.csv,0106709ffc4258fb75ace33987caafed4a5bc642a56ea710077d11cd3362fdf5,recurrent_vs_tree,RECURRENT*,TREE*,12,60,6,5300679.059831814,-186415.23917286133,10734683.55752898,0.9696,not_distinguishable,5300679.059831814,0.0,strictly_consistent,not_distinguishable,not_distinguishable,not_distinguishable
Phase D,029,phase_d_sensitivity,ugr16_recurrent_inference_residuals_v1_2026-08-21_bootstrap_sensitivity.csv,0106709ffc4258fb75ace33987caafed4a5bc642a56ea710077d11cd3362fdf5,recurrent_vs_tree,RECURRENT*,TREE*,12,60,12,5300679.059831814,-1850410.7305898475,12256319.990775349,0.9276,not_distinguishable,5300679.059831814,0.0,strictly_consistent,not_distinguishable,not_distinguishable,not_distinguishable
Phase D,029,phase_d_sensitivity,ugr16_recurrent_inference_residuals_v1_2026-08-21_bootstrap_sensitivity.csv,0106709ffc4258fb75ace33987caafed4a5bc642a56ea710077d11cd3362fdf5,recurrent_vs_tree,RECURRENT*,TREE*,12,60,24,5300679.059831814,-2344464.0156759224,13217394.176262587,0.9014,not_distinguishable,5300679.059831814,0.0,strictly_consistent,not_distinguishable,not_distinguishable,not_distinguishable
Phase D,029,phase_d_sensitivity,ugr16_recurrent_inference_residuals_v1_2026-08-21_bootstrap_sensitivity.csv,0106709ffc4258fb75ace33987caafed4a5bc642a56ea710077d11cd3362fdf5,recurrent_vs_var,RECURRENT*,VAR*,1,5,6,-3937029.2820480415,-5344747.512366056,-2580393.870875956,0.0,reference_better,-3937029.2820480424,-9.313225746154785e-10,strictly_consistent,reference_better,reference_better,reference_better
Phase D,029,phase_d_sensitivity,ugr16_recurrent_inference_residuals_v1_2026-08-21_bootstrap_sensitivity.csv,0106709ffc4258fb75ace33987caafed4a5bc642a56ea710077d11cd3362fdf5,recurrent_vs_var,RECURRENT*,VAR*,1,5,12,-3937029.2820480415,-5764189.117392646,-2266099.4869529363,0.0,reference_better,-3937029.2820480424,-9.313225746154785e-10,strictly_consistent,reference_better,reference_better,reference_better
Phase D,029,phase_d_sensitivity,ugr16_recurrent_inference_residuals_v1_2026-08-21_bootstrap_sensitivity.csv,0106709ffc4258fb75ace33987caafed4a5bc642a56ea710077d11cd3362fdf5,recurrent_vs_var,RECURRENT*,VAR*,1,5,24,-3937029.2820480415,-6267971.148762454,-1827076.3613305253,0.0,reference_better,-3937029.2820480424,-9.313225746154785e-10,strictly_consistent,reference_better,reference_better,reference_better
Phase D,029,phase_d_sensitivity,ugr16_recurrent_inference_residuals_v1_2026-08-21_bootstrap_sensitivity.csv,0106709ffc4258fb75ace33987caafed4a5bc642a56ea710077d11cd3362fdf5,recurrent_vs_var,RECURRENT*,VAR*,3,15,6,-3550916.9848406618,-5384083.712942553,-1824851.8510580536,0.0,reference_better,-3550916.9848406618,0.0,strictly_consistent,reference_better,reference_better,reference_better
Phase D,029,phase_d_sensitivity,ugr16_recurrent_inference_residuals_v1_2026-08-21_bootstrap_sensitivity.csv,0106709ffc4258fb75ace33987caafed4a5bc642a56ea710077d11cd3362fdf5,recurrent_vs_var,RECURRENT*,VAR*,3,15,12,-3550916.9848406618,-5734248.134107497,-1511738.4705395948,0.0004,reference_better,-3550916.9848406618,0.0,strictly_consistent,reference_better,reference_better,reference_better
Phase D,029,phase_d_sensitivity,ugr16_recurrent_inference_residuals_v1_2026-08-21_bootstrap_sensitivity.csv,0106709ffc4258fb75ace33987caafed4a5bc642a56ea710077d11cd3362fdf5,recurrent_vs_var,RECURRENT*,VAR*,3,15,24,-3550916.9848406618,-6162166.77281486,-1084481.5849037124,0.0018,reference_better,-3550916.9848406618,0.0,strictly_consistent,reference_better,reference_better,reference_better
Phase D,029,phase_d_sensitivity,ugr16_recurrent_inference_residuals_v1_2026-08-21_bootstrap_sensitivity.csv,0106709ffc4258fb75ace33987caafed4a5bc642a56ea710077d11cd3362fdf5,recurrent_vs_var,RECURRENT*,VAR*,6,30,6,-16799603.07266078,-21856424.26973958,-12031603.099382944,0.0,reference_better,-16799603.07266078,0.0,strictly_consistent,reference_better,reference_better,reference_better
Phase D,029,phase_d_sensitivity,ugr16_recurrent_inference_residuals_v1_2026-08-21_bootstrap_sensitivity.csv,0106709ffc4258fb75ace33987caafed4a5bc642a56ea710077d11cd3362fdf5,recurrent_vs_var,RECURRENT*,VAR*,6,30,12,-16799603.07266078,-23449825.16090821,-10562259.89627324,0.0,reference_better,-16799603.07266078,0.0,strictly_consistent,reference_better,reference_better,reference_better
Phase D,029,phase_d_sensitivity,ugr16_recurrent_inference_residuals_v1_2026-08-21_bootstrap_sensitivity.csv,0106709ffc4258fb75ace33987caafed4a5bc642a56ea710077d11cd3362fdf5,recurrent_vs_var,RECURRENT*,VAR*,6,30,24,-16799603.07266078,-25964403.10555644,-8692904.741216803,0.0,reference_better,-16799603.07266078,0.0,strictly_consistent,reference_better,reference_better,reference_better
Phase D,029,phase_d_sensitivity,ugr16_recurrent_inference_residuals_v1_2026-08-21_bootstrap_sensitivity.csv,0106709ffc4258fb75ace33987caafed4a5bc642a56ea710077d11cd3362fdf5,recurrent_vs_var,RECURRENT*,VAR*,12,60,6,-25140930.816523965,-32426621.579491574,-17991432.483349174,0.0,reference_better,-25140930.816523965,0.0,strictly_consistent,reference_better,reference_better,reference_better
Phase D,029,phase_d_sensitivity,ugr16_recurrent_inference_residuals_v1_2026-08-21_bootstrap_sensitivity.csv,0106709ffc4258fb75ace33987caafed4a5bc642a56ea710077d11cd3362fdf5,recurrent_vs_var,RECURRENT*,VAR*,12,60,12,-25140930.816523965,-35060339.299026124,-15417471.020130748,0.0,reference_better,-25140930.816523965,0.0,strictly_consistent,reference_better,reference_better,reference_better
Phase D,029,phase_d_sensitivity,ugr16_recurrent_inference_residuals_v1_2026-08-21_bootstrap_sensitivity.csv,0106709ffc4258fb75ace33987caafed4a5bc642a56ea710077d11cd3362fdf5,recurrent_vs_var,RECURRENT*,VAR*,12,60,24,-25140930.816523965,-37733384.77821448,-13386042.301986054,0.0,reference_better,-25140930.816523965,0.0,strictly_consistent,reference_better,reference_better,reference_better
Phase E,046,phase_e_sensitivity,ugr16_transformer_inference_residuals_v1_2026-08-22_bootstrap_sensitivity.csv,b685d8a96b623f70d9221b810c05731e73c90ec348aebb5ddb0f23803dc84ea3,transformer_vs_arima,TRANSFORMER*,ARIMA*,1,5,6,-3568612.739646564,-5090136.049461771,-2151636.749883234,0.0,reference_better,-3568612.7396465633,4.656612873077393e-10,strictly_consistent,reference_better,reference_better,reference_better
Phase E,046,phase_e_sensitivity,ugr16_transformer_inference_residuals_v1_2026-08-22_bootstrap_sensitivity.csv,b685d8a96b623f70d9221b810c05731e73c90ec348aebb5ddb0f23803dc84ea3,transformer_vs_arima,TRANSFORMER*,ARIMA*,1,5,12,-3568612.739646564,-5520829.305019254,-1845285.5890357457,0.0,reference_better,-3568612.7396465633,4.656612873077393e-10,strictly_consistent,reference_better,reference_better,reference_better
Phase E,046,phase_e_sensitivity,ugr16_transformer_inference_residuals_v1_2026-08-22_bootstrap_sensitivity.csv,b685d8a96b623f70d9221b810c05731e73c90ec348aebb5ddb0f23803dc84ea3,transformer_vs_arima,TRANSFORMER*,ARIMA*,1,5,24,-3568612.739646564,-6111912.944530907,-1513498.6657508404,0.0,reference_better,-3568612.7396465633,4.656612873077393e-10,strictly_consistent,reference_better,reference_better,reference_better
Phase E,046,phase_e_sensitivity,ugr16_transformer_inference_residuals_v1_2026-08-22_bootstrap_sensitivity.csv,b685d8a96b623f70d9221b810c05731e73c90ec348aebb5ddb0f23803dc84ea3,transformer_vs_arima,TRANSFORMER*,ARIMA*,3,15,6,-4755055.153352448,-6924360.5371448975,-2809901.434502441,0.0,reference_better,-4755055.153352448,0.0,strictly_consistent,reference_better,reference_better,reference_better
Phase E,046,phase_e_sensitivity,ugr16_transformer_inference_residuals_v1_2026-08-22_bootstrap_sensitivity.csv,b685d8a96b623f70d9221b810c05731e73c90ec348aebb5ddb0f23803dc84ea3,transformer_vs_arima,TRANSFORMER*,ARIMA*,3,15,12,-4755055.153352448,-7517747.123873615,-2289595.8178286115,0.0,reference_better,-4755055.153352448,0.0,strictly_consistent,reference_better,reference_better,reference_better
Phase E,046,phase_e_sensitivity,ugr16_transformer_inference_residuals_v1_2026-08-22_bootstrap_sensitivity.csv,b685d8a96b623f70d9221b810c05731e73c90ec348aebb5ddb0f23803dc84ea3,transformer_vs_arima,TRANSFORMER*,ARIMA*,3,15,24,-4755055.153352448,-8402470.179279825,-1792306.2911602375,0.0,reference_better,-4755055.153352448,0.0,strictly_consistent,reference_better,reference_better,reference_better
Phase E,046,phase_e_sensitivity,ugr16_transformer_inference_residuals_v1_2026-08-22_bootstrap_sensitivity.csv,b685d8a96b623f70d9221b810c05731e73c90ec348aebb5ddb0f23803dc84ea3,transformer_vs_arima,TRANSFORMER*,ARIMA*,6,30,6,-8807324.459981427,-12037320.859849423,-5725847.372488663,0.0,reference_better,-8807324.459981427,0.0,strictly_consistent,reference_better,reference_better,reference_better
Phase E,046,phase_e_sensitivity,ugr16_transformer_inference_residuals_v1_2026-08-22_bootstrap_sensitivity.csv,b685d8a96b623f70d9221b810c05731e73c90ec348aebb5ddb0f23803dc84ea3,transformer_vs_arima,TRANSFORMER*,ARIMA*,6,30,12,-8807324.459981427,-12892930.486613533,-4745854.350078541,0.0,reference_better,-8807324.459981427,0.0,strictly_consistent,reference_better,reference_better,reference_better
Phase E,046,phase_e_sensitivity,ugr16_transformer_inference_residuals_v1_2026-08-22_bootstrap_sensitivity.csv,b685d8a96b623f70d9221b810c05731e73c90ec348aebb5ddb0f23803dc84ea3,transformer_vs_arima,TRANSFORMER*,ARIMA*,6,30,24,-8807324.459981427,-14244155.1110613,-3843275.852851016,0.0004,reference_better,-8807324.459981427,0.0,strictly_consistent,reference_better,reference_better,reference_better
Phase E,046,phase_e_sensitivity,ugr16_transformer_inference_residuals_v1_2026-08-22_bootstrap_sensitivity.csv,b685d8a96b623f70d9221b810c05731e73c90ec348aebb5ddb0f23803dc84ea3,transformer_vs_arima,TRANSFORMER*,ARIMA*,12,60,6,-10706598.588602692,-14456679.8028596,-6989736.353858373,0.0,reference_better,-10706598.588602692,0.0,strictly_consistent,reference_better,reference_better,reference_better
Phase E,046,phase_e_sensitivity,ugr16_transformer_inference_residuals_v1_2026-08-22_bootstrap_sensitivity.csv,b685d8a96b623f70d9221b810c05731e73c90ec348aebb5ddb0f23803dc84ea3,transformer_vs_arima,TRANSFORMER*,ARIMA*,12,60,12,-10706598.588602692,-15521895.55936176,-5829348.909738577,0.0,reference_better,-10706598.588602692,0.0,strictly_consistent,reference_better,reference_better,reference_better
Phase E,046,phase_e_sensitivity,ugr16_transformer_inference_residuals_v1_2026-08-22_bootstrap_sensitivity.csv,b685d8a96b623f70d9221b810c05731e73c90ec348aebb5ddb0f23803dc84ea3,transformer_vs_arima,TRANSFORMER*,ARIMA*,12,60,24,-10706598.588602692,-16651571.310663445,-4740966.688418196,0.0,reference_better,-10706598.588602692,0.0,strictly_consistent,reference_better,reference_better,reference_better
Phase E,046,phase_e_sensitivity,ugr16_transformer_inference_residuals_v1_2026-08-22_bootstrap_sensitivity.csv,b685d8a96b623f70d9221b810c05731e73c90ec348aebb5ddb0f23803dc84ea3,transformer_vs_persistence,TRANSFORMER*,Persistence,1,5,6,-2469053.2230166337,-4301252.427367651,-735286.2048369248,0.0018,reference_better,-2469053.2230166337,0.0,weakened_not_reversed,reference_better,reference_better,not_distinguishable
Phase E,046,phase_e_sensitivity,ugr16_transformer_inference_residuals_v1_2026-08-22_bootstrap_sensitivity.csv,b685d8a96b623f70d9221b810c05731e73c90ec348aebb5ddb0f23803dc84ea3,transformer_vs_persistence,TRANSFORMER*,Persistence,1,5,12,-2469053.2230166337,-4713614.952093216,-409395.2519998333,0.0082,reference_better,-2469053.2230166337,0.0,weakened_not_reversed,reference_better,reference_better,not_distinguishable
Phase E,046,phase_e_sensitivity,ugr16_transformer_inference_residuals_v1_2026-08-22_bootstrap_sensitivity.csv,b685d8a96b623f70d9221b810c05731e73c90ec348aebb5ddb0f23803dc84ea3,transformer_vs_persistence,TRANSFORMER*,Persistence,1,5,24,-2469053.2230166337,-5319848.560120906,6906.863204840666,0.0256,not_distinguishable,-2469053.2230166337,0.0,weakened_not_reversed,reference_better,reference_better,not_distinguishable
Phase E,046,phase_e_sensitivity,ugr16_transformer_inference_residuals_v1_2026-08-22_bootstrap_sensitivity.csv,b685d8a96b623f70d9221b810c05731e73c90ec348aebb5ddb0f23803dc84ea3,transformer_vs_persistence,TRANSFORMER*,Persistence,3,15,6,-2960205.501850945,-5345139.903967313,-698816.7784068864,0.0046,reference_better,-2960205.501850945,0.0,weakened_not_reversed,reference_better,reference_better,not_distinguishable
Phase E,046,phase_e_sensitivity,ugr16_transformer_inference_residuals_v1_2026-08-22_bootstrap_sensitivity.csv,b685d8a96b623f70d9221b810c05731e73c90ec348aebb5ddb0f23803dc84ea3,transformer_vs_persistence,TRANSFORMER*,Persistence,3,15,12,-2960205.501850945,-5841664.629897795,-397237.65545606526,0.0118,reference_better,-2960205.501850945,0.0,weakened_not_reversed,reference_better,reference_better,not_distinguishable
Phase E,046,phase_e_sensitivity,ugr16_transformer_inference_residuals_v1_2026-08-22_bootstrap_sensitivity.csv,b685d8a96b623f70d9221b810c05731e73c90ec348aebb5ddb0f23803dc84ea3,transformer_vs_persistence,TRANSFORMER*,Persistence,3,15,24,-2960205.501850945,-6700502.580990107,217525.55138988217,0.0366,not_distinguishable,-2960205.501850945,0.0,weakened_not_reversed,reference_better,reference_better,not_distinguishable
Phase E,046,phase_e_sensitivity,ugr16_transformer_inference_residuals_v1_2026-08-22_bootstrap_sensitivity.csv,b685d8a96b623f70d9221b810c05731e73c90ec348aebb5ddb0f23803dc84ea3,transformer_vs_persistence,TRANSFORMER*,Persistence,6,30,6,-7337480.436454894,-10876405.592004873,-4163198.30730769,0.0,reference_better,-7337480.436454894,0.0,strictly_consistent,reference_better,reference_better,reference_better
Phase E,046,phase_e_sensitivity,ugr16_transformer_inference_residuals_v1_2026-08-22_bootstrap_sensitivity.csv,b685d8a96b623f70d9221b810c05731e73c90ec348aebb5ddb0f23803dc84ea3,transformer_vs_persistence,TRANSFORMER*,Persistence,6,30,12,-7337480.436454894,-11703683.587278085,-3233432.941231239,0.0,reference_better,-7337480.436454894,0.0,strictly_consistent,reference_better,reference_better,reference_better
Phase E,046,phase_e_sensitivity,ugr16_transformer_inference_residuals_v1_2026-08-22_bootstrap_sensitivity.csv,b685d8a96b623f70d9221b810c05731e73c90ec348aebb5ddb0f23803dc84ea3,transformer_vs_persistence,TRANSFORMER*,Persistence,6,30,24,-7337480.436454894,-12997945.56078568,-2209902.3708766783,0.0016,reference_better,-7337480.436454894,0.0,strictly_consistent,reference_better,reference_better,reference_better
Phase E,046,phase_e_sensitivity,ugr16_transformer_inference_residuals_v1_2026-08-22_bootstrap_sensitivity.csv,b685d8a96b623f70d9221b810c05731e73c90ec348aebb5ddb0f23803dc84ea3,transformer_vs_persistence,TRANSFORMER*,Persistence,12,60,6,-9516403.844015531,-13438403.088703414,-5696563.381898923,0.0,reference_better,-9516403.844015531,0.0,strictly_consistent,reference_better,reference_better,reference_better
Phase E,046,phase_e_sensitivity,ugr16_transformer_inference_residuals_v1_2026-08-22_bootstrap_sensitivity.csv,b685d8a96b623f70d9221b810c05731e73c90ec348aebb5ddb0f23803dc84ea3,transformer_vs_persistence,TRANSFORMER*,Persistence,12,60,12,-9516403.844015531,-14488588.523365105,-4765625.108655713,0.0,reference_better,-9516403.844015531,0.0,strictly_consistent,reference_better,reference_better,reference_better
Phase E,046,phase_e_sensitivity,ugr16_transformer_inference_residuals_v1_2026-08-22_bootstrap_sensitivity.csv,b685d8a96b623f70d9221b810c05731e73c90ec348aebb5ddb0f23803dc84ea3,transformer_vs_persistence,TRANSFORMER*,Persistence,12,60,24,-9516403.844015531,-15704983.13009368,-3305837.956056013,0.001,reference_better,-9516403.844015531,0.0,strictly_consistent,reference_better,reference_better,reference_better
Phase E,046,phase_e_sensitivity,ugr16_transformer_inference_residuals_v1_2026-08-22_bootstrap_sensitivity.csv,b685d8a96b623f70d9221b810c05731e73c90ec348aebb5ddb0f23803dc84ea3,transformer_vs_recurrent,TRANSFORMER*,RECURRENT*,1,5,6,324174.12972548814,-438314.02396473306,1103077.906128882,0.8036,not_distinguishable,324174.12972548814,0.0,strictly_consistent,not_distinguishable,not_distinguishable,not_distinguishable
Phase E,046,phase_e_sensitivity,ugr16_transformer_inference_residuals_v1_2026-08-22_bootstrap_sensitivity.csv,b685d8a96b623f70d9221b810c05731e73c90ec348aebb5ddb0f23803dc84ea3,transformer_vs_recurrent,TRANSFORMER*,RECURRENT*,1,5,12,324174.12972548814,-592231.0204677847,1202097.0657458894,0.756,not_distinguishable,324174.12972548814,0.0,strictly_consistent,not_distinguishable,not_distinguishable,not_distinguishable
Phase E,046,phase_e_sensitivity,ugr16_transformer_inference_residuals_v1_2026-08-22_bootstrap_sensitivity.csv,b685d8a96b623f70d9221b810c05731e73c90ec348aebb5ddb0f23803dc84ea3,transformer_vs_recurrent,TRANSFORMER*,RECURRENT*,1,5,24,324174.12972548814,-706804.8394368226,1386243.0327169986,0.7244,not_distinguishable,324174.12972548814,0.0,strictly_consistent,not_distinguishable,not_distinguishable,not_distinguishable
Phase E,046,phase_e_sensitivity,ugr16_transformer_inference_residuals_v1_2026-08-22_bootstrap_sensitivity.csv,b685d8a96b623f70d9221b810c05731e73c90ec348aebb5ddb0f23803dc84ea3,transformer_vs_recurrent,TRANSFORMER*,RECURRENT*,3,15,6,-1468022.7969371977,-3059501.7134902645,80036.66444702032,0.032,not_distinguishable,-1468022.7969371977,0.0,strictly_consistent,not_distinguishable,not_distinguishable,not_distinguishable
Phase E,046,phase_e_sensitivity,ugr16_transformer_inference_residuals_v1_2026-08-22_bootstrap_sensitivity.csv,b685d8a96b623f70d9221b810c05731e73c90ec348aebb5ddb0f23803dc84ea3,transformer_vs_recurrent,TRANSFORMER*,RECURRENT*,3,15,12,-1468022.7969371977,-3147553.130077278,197564.7754882705,0.0428,not_distinguishable,-1468022.7969371977,0.0,strictly_consistent,not_distinguishable,not_distinguishable,not_distinguishable
Phase E,046,phase_e_sensitivity,ugr16_transformer_inference_residuals_v1_2026-08-22_bootstrap_sensitivity.csv,b685d8a96b623f70d9221b810c05731e73c90ec348aebb5ddb0f23803dc84ea3,transformer_vs_recurrent,TRANSFORMER*,RECURRENT*,3,15,24,-1468022.7969371977,-3544234.131524915,553792.374073604,0.0758,not_distinguishable,-1468022.7969371977,0.0,strictly_consistent,not_distinguishable,not_distinguishable,not_distinguishable
Phase E,046,phase_e_sensitivity,ugr16_transformer_inference_residuals_v1_2026-08-22_bootstrap_sensitivity.csv,b685d8a96b623f70d9221b810c05731e73c90ec348aebb5ddb0f23803dc84ea3,transformer_vs_recurrent,TRANSFORMER*,RECURRENT*,6,30,6,7665844.628587796,3982042.305222633,11330817.767841237,1.0,model_better,7665844.628587796,0.0,strictly_consistent,model_better,model_better,model_better
Phase E,046,phase_e_sensitivity,ugr16_transformer_inference_residuals_v1_2026-08-22_bootstrap_sensitivity.csv,b685d8a96b623f70d9221b810c05731e73c90ec348aebb5ddb0f23803dc84ea3,transformer_vs_recurrent,TRANSFORMER*,RECURRENT*,6,30,12,7665844.628587796,2955503.505072786,12385477.18922318,1.0,model_better,7665844.628587796,0.0,strictly_consistent,model_better,model_better,model_better
Phase E,046,phase_e_sensitivity,ugr16_transformer_inference_residuals_v1_2026-08-22_bootstrap_sensitivity.csv,b685d8a96b623f70d9221b810c05731e73c90ec348aebb5ddb0f23803dc84ea3,transformer_vs_recurrent,TRANSFORMER*,RECURRENT*,6,30,24,7665844.628587796,1941774.877178832,14058459.10048288,0.9964,model_better,7665844.628587796,0.0,strictly_consistent,model_better,model_better,model_better
Phase E,046,phase_e_sensitivity,ugr16_transformer_inference_residuals_v1_2026-08-22_bootstrap_sensitivity.csv,b685d8a96b623f70d9221b810c05731e73c90ec348aebb5ddb0f23803dc84ea3,transformer_vs_recurrent,TRANSFORMER*,RECURRENT*,12,60,6,14297180.739782564,8431318.416555766,20003710.366685525,1.0,model_better,14297180.739782564,0.0,strictly_consistent,model_better,model_better,model_better
Phase E,046,phase_e_sensitivity,ugr16_transformer_inference_residuals_v1_2026-08-22_bootstrap_sensitivity.csv,b685d8a96b623f70d9221b810c05731e73c90ec348aebb5ddb0f23803dc84ea3,transformer_vs_recurrent,TRANSFORMER*,RECURRENT*,12,60,12,14297180.739782564,6844168.5420209365,21904018.57838752,1.0,model_better,14297180.739782564,0.0,strictly_consistent,model_better,model_better,model_better
Phase E,046,phase_e_sensitivity,ugr16_transformer_inference_residuals_v1_2026-08-22_bootstrap_sensitivity.csv,b685d8a96b623f70d9221b810c05731e73c90ec348aebb5ddb0f23803dc84ea3,transformer_vs_recurrent,TRANSFORMER*,RECURRENT*,12,60,24,14297180.739782564,4968985.2056879215,23707018.870152187,0.9978,model_better,14297180.739782564,0.0,strictly_consistent,model_better,model_better,model_better
Phase E,046,phase_e_sensitivity,ugr16_transformer_inference_residuals_v1_2026-08-22_bootstrap_sensitivity.csv,b685d8a96b623f70d9221b810c05731e73c90ec348aebb5ddb0f23803dc84ea3,transformer_vs_tree,TRANSFORMER*,TREE*,1,5,6,5771349.459656824,3935953.679685031,7668679.654338269,1.0,model_better,5771349.459656824,0.0,strictly_consistent,model_better,model_better,model_better
Phase E,046,phase_e_sensitivity,ugr16_transformer_inference_residuals_v1_2026-08-22_bootstrap_sensitivity.csv,b685d8a96b623f70d9221b810c05731e73c90ec348aebb5ddb0f23803dc84ea3,transformer_vs_tree,TRANSFORMER*,TREE*,1,5,12,5771349.459656824,3365339.9447163814,8322768.274089141,1.0,model_better,5771349.459656824,0.0,strictly_consistent,model_better,model_better,model_better
Phase E,046,phase_e_sensitivity,ugr16_transformer_inference_residuals_v1_2026-08-22_bootstrap_sensitivity.csv,b685d8a96b623f70d9221b810c05731e73c90ec348aebb5ddb0f23803dc84ea3,transformer_vs_tree,TRANSFORMER*,TREE*,1,5,24,5771349.459656824,2601893.3159088227,9147496.969050003,1.0,model_better,5771349.459656824,0.0,strictly_consistent,model_better,model_better,model_better
Phase E,046,phase_e_sensitivity,ugr16_transformer_inference_residuals_v1_2026-08-22_bootstrap_sensitivity.csv,b685d8a96b623f70d9221b810c05731e73c90ec348aebb5ddb0f23803dc84ea3,transformer_vs_tree,TRANSFORMER*,TREE*,3,15,6,16071489.60103133,12265751.48350295,19861720.87725665,1.0,model_better,16071489.60103133,0.0,strictly_consistent,model_better,model_better,model_better
Phase E,046,phase_e_sensitivity,ugr16_transformer_inference_residuals_v1_2026-08-22_bootstrap_sensitivity.csv,b685d8a96b623f70d9221b810c05731e73c90ec348aebb5ddb0f23803dc84ea3,transformer_vs_tree,TRANSFORMER*,TREE*,3,15,12,16071489.60103133,11003813.745472835,21133418.42853405,1.0,model_better,16071489.60103133,0.0,strictly_consistent,model_better,model_better,model_better
Phase E,046,phase_e_sensitivity,ugr16_transformer_inference_residuals_v1_2026-08-22_bootstrap_sensitivity.csv,b685d8a96b623f70d9221b810c05731e73c90ec348aebb5ddb0f23803dc84ea3,transformer_vs_tree,TRANSFORMER*,TREE*,3,15,24,16071489.60103133,9531002.469569426,22902830.32781069,1.0,model_better,16071489.60103133,0.0,strictly_consistent,model_better,model_better,model_better
Phase E,046,phase_e_sensitivity,ugr16_transformer_inference_residuals_v1_2026-08-22_bootstrap_sensitivity.csv,b685d8a96b623f70d9221b810c05731e73c90ec348aebb5ddb0f23803dc84ea3,transformer_vs_tree,TRANSFORMER*,TREE*,6,30,6,20331553.31420226,15505318.47501311,25193025.46407964,1.0,model_better,20331553.31420226,0.0,strictly_consistent,model_better,model_better,model_better
Phase E,046,phase_e_sensitivity,ugr16_transformer_inference_residuals_v1_2026-08-22_bootstrap_sensitivity.csv,b685d8a96b623f70d9221b810c05731e73c90ec348aebb5ddb0f23803dc84ea3,transformer_vs_tree,TRANSFORMER*,TREE*,6,30,12,20331553.31420226,13657673.326831032,27119673.2162609,1.0,model_better,20331553.31420226,0.0,strictly_consistent,model_better,model_better,model_better
Phase E,046,phase_e_sensitivity,ugr16_transformer_inference_residuals_v1_2026-08-22_bootstrap_sensitivity.csv,b685d8a96b623f70d9221b810c05731e73c90ec348aebb5ddb0f23803dc84ea3,transformer_vs_tree,TRANSFORMER*,TREE*,6,30,24,20331553.31420226,11288360.36307226,29443824.82340511,1.0,model_better,20331553.31420226,0.0,strictly_consistent,model_better,model_better,model_better
Phase E,046,phase_e_sensitivity,ugr16_transformer_inference_residuals_v1_2026-08-22_bootstrap_sensitivity.csv,b685d8a96b623f70d9221b810c05731e73c90ec348aebb5ddb0f23803dc84ea3,transformer_vs_tree,TRANSFORMER*,TREE*,12,60,6,19597859.799614377,12494729.946501097,26202440.97295059,1.0,model_better,19597859.799614377,0.0,strictly_consistent,model_better,model_better,model_better
Phase E,046,phase_e_sensitivity,ugr16_transformer_inference_residuals_v1_2026-08-22_bootstrap_sensitivity.csv,b685d8a96b623f70d9221b810c05731e73c90ec348aebb5ddb0f23803dc84ea3,transformer_vs_tree,TRANSFORMER*,TREE*,12,60,12,19597859.799614377,9828126.527844464,29457376.75887958,1.0,model_better,19597859.799614377,0.0,strictly_consistent,model_better,model_better,model_better
Phase E,046,phase_e_sensitivity,ugr16_transformer_inference_residuals_v1_2026-08-22_bootstrap_sensitivity.csv,b685d8a96b623f70d9221b810c05731e73c90ec348aebb5ddb0f23803dc84ea3,transformer_vs_tree,TRANSFORMER*,TREE*,12,60,24,19597859.799614377,6691290.99749049,33158291.38652452,0.9978,model_better,19597859.799614377,0.0,strictly_consistent,model_better,model_better,model_better
Phase E,046,phase_e_sensitivity,ugr16_transformer_inference_residuals_v1_2026-08-22_bootstrap_sensitivity.csv,b685d8a96b623f70d9221b810c05731e73c90ec348aebb5ddb0f23803dc84ea3,transformer_vs_var,TRANSFORMER*,VAR*,1,5,6,-3612855.1523225545,-5351175.776776711,-2079448.432412173,0.0,reference_better,-3612855.1523225545,0.0,strictly_consistent,reference_better,reference_better,reference_better
Phase E,046,phase_e_sensitivity,ugr16_transformer_inference_residuals_v1_2026-08-22_bootstrap_sensitivity.csv,b685d8a96b623f70d9221b810c05731e73c90ec348aebb5ddb0f23803dc84ea3,transformer_vs_var,TRANSFORMER*,VAR*,1,5,12,-3612855.1523225545,-5661403.116877597,-1849191.5854392413,0.0,reference_better,-3612855.1523225545,0.0,strictly_consistent,reference_better,reference_better,reference_better
Phase E,046,phase_e_sensitivity,ugr16_transformer_inference_residuals_v1_2026-08-22_bootstrap_sensitivity.csv,b685d8a96b623f70d9221b810c05731e73c90ec348aebb5ddb0f23803dc84ea3,transformer_vs_var,TRANSFORMER*,VAR*,1,5,24,-3612855.1523225545,-6172425.29056706,-1374624.29325954,0.0,reference_better,-3612855.1523225545,0.0,strictly_consistent,reference_better,reference_better,reference_better
Phase E,046,phase_e_sensitivity,ugr16_transformer_inference_residuals_v1_2026-08-22_bootstrap_sensitivity.csv,b685d8a96b623f70d9221b810c05731e73c90ec348aebb5ddb0f23803dc84ea3,transformer_vs_var,TRANSFORMER*,VAR*,3,15,6,-5018939.781777859,-7263950.337366794,-2917076.0008531357,0.0,reference_better,-5018939.781777859,0.0,strictly_consistent,reference_better,reference_better,reference_better
Phase E,046,phase_e_sensitivity,ugr16_transformer_inference_residuals_v1_2026-08-22_bootstrap_sensitivity.csv,b685d8a96b623f70d9221b810c05731e73c90ec348aebb5ddb0f23803dc84ea3,transformer_vs_var,TRANSFORMER*,VAR*,3,15,12,-5018939.781777859,-7799699.750949392,-2452560.410617259,0.0,reference_better,-5018939.781777859,0.0,strictly_consistent,reference_better,reference_better,reference_better
Phase E,046,phase_e_sensitivity,ugr16_transformer_inference_residuals_v1_2026-08-22_bootstrap_sensitivity.csv,b685d8a96b623f70d9221b810c05731e73c90ec348aebb5ddb0f23803dc84ea3,transformer_vs_var,TRANSFORMER*,VAR*,3,15,24,-5018939.781777859,-8636175.292544037,-1900716.662533044,0.0,reference_better,-5018939.781777859,0.0,strictly_consistent,reference_better,reference_better,reference_better
Phase E,046,phase_e_sensitivity,ugr16_transformer_inference_residuals_v1_2026-08-22_bootstrap_sensitivity.csv,b685d8a96b623f70d9221b810c05731e73c90ec348aebb5ddb0f23803dc84ea3,transformer_vs_var,TRANSFORMER*,VAR*,6,30,6,-9133758.444072988,-12469472.11954346,-6043421.247964625,0.0,reference_better,-9133758.444072988,0.0,strictly_consistent,reference_better,reference_better,reference_better
Phase E,046,phase_e_sensitivity,ugr16_transformer_inference_residuals_v1_2026-08-22_bootstrap_sensitivity.csv,b685d8a96b623f70d9221b810c05731e73c90ec348aebb5ddb0f23803dc84ea3,transformer_vs_var,TRANSFORMER*,VAR*,6,30,12,-9133758.444072988,-13430473.159826512,-5161103.315113775,0.0,reference_better,-9133758.444072988,0.0,strictly_consistent,reference_better,reference_better,reference_better
Phase E,046,phase_e_sensitivity,ugr16_transformer_inference_residuals_v1_2026-08-22_bootstrap_sensitivity.csv,b685d8a96b623f70d9221b810c05731e73c90ec348aebb5ddb0f23803dc84ea3,transformer_vs_var,TRANSFORMER*,VAR*,6,30,24,-9133758.444072988,-14739942.016047798,-4148207.560616565,0.0,reference_better,-9133758.444072988,0.0,strictly_consistent,reference_better,reference_better,reference_better
Phase E,046,phase_e_sensitivity,ugr16_transformer_inference_residuals_v1_2026-08-22_bootstrap_sensitivity.csv,b685d8a96b623f70d9221b810c05731e73c90ec348aebb5ddb0f23803dc84ea3,transformer_vs_var,TRANSFORMER*,VAR*,12,60,6,-10843750.076741405,-14604902.613991678,-7187195.815298386,0.0,reference_better,-10843750.076741405,0.0,strictly_consistent,reference_better,reference_better,reference_better
Phase E,046,phase_e_sensitivity,ugr16_transformer_inference_residuals_v1_2026-08-22_bootstrap_sensitivity.csv,b685d8a96b623f70d9221b810c05731e73c90ec348aebb5ddb0f23803dc84ea3,transformer_vs_var,TRANSFORMER*,VAR*,12,60,12,-10843750.076741405,-15602346.914591992,-5918501.053980994,0.0,reference_better,-10843750.076741405,0.0,strictly_consistent,reference_better,reference_better,reference_better
Phase E,046,phase_e_sensitivity,ugr16_transformer_inference_residuals_v1_2026-08-22_bootstrap_sensitivity.csv,b685d8a96b623f70d9221b810c05731e73c90ec348aebb5ddb0f23803dc84ea3,transformer_vs_var,TRANSFORMER*,VAR*,12,60,24,-10843750.076741405,-16899937.933862295,-4785808.780619004,0.0004,reference_better,-10843750.076741405,0.0,strictly_consistent,reference_better,reference_better,reference_better
Phase C,022,phase_c_sensitivity,ugr16_tree_inference_residuals_bootstrap_sensitivity.csv,bb8e17e3d10aef31f41f462e3eb1b73c700be81bc81ca199b7b30a31e1a9349b,tree_vs_arima,TREE*,ARIMA*,1,5,6,-9339962.199303389,-12422746.496803649,-6523211.86620448,0.0,reference_better,-9339962.199303387,1.862645149230957e-09,strictly_consistent,reference_better,reference_better,reference_better
Phase C,022,phase_c_sensitivity,ugr16_tree_inference_residuals_bootstrap_sensitivity.csv,bb8e17e3d10aef31f41f462e3eb1b73c700be81bc81ca199b7b30a31e1a9349b,tree_vs_arima,TREE*,ARIMA*,1,5,12,-9339962.199303389,-13382355.17274826,-5583200.586919749,0.0,reference_better,-9339962.199303387,1.862645149230957e-09,strictly_consistent,reference_better,reference_better,reference_better
Phase C,022,phase_c_sensitivity,ugr16_tree_inference_residuals_bootstrap_sensitivity.csv,bb8e17e3d10aef31f41f462e3eb1b73c700be81bc81ca199b7b30a31e1a9349b,tree_vs_arima,TREE*,ARIMA*,1,5,24,-9339962.199303389,-14705833.576277047,-4417607.117284565,0.0,reference_better,-9339962.199303387,1.862645149230957e-09,strictly_consistent,reference_better,reference_better,reference_better
Phase C,022,phase_c_sensitivity,ugr16_tree_inference_residuals_bootstrap_sensitivity.csv,bb8e17e3d10aef31f41f462e3eb1b73c700be81bc81ca199b7b30a31e1a9349b,tree_vs_arima,TREE*,ARIMA*,3,15,6,-20826544.754383776,-25991030.69690762,-15787472.163808815,0.0,reference_better,-20826544.754383776,0.0,strictly_consistent,reference_better,reference_better,reference_better
Phase C,022,phase_c_sensitivity,ugr16_tree_inference_residuals_bootstrap_sensitivity.csv,bb8e17e3d10aef31f41f462e3eb1b73c700be81bc81ca199b7b30a31e1a9349b,tree_vs_arima,TREE*,ARIMA*,3,15,12,-20826544.754383776,-27640015.594918348,-14114901.25636899,0.0,reference_better,-20826544.754383776,0.0,strictly_consistent,reference_better,reference_better,reference_better
Phase C,022,phase_c_sensitivity,ugr16_tree_inference_residuals_bootstrap_sensitivity.csv,bb8e17e3d10aef31f41f462e3eb1b73c700be81bc81ca199b7b30a31e1a9349b,tree_vs_arima,TREE*,ARIMA*,3,15,24,-20826544.754383776,-30271048.16783548,-11644097.45770566,0.0,reference_better,-20826544.754383776,0.0,strictly_consistent,reference_better,reference_better,reference_better
Phase C,022,phase_c_sensitivity,ugr16_tree_inference_residuals_bootstrap_sensitivity.csv,bb8e17e3d10aef31f41f462e3eb1b73c700be81bc81ca199b7b30a31e1a9349b,tree_vs_arima,TREE*,ARIMA*,6,30,6,-29138877.774183687,-35828718.43579741,-22350982.524963204,0.0,reference_better,-29138877.774183687,0.0,strictly_consistent,reference_better,reference_better,reference_better
Phase C,022,phase_c_sensitivity,ugr16_tree_inference_residuals_bootstrap_sensitivity.csv,bb8e17e3d10aef31f41f462e3eb1b73c700be81bc81ca199b7b30a31e1a9349b,tree_vs_arima,TREE*,ARIMA*,6,30,12,-29138877.774183687,-38770460.48479317,-20137936.48674806,0.0,reference_better,-29138877.774183687,0.0,strictly_consistent,reference_better,reference_better,reference_better
Phase C,022,phase_c_sensitivity,ugr16_tree_inference_residuals_bootstrap_sensitivity.csv,bb8e17e3d10aef31f41f462e3eb1b73c700be81bc81ca199b7b30a31e1a9349b,tree_vs_arima,TREE*,ARIMA*,6,30,24,-29138877.774183687,-42106822.99014997,-16644250.996283386,0.0,reference_better,-29138877.774183687,0.0,strictly_consistent,reference_better,reference_better,reference_better
Phase C,022,phase_c_sensitivity,ugr16_tree_inference_residuals_bootstrap_sensitivity.csv,bb8e17e3d10aef31f41f462e3eb1b73c700be81bc81ca199b7b30a31e1a9349b,tree_vs_arima,TREE*,ARIMA*,12,60,6,-30304458.38821707,-39012641.656202175,-21966148.38386357,0.0,reference_better,-30304458.38821707,0.0,strictly_consistent,reference_better,reference_better,reference_better
Phase C,022,phase_c_sensitivity,ugr16_tree_inference_residuals_bootstrap_sensitivity.csv,bb8e17e3d10aef31f41f462e3eb1b73c700be81bc81ca199b7b30a31e1a9349b,tree_vs_arima,TREE*,ARIMA*,12,60,12,-30304458.38821707,-42302498.950396284,-18272864.406669725,0.0,reference_better,-30304458.38821707,0.0,strictly_consistent,reference_better,reference_better,reference_better
Phase C,022,phase_c_sensitivity,ugr16_tree_inference_residuals_bootstrap_sensitivity.csv,bb8e17e3d10aef31f41f462e3eb1b73c700be81bc81ca199b7b30a31e1a9349b,tree_vs_arima,TREE*,ARIMA*,12,60,24,-30304458.38821707,-47326318.393774986,-14388165.766153667,0.0,reference_better,-30304458.38821707,0.0,strictly_consistent,reference_better,reference_better,reference_better
Phase C,022,phase_c_sensitivity,ugr16_tree_inference_residuals_bootstrap_sensitivity.csv,bb8e17e3d10aef31f41f462e3eb1b73c700be81bc81ca199b7b30a31e1a9349b,tree_vs_var,TREE*,VAR*,1,5,6,-9384204.611979377,-12534255.733978748,-6523588.854801055,0.0,reference_better,-9384204.611979377,0.0,strictly_consistent,reference_better,reference_better,reference_better
Phase C,022,phase_c_sensitivity,ugr16_tree_inference_residuals_bootstrap_sensitivity.csv,bb8e17e3d10aef31f41f462e3eb1b73c700be81bc81ca199b7b30a31e1a9349b,tree_vs_var,TREE*,VAR*,1,5,12,-9384204.611979377,-13622224.25203076,-5624600.369752629,0.0,reference_better,-9384204.611979377,0.0,strictly_consistent,reference_better,reference_better,reference_better
Phase C,022,phase_c_sensitivity,ugr16_tree_inference_residuals_bootstrap_sensitivity.csv,bb8e17e3d10aef31f41f462e3eb1b73c700be81bc81ca199b7b30a31e1a9349b,tree_vs_var,TREE*,VAR*,1,5,24,-9384204.611979377,-15092235.040140657,-4365642.866037838,0.0,reference_better,-9384204.611979377,0.0,strictly_consistent,reference_better,reference_better,reference_better
Phase C,022,phase_c_sensitivity,ugr16_tree_inference_residuals_bootstrap_sensitivity.csv,bb8e17e3d10aef31f41f462e3eb1b73c700be81bc81ca199b7b30a31e1a9349b,tree_vs_var,TREE*,VAR*,3,15,6,-21090429.38280919,-26376702.686224222,-15999462.051186766,0.0,reference_better,-21090429.38280919,0.0,strictly_consistent,reference_better,reference_better,reference_better
Phase C,022,phase_c_sensitivity,ugr16_tree_inference_residuals_bootstrap_sensitivity.csv,bb8e17e3d10aef31f41f462e3eb1b73c700be81bc81ca199b7b30a31e1a9349b,tree_vs_var,TREE*,VAR*,3,15,12,-21090429.38280919,-28195005.16152297,-14364240.24970414,0.0,reference_better,-21090429.38280919,0.0,strictly_consistent,reference_better,reference_better,reference_better
Phase C,022,phase_c_sensitivity,ugr16_tree_inference_residuals_bootstrap_sensitivity.csv,bb8e17e3d10aef31f41f462e3eb1b73c700be81bc81ca199b7b30a31e1a9349b,tree_vs_var,TREE*,VAR*,3,15,24,-21090429.38280919,-30401658.088806584,-12317000.619061014,0.0,reference_better,-21090429.38280919,0.0,strictly_consistent,reference_better,reference_better,reference_better
Phase C,022,phase_c_sensitivity,ugr16_tree_inference_residuals_bootstrap_sensitivity.csv,bb8e17e3d10aef31f41f462e3eb1b73c700be81bc81ca199b7b30a31e1a9349b,tree_vs_var,TREE*,VAR*,6,30,6,-29465311.758275248,-36261711.76137346,-22555153.360020995,0.0,reference_better,-29465311.758275248,0.0,strictly_consistent,reference_better,reference_better,reference_better
Phase C,022,phase_c_sensitivity,ugr16_tree_inference_residuals_bootstrap_sensitivity.csv,bb8e17e3d10aef31f41f462e3eb1b73c700be81bc81ca199b7b30a31e1a9349b,tree_vs_var,TREE*,VAR*,6,30,12,-29465311.758275248,-39108846.95632705,-19872490.47591484,0.0,reference_better,-29465311.758275248,0.0,strictly_consistent,reference_better,reference_better,reference_better
Phase C,022,phase_c_sensitivity,ugr16_tree_inference_residuals_bootstrap_sensitivity.csv,bb8e17e3d10aef31f41f462e3eb1b73c700be81bc81ca199b7b30a31e1a9349b,tree_vs_var,TREE*,VAR*,6,30,24,-29465311.758275248,-42392370.14422247,-17280506.488895714,0.0,reference_better,-29465311.758275248,0.0,strictly_consistent,reference_better,reference_better,reference_better
Phase C,022,phase_c_sensitivity,ugr16_tree_inference_residuals_bootstrap_sensitivity.csv,bb8e17e3d10aef31f41f462e3eb1b73c700be81bc81ca199b7b30a31e1a9349b,tree_vs_var,TREE*,VAR*,12,60,6,-30441609.876355782,-39065004.11935006,-21533900.203266542,0.0,reference_better,-30441609.876355786,-3.725290298461914e-09,strictly_consistent,reference_better,reference_better,reference_better
Phase C,022,phase_c_sensitivity,ugr16_tree_inference_residuals_bootstrap_sensitivity.csv,bb8e17e3d10aef31f41f462e3eb1b73c700be81bc81ca199b7b30a31e1a9349b,tree_vs_var,TREE*,VAR*,12,60,12,-30441609.876355782,-43160422.5710057,-18032808.00073295,0.0,reference_better,-30441609.876355786,-3.725290298461914e-09,strictly_consistent,reference_better,reference_better,reference_better
Phase C,022,phase_c_sensitivity,ugr16_tree_inference_residuals_bootstrap_sensitivity.csv,bb8e17e3d10aef31f41f462e3eb1b73c700be81bc81ca199b7b30a31e1a9349b,tree_vs_var,TREE*,VAR*,12,60,24,-30441609.876355782,-47913611.8254511,-14482691.60077877,0.0,reference_better,-30441609.876355786,-3.725290298461914e-09,strictly_consistent,reference_better,reference_better,reference_better
Phase B,010,phase_b_sensitivity,ugr16_statistical_june_inference_residuals_bootstrap_sensitivity.csv,349b94fe6de9be6ad85452244b23f26ab2de6537769495a6f4c221375f22fa3e,var_vs_arima,VAR*,ARIMA*,1,5,6,44242.412675991596,-336391.9399696252,431714.7834680648,0.598,not_distinguishable,44242.4126759916,7.275957614183426e-12,strictly_consistent,not_distinguishable,not_distinguishable,not_distinguishable
Phase B,010,phase_b_sensitivity,ugr16_statistical_june_inference_residuals_bootstrap_sensitivity.csv,349b94fe6de9be6ad85452244b23f26ab2de6537769495a6f4c221375f22fa3e,var_vs_arima,VAR*,ARIMA*,1,5,12,44242.412675991596,-327838.3393139356,421909.3459897597,0.5884,not_distinguishable,44242.4126759916,7.275957614183426e-12,strictly_consistent,not_distinguishable,not_distinguishable,not_distinguishable
Phase B,010,phase_b_sensitivity,ugr16_statistical_june_inference_residuals_bootstrap_sensitivity.csv,349b94fe6de9be6ad85452244b23f26ab2de6537769495a6f4c221375f22fa3e,var_vs_arima,VAR*,ARIMA*,1,5,24,44242.412675991596,-306486.3341479494,411053.23720249423,0.5872,not_distinguishable,44242.4126759916,7.275957614183426e-12,strictly_consistent,not_distinguishable,not_distinguishable,not_distinguishable
Phase B,010,phase_b_sensitivity,ugr16_statistical_june_inference_residuals_bootstrap_sensitivity.csv,349b94fe6de9be6ad85452244b23f26ab2de6537769495a6f4c221375f22fa3e,var_vs_arima,VAR*,ARIMA*,3,15,6,263884.6284254116,-301804.2152080826,860601.2733054849,0.8214,not_distinguishable,263884.62842541165,5.820766091346741e-11,strictly_consistent,not_distinguishable,not_distinguishable,not_distinguishable
Phase B,010,phase_b_sensitivity,ugr16_statistical_june_inference_residuals_bootstrap_sensitivity.csv,349b94fe6de9be6ad85452244b23f26ab2de6537769495a6f4c221375f22fa3e,var_vs_arima,VAR*,ARIMA*,3,15,12,263884.6284254116,-321388.4107588263,872018.5549842996,0.8196,not_distinguishable,263884.62842541165,5.820766091346741e-11,strictly_consistent,not_distinguishable,not_distinguishable,not_distinguishable
Phase B,010,phase_b_sensitivity,ugr16_statistical_june_inference_residuals_bootstrap_sensitivity.csv,349b94fe6de9be6ad85452244b23f26ab2de6537769495a6f4c221375f22fa3e,var_vs_arima,VAR*,ARIMA*,3,15,24,263884.6284254116,-338027.7227676661,877229.0406980967,0.8056,not_distinguishable,263884.62842541165,5.820766091346741e-11,strictly_consistent,not_distinguishable,not_distinguishable,not_distinguishable
Phase B,010,phase_b_sensitivity,ugr16_statistical_june_inference_residuals_bootstrap_sensitivity.csv,349b94fe6de9be6ad85452244b23f26ab2de6537769495a6f4c221375f22fa3e,var_vs_arima,VAR*,ARIMA*,6,30,6,326433.9840915592,-421417.4048482428,1099661.720559005,0.8024,not_distinguishable,326433.9840915592,0.0,strictly_consistent,not_distinguishable,not_distinguishable,not_distinguishable
Phase B,010,phase_b_sensitivity,ugr16_statistical_june_inference_residuals_bootstrap_sensitivity.csv,349b94fe6de9be6ad85452244b23f26ab2de6537769495a6f4c221375f22fa3e,var_vs_arima,VAR*,ARIMA*,6,30,12,326433.9840915592,-502121.47459676117,1202810.1245233,0.7652,not_distinguishable,326433.9840915592,0.0,strictly_consistent,not_distinguishable,not_distinguishable,not_distinguishable
Phase B,010,phase_b_sensitivity,ugr16_statistical_june_inference_residuals_bootstrap_sensitivity.csv,349b94fe6de9be6ad85452244b23f26ab2de6537769495a6f4c221375f22fa3e,var_vs_arima,VAR*,ARIMA*,6,30,24,326433.9840915592,-528472.8318154885,1259857.140150042,0.7556,not_distinguishable,326433.9840915592,0.0,strictly_consistent,not_distinguishable,not_distinguishable,not_distinguishable
Phase B,010,phase_b_sensitivity,ugr16_statistical_june_inference_residuals_bootstrap_sensitivity.csv,349b94fe6de9be6ad85452244b23f26ab2de6537769495a6f4c221375f22fa3e,var_vs_arima,VAR*,ARIMA*,12,60,6,137151.4881387101,-932915.490624058,1153137.2836188055,0.5888,not_distinguishable,137151.48813871012,2.9103830456733704e-11,strictly_consistent,not_distinguishable,not_distinguishable,not_distinguishable
Phase B,010,phase_b_sensitivity,ugr16_statistical_june_inference_residuals_bootstrap_sensitivity.csv,349b94fe6de9be6ad85452244b23f26ab2de6537769495a6f4c221375f22fa3e,var_vs_arima,VAR*,ARIMA*,12,60,12,137151.4881387101,-1044670.487459606,1351117.160828166,0.5856,not_distinguishable,137151.48813871012,2.9103830456733704e-11,strictly_consistent,not_distinguishable,not_distinguishable,not_distinguishable
Phase B,010,phase_b_sensitivity,ugr16_statistical_june_inference_residuals_bootstrap_sensitivity.csv,349b94fe6de9be6ad85452244b23f26ab2de6537769495a6f4c221375f22fa3e,var_vs_arima,VAR*,ARIMA*,12,60,24,137151.4881387101,-1167623.3294819288,1450427.0780887872,0.5674,not_distinguishable,137151.48813871012,2.9103830456733704e-11,strictly_consistent,not_distinguishable,not_distinguishable,not_distinguishable
Phase B,010,phase_b_sensitivity,ugr16_statistical_june_inference_residuals_bootstrap_sensitivity.csv,349b94fe6de9be6ad85452244b23f26ab2de6537769495a6f4c221375f22fa3e,var_vs_persistence,VAR*,Persistence,1,5,6,1143801.9293059218,310979.92870219436,1965157.8633073827,0.9962,model_better,1143801.9293059218,0.0,strictly_consistent,model_better,model_better,model_better
Phase B,010,phase_b_sensitivity,ugr16_statistical_june_inference_residuals_bootstrap_sensitivity.csv,349b94fe6de9be6ad85452244b23f26ab2de6537769495a6f4c221375f22fa3e,var_vs_persistence,VAR*,Persistence,1,5,12,1143801.9293059218,283536.7457002502,2004325.6652062081,0.993,model_better,1143801.9293059218,0.0,strictly_consistent,model_better,model_better,model_better
Phase B,010,phase_b_sensitivity,ugr16_statistical_june_inference_residuals_bootstrap_sensitivity.csv,349b94fe6de9be6ad85452244b23f26ab2de6537769495a6f4c221375f22fa3e,var_vs_persistence,VAR*,Persistence,1,5,24,1143801.9293059218,223814.38598432348,2037611.3027696267,0.9932,model_better,1143801.9293059218,0.0,strictly_consistent,model_better,model_better,model_better
Phase B,010,phase_b_sensitivity,ugr16_statistical_june_inference_residuals_bootstrap_sensitivity.csv,349b94fe6de9be6ad85452244b23f26ab2de6537769495a6f4c221375f22fa3e,var_vs_persistence,VAR*,Persistence,3,15,6,2058734.279926913,928345.4960755012,3144558.336850182,1.0,model_better,2058734.2799269136,4.656612873077393e-10,strictly_consistent,model_better,model_better,model_better
Phase B,010,phase_b_sensitivity,ugr16_statistical_june_inference_residuals_bootstrap_sensitivity.csv,349b94fe6de9be6ad85452244b23f26ab2de6537769495a6f4c221375f22fa3e,var_vs_persistence,VAR*,Persistence,3,15,12,2058734.279926913,1049918.9011190068,3003827.912205582,1.0,model_better,2058734.2799269136,4.656612873077393e-10,strictly_consistent,model_better,model_better,model_better
Phase B,010,phase_b_sensitivity,ugr16_statistical_june_inference_residuals_bootstrap_sensitivity.csv,349b94fe6de9be6ad85452244b23f26ab2de6537769495a6f4c221375f22fa3e,var_vs_persistence,VAR*,Persistence,3,15,24,2058734.279926913,1108382.5731391069,3020195.1138834893,1.0,model_better,2058734.2799269136,4.656612873077393e-10,strictly_consistent,model_better,model_better,model_better
Phase B,010,phase_b_sensitivity,ugr16_statistical_june_inference_residuals_bootstrap_sensitivity.csv,349b94fe6de9be6ad85452244b23f26ab2de6537769495a6f4c221375f22fa3e,var_vs_persistence,VAR*,Persistence,6,30,6,1796278.0076180922,791189.1538405453,2782674.12147032,1.0,model_better,1796278.0076180922,0.0,strictly_consistent,model_better,model_better,model_better
Phase B,010,phase_b_sensitivity,ugr16_statistical_june_inference_residuals_bootstrap_sensitivity.csv,349b94fe6de9be6ad85452244b23f26ab2de6537769495a6f4c221375f22fa3e,var_vs_persistence,VAR*,Persistence,6,30,12,1796278.0076180922,797760.956763869,2746180.683805881,0.9992,model_better,1796278.0076180922,0.0,strictly_consistent,model_better,model_better,model_better
Phase B,010,phase_b_sensitivity,ugr16_statistical_june_inference_residuals_bootstrap_sensitivity.csv,349b94fe6de9be6ad85452244b23f26ab2de6537769495a6f4c221375f22fa3e,var_vs_persistence,VAR*,Persistence,6,30,24,1796278.0076180922,767584.0619588216,2776294.5838856543,1.0,model_better,1796278.0076180922,0.0,strictly_consistent,model_better,model_better,model_better
Phase B,010,phase_b_sensitivity,ugr16_statistical_june_inference_residuals_bootstrap_sensitivity.csv,349b94fe6de9be6ad85452244b23f26ab2de6537769495a6f4c221375f22fa3e,var_vs_persistence,VAR*,Persistence,12,60,6,1327346.2327258715,278917.7056006894,2415672.55219165,0.992,model_better,1327346.2327258715,0.0,strictly_consistent,model_better,model_better,model_better
Phase B,010,phase_b_sensitivity,ugr16_statistical_june_inference_residuals_bootstrap_sensitivity.csv,349b94fe6de9be6ad85452244b23f26ab2de6537769495a6f4c221375f22fa3e,var_vs_persistence,VAR*,Persistence,12,60,12,1327346.2327258715,296268.4616023945,2395458.840496324,0.9936,model_better,1327346.2327258715,0.0,strictly_consistent,model_better,model_better,model_better
Phase B,010,phase_b_sensitivity,ugr16_statistical_june_inference_residuals_bootstrap_sensitivity.csv,349b94fe6de9be6ad85452244b23f26ab2de6537769495a6f4c221375f22fa3e,var_vs_persistence,VAR*,Persistence,12,60,24,1327346.2327258715,338910.41497196653,2298714.5075653023,0.996,model_better,1327346.2327258715,0.0,strictly_consistent,model_better,model_better,model_better
