model,model_order,horizon_steps,horizon_minutes,traffic_level,n,mae_bps,rmse_bps,bias_bps,underprediction_pct
Persistence,0,1,5,Q1_low,151,16033098.117086088,24825514.42317762,-10634578.392582783,32.450331125827816
Persistence,0,1,5,Q2_mid_low,150,14864259.732444445,24190410.09292857,-2841644.037866668,47.333333333333336
Persistence,0,1,5,Q3_mid_high,150,17531873.166222222,26975706.492187493,3613529.467733334,57.333333333333336
Persistence,0,1,5,Q4_high,151,20751188.41218543,30986967.3858093,10048173.07125828,68.21192052980133
Persistence,0,3,15,Q1_low,150,19289063.451377776,27341708.655021623,-14048456.527644444,26.0
Persistence,0,3,15,Q2_mid_low,150,19660795.909155555,29311721.15929583,-3854149.2208000007,48.66666666666667
Persistence,0,3,15,Q3_mid_high,150,19737296.11057778,27832790.841131818,4313331.588266668,55.333333333333336
Persistence,0,3,15,Q4_high,150,26448576.913955558,37022947.98650065,14071089.450133333,67.33333333333333
Persistence,0,6,30,Q1_low,150,23055035.295111112,33997304.847658485,-16759185.272000002,26.0
Persistence,0,6,30,Q2_mid_low,149,19060832.667024612,27467698.211525194,-5548273.859686802,45.63758389261745
Persistence,0,6,30,Q3_mid_high,149,22623105.609843403,30768304.554567978,6628448.017718121,63.08724832214765
Persistence,0,6,30,Q4_high,149,30839490.793020133,41463280.26101699,16395319.1649217,65.77181208053692
Persistence,0,12,60,Q1_low,148,24306656.41063063,34612640.793567926,-16981844.133873872,29.054054054054053
Persistence,0,12,60,Q2_mid_low,148,23278681.299639642,33129566.47981095,-11502045.601621624,40.54054054054054
Persistence,0,12,60,Q3_mid_high,147,27028606.67229025,35374976.057908796,6874277.740952381,68.70748299319727
Persistence,0,12,60,Q4_high,148,36890988.73027027,46530938.38613846,22350582.284864865,70.27027027027027
ARIMA*,1,1,5,Q1_low,151,16376348.117330886,23682246.31351262,-13334447.151922142,19.205298013245034
ARIMA*,1,1,5,Q2_mid_low,150,13557674.840635452,19868204.686264914,-4211827.517597385,41.333333333333336
ARIMA*,1,1,5,Q3_mid_high,150,15273281.149943635,20924270.1957027,4660171.653379719,72.0
ARIMA*,1,1,5,Q4_high,151,19565830.512615602,28160334.821273346,12724565.201430213,68.21192052980133
ARIMA*,1,3,15,Q1_low,150,19754213.36547373,26366669.64539331,-16993031.296885237,18.0
ARIMA*,1,3,15,Q2_mid_low,150,16295909.553354088,23190851.034345657,-5856315.550566261,46.666666666666664
ARIMA*,1,3,15,Q3_mid_high,150,16857871.169550337,21532069.704809707,5886604.206772267,64.0
ARIMA*,1,3,15,Q4_high,150,25048339.690682504,32972476.78789009,16829825.630141538,72.0
ARIMA*,1,6,30,Q1_low,150,22374377.083928958,30349168.83758296,-19617318.567925576,15.333333333333332
ARIMA*,1,6,30,Q2_mid_low,149,17995395.354293182,25020296.39441829,-7814765.376622577,41.61073825503356
ARIMA*,1,6,30,Q3_mid_high,149,20487577.427952714,24719579.457187116,7625528.359631093,71.14093959731544
ARIMA*,1,6,30,Q4_high,149,28836441.855642125,37089803.25029521,19501368.070912603,73.15436241610739
ARIMA*,1,12,60,Q1_low,148,26256554.4644017,34162212.83332118,-22347059.034269452,18.243243243243242
ARIMA*,1,12,60,Q2_mid_low,148,21833855.054478012,28801494.069774084,-11588788.862416176,38.513513513513516
ARIMA*,1,12,60,Q3_mid_high,147,23913972.520133577,28555669.899093024,7951032.975735927,71.42857142857143
ARIMA*,1,12,60,Q4_high,148,34726769.1264988,44254444.283748336,25828616.380184162,78.37837837837837
VAR*,2,1,5,Q1_low,151,15789637.522540297,23631148.8127611,-12406255.064314425,22.516556291390728
VAR*,2,1,5,Q2_mid_low,150,13588512.415175086,20053795.444026586,-3992882.976436677,38.0
VAR*,2,1,5,Q3_mid_high,150,15621203.909004157,21383338.551865287,4103796.3171749343,60.0
VAR*,2,1,5,Q4_high,151,19599905.461903073,28045584.19353975,12093515.59927807,71.52317880794702
VAR*,2,3,15,Q1_low,150,18939376.477272287,26070762.572410412,-15358094.425034069,22.0
VAR*,2,3,15,Q2_mid_low,150,16361461.304754954,24165534.70266454,-5281114.415119375,46.0
VAR*,2,3,15,Q3_mid_high,150,16849794.43257406,22260892.70111618,5067407.390943225,57.99999999999999
VAR*,2,3,15,Q4_high,150,24750163.050757717,32662138.234258648,15341693.996102842,69.33333333333334
VAR*,2,6,30,Q1_low,150,21690807.9661071,30696336.527274836,-17924257.684572294,21.333333333333336
VAR*,2,6,30,Q2_mid_low,149,17978517.210063167,26055786.992602244,-6837778.88771414,44.966442953020135
VAR*,2,6,30,Q3_mid_high,149,20363249.65219611,25475642.426893376,7223687.092083849,64.42953020134227
VAR*,2,6,30,Q4_high,149,28357877.837176517,36533869.69309672,16921456.239855282,71.14093959731544
VAR*,2,12,60,Q1_low,148,24255000.522497054,33268520.27595891,-19010187.437699717,21.62162162162162
VAR*,2,12,60,Q2_mid_low,148,22067829.5474548,30316679.163677454,-12260582.480089562,36.486486486486484
VAR*,2,12,60,Q3_mid_high,147,24230989.42832534,29758834.54075115,6760091.464620238,66.66666666666666
VAR*,2,12,60,Q4_high,148,35631794.42006066,44127313.35207147,23166757.37837839,71.62162162162163
TREE*,3,1,5,Q1_low,151,48279852.04338996,51642679.02102447,-48279852.04338996,0.0
TREE*,3,1,5,Q2_mid_low,150,23371985.083011456,27621372.23631371,-23227248.13584686,2.0
TREE*,3,1,5,Q3_mid_high,150,12797343.858613867,18180831.59505873,-6915014.392231545,32.666666666666664
TREE*,3,1,5,Q4_high,151,17608692.82048834,24128251.117885757,9673480.175942807,68.87417218543047
TREE*,3,3,15,Q1_low,150,72633534.54700682,75999404.5573841,-72633534.54700682,0.0
TREE*,3,3,15,Q2_mid_low,150,44335579.328407265,48338711.71821986,-44332872.08152924,0.6666666666666667
TREE*,3,3,15,Q3_mid_high,150,27094984.59932099,29903436.07688501,-26115164.685762286,6.0
TREE*,3,3,15,Q4_high,150,17198414.32186069,23139843.933225915,1142915.8432085942,50.0
TREE*,3,6,30,Q1_low,150,88150499.39897865,92044144.73552497,-88150499.39897865,0.0
TREE*,3,6,30,Q2_mid_low,149,58473767.90605738,63909473.07632522,-58473767.90605738,0.0
TREE*,3,6,30,Q3_mid_high,149,40843154.54343532,44260754.74532039,-40283725.0802212,4.026845637583892
TREE*,3,6,30,Q4_high,149,18535993.42282624,23644469.209308337,-6457122.515123303,34.899328859060404
TREE*,3,12,60,Q1_low,148,100705732.0341292,106707638.70090489,-100705732.0341292,0.0
TREE*,3,12,60,Q2_mid_low,148,61080034.838311695,71383434.85078193,-61052712.48600393,0.6756756756756757
TREE*,3,12,60,Q3_mid_high,147,47102212.25436158,51648930.473933004,-45872093.96811194,8.16326530612245
TREE*,3,12,60,Q4_high,148,19012923.03310498,24984857.890189998,-3835162.621828854,37.83783783783784
RECURRENT*,4,1,5,Q1_low,151,32533066.327462897,36637149.29387172,-32533066.327462897,0.0
RECURRENT*,4,1,5,Q2_mid_low,150,18075006.16246562,24096588.17218234,-17246453.0305011,8.666666666666668
RECURRENT*,4,1,5,Q3_mid_high,150,11852969.115260638,17876604.792349897,-4293130.202788454,37.333333333333336
RECURRENT*,4,1,5,Q4_high,151,17838945.43023126,25073490.04042966,9540252.565961067,67.54966887417218
RECURRENT*,4,3,15,Q1_low,150,33262220.097969234,38126974.13852418,-33140858.660259496,2.0
RECURRENT*,4,3,15,Q2_mid_low,150,19754339.101683065,28701663.197966617,-18233617.858059086,13.333333333333334
RECURRENT*,4,3,15,Q3_mid_high,150,15609098.868975721,20304201.687367514,-5191616.534713127,36.666666666666664
RECURRENT*,4,3,15,Q4_high,150,22478805.13609365,30162508.16557571,8686768.886939706,63.33333333333333
RECURRENT*,4,6,30,Q1_low,150,59938256.05525765,66359464.563315265,-59923782.65752004,0.6666666666666667
RECURRENT*,4,6,30,Q2_mid_low,149,40885122.85020758,49542612.09257293,-40327172.54746017,4.026845637583892
RECURRENT*,4,6,30,Q3_mid_high,149,23820157.411991395,30537277.27885076,-18978006.9387113,19.463087248322147
RECURRENT*,4,6,30,Q4_high,149,30801383.370162383,38230617.988457635,11097667.105830697,63.758389261744966
RECURRENT*,4,12,60,Q1_low,148,82862335.44783333,89513434.47593294,-82862335.44783333,0.0
RECURRENT*,4,12,60,Q2_mid_low,148,46960056.01441972,56031054.17312153,-46954023.96247767,1.3513513513513513
RECURRENT*,4,12,60,Q3_mid_high,147,40382063.95533401,48831856.97751394,-36058732.14200968,17.006802721088434
RECURRENT*,4,12,60,Q4_high,148,36484139.494620204,47734007.76267947,5626441.402925596,52.02702702702703
TRANSFORMER*,5,1,5,Q1_low,151,32470054.737063956,35690366.956670694,-32470054.737063956,0.0
TRANSFORMER*,5,1,5,Q2_mid_low,150,11877118.409803515,18378496.187513947,-11409483.076397514,10.666666666666668
TRANSFORMER*,5,1,5,Q3_mid_high,150,12995935.740308132,18374687.306145646,4857280.0061891135,80.0
TRANSFORMER*,5,1,5,Q4_high,151,21630999.02756694,28881261.07045618,14704814.20086407,74.83443708609272
TRANSFORMER*,5,3,15,Q1_low,150,41017768.608782746,43510803.15283324,-41017768.608782746,0.0
TRANSFORMER*,5,3,15,Q2_mid_low,150,18222259.60507735,23276971.058654007,-18222259.60507735,0.0
TRANSFORMER*,5,3,15,Q3_mid_high,150,10332686.87142342,14238858.578525333,2784004.5934985783,70.0
TRANSFORMER*,5,3,15,Q4_high,150,27403839.307186946,34440642.583198145,20600350.373359907,80.0
TRANSFORMER*,5,6,30,Q1_low,150,55659017.580388814,57905660.723118104,-55659017.580388814,0.0
TRANSFORMER*,5,6,30,Q2_mid_low,149,32004873.615100477,34411192.52982777,-32004873.615100477,0.0
TRANSFORMER*,5,6,30,Q3_mid_high,149,13195994.855004696,18899746.449420687,-10696744.408610493,23.48993288590604
TRANSFORMER*,5,6,30,Q4_high,149,23898926.22241328,31002374.80071618,12456435.6003681,69.79865771812081
TRANSFORMER*,5,12,60,Q1_low,148,61692008.41228694,63919478.47588241,-61692008.41228694,0.0
TRANSFORMER*,5,12,60,Q2_mid_low,148,41227141.9263282,45011235.31896839,-41227141.9263282,0.0
TRANSFORMER*,5,12,60,Q3_mid_high,147,20236109.446105346,28500964.640151754,-19069617.900324233,9.523809523809524
TRANSFORMER*,5,12,60,Q4_high,148,26305093.426671088,33952444.19889512,7789783.791004497,64.1891891891892
