model,model_order,horizon_steps,horizon_minutes,wins,losses,not_distinguishable,opponents
Persistence,0,1,5,3,2,0,5
ARIMA*,1,1,5,4,0,1,5
VAR*,2,1,5,4,0,1,5
TREE*,3,1,5,0,5,0,5
RECURRENT*,4,1,5,1,3,1,5
TRANSFORMER*,5,1,5,1,3,1,5
Persistence,0,3,15,2,2,1,5
ARIMA*,1,3,15,4,0,1,5
VAR*,2,3,15,4,0,1,5
TREE*,3,3,15,0,5,0,5
RECURRENT*,4,3,15,1,2,2,5
TRANSFORMER*,5,3,15,1,3,1,5
Persistence,0,6,30,3,1,1,5
ARIMA*,1,6,30,3,0,2,5
VAR*,2,6,30,4,0,1,5
TREE*,3,6,30,0,5,0,5
RECURRENT*,4,6,30,1,4,0,5
TRANSFORMER*,5,6,30,2,3,0,5
Persistence,0,12,60,3,1,1,5
ARIMA*,1,12,60,3,0,2,5
VAR*,2,12,60,4,0,1,5
TREE*,3,12,60,0,4,1,5
RECURRENT*,4,12,60,0,4,1,5
TRANSFORMER*,5,12,60,2,3,0,5
