model,model_order,horizon_steps,horizon_minutes,n,mae_bps,rmse_bps,bias_bps,underprediction_pct,overprediction_pct,p95_abs_error_bps
Persistence,0,1,5,602,17298749.50285714,26880470.859933443,45241.878671096434,51.328903654485046,48.671096345514954,61967860.75999998
Persistence,0,3,15,600,21283933.096266672,30627230.339657385,120453.82248888878,49.333333333333336,50.66666666666667,64908384.74933332
Persistence,0,6,30,597,23893209.758257955,33824038.13893351,150704.71410385284,50.083752093802346,49.916247906197654,72471589.43466656
Persistence,0,12,60,591,27877667.50258319,37793239.39762855,173924.4081669489,52.115059221658214,47.88494077834179,77983952.36000001
ARIMA*,1,1,5,602,16199189.986227212,23388863.398431323,-41263.37899822502,50.16611295681063,49.83388704318937,51319365.86159872
ARIMA*,1,3,15,600,19489083.444765165,26381011.595403478,-33229.25263442347,50.16666666666667,49.833333333333336,53799913.36157626
ARIMA*,1,6,30,597,22423365.73473142,29723940.145961467,-109028.90813164116,50.25125628140703,49.74874371859296,61236097.754632935
ARIMA*,1,12,60,591,26687472.75799603,34543515.533641,-52569.23351782631,51.60744500846024,48.39255499153977,66157285.252093054
VAR*,2,1,5,602,16154947.573551223,23484043.000196543,-50808.402175665746,48.006644518272424,51.993355481727576,50185517.65676112
VAR*,2,3,15,600,19225198.816339754,26580163.40458194,-57526.863276844524,48.833333333333336,51.16666666666667,56151745.786949255
VAR*,2,6,30,597,22096931.750639867,30021559.24227882,-183988.8618028808,50.41876046901172,49.58123953098828,63567887.52351014
VAR*,2,12,60,591,26550321.26985732,34860187.970215775,-347987.15826334426,49.06937394247039,50.930626057529615,71971163.26303078
TREE*,3,1,5,602,25539152.185530603,32976443.440273087,-17194188.59002704,25.91362126245847,74.08637873754152,68039903.77157994
TREE*,3,3,15,600,40315628.19914894,48842114.02599324,-35484663.86777244,14.166666666666666,85.83333333333333,90981528.39741139
TREE*,3,6,30,597,51562243.50891511,61453508.23331554,-48407960.83677668,9.715242881072026,90.28475711892797,107533623.65590014
TREE*,3,12,60,591,56991931.1462131,70337354.33897913,-52878260.01746672,11.6751269035533,88.3248730964467,127119543.67743891
RECURRENT*,4,1,5,602,20091976.855599266,26808284.420078143,-11134306.25079769,28.405315614617937,71.59468438538205,54085090.42652095
RECURRENT*,4,3,15,600,22776115.801180415,29997871.309015088,-11969831.041523,28.833333333333332,71.16666666666667,61918168.23316261
RECURRENT*,4,6,30,597,38896534.823300645,48130451.30999097,-27087917.492962785,21.943048576214405,78.05695142378559,96407971.35235077
RECURRENT*,4,12,60,591,51691252.08638129,62900398.944360696,-40068936.53124951,17.59729272419628,82.40270727580372,116379622.71444899
TRANSFORMER*,5,1,5,602,19767802.72587378,26401169.625433672,-6088674.055643596,41.36212624584717,58.63787375415283,54079878.717119895
TRANSFORMER*,5,3,15,600,24244138.598117612,30918887.139711484,-8963918.3117504,37.5,62.5,61894168.411681086
TRANSFORMER*,5,6,30,597,31230690.194712844,38302092.61476192,-21533307.903076064,23.283082077051926,76.71691792294807,71307236.24252862
TRANSFORMER*,5,12,60,591,37394071.34659872,44958183.220612966,-28565786.938060973,18.44331641285956,81.55668358714044,84696157.91218093
