model,model_order,horizon_steps,horizon_minutes,hour,n,mae_bps,rmse_bps,bias_bps,underprediction_pct
Persistence,0,1,5,0,24,18574742.08666667,26229545.14803843,-3458617.9777777777,62.5
Persistence,0,1,5,1,24,24642815.851111114,34853599.602982625,-7324675.06,41.66666666666667
Persistence,0,1,5,2,24,17872690.87111111,29173711.590574168,7814393.717777778,58.333333333333336
Persistence,0,1,5,3,24,14730750.223333335,24418698.94072402,-6021847.187777777,54.166666666666664
Persistence,0,1,5,4,24,13511645.015555553,20127467.554828532,-331696.14222222194,45.83333333333333
Persistence,0,1,5,5,24,12655921.104444444,16942543.556615897,-434555.66888888925,45.83333333333333
Persistence,0,1,5,6,24,34525149.851111114,57023781.801853724,-62223.89333333261,33.33333333333333
Persistence,0,1,5,7,24,27355897.50888889,36723047.48658907,749695.2422222216,50.0
Persistence,0,1,5,8,24,19061202.676666666,29239029.86725677,2159585.752222222,50.0
Persistence,0,1,5,9,24,14987110.206666669,22385718.51377266,-302219.2666666657,54.166666666666664
Persistence,0,1,5,10,24,8646090.144444447,14181186.463794827,884284.1022222216,50.0
Persistence,0,1,5,11,24,14084166.586666668,23616230.158754837,945740.7044444444,45.83333333333333
Persistence,0,1,5,12,24,16016060.72777778,25565129.20505128,-3714756.0566666666,45.83333333333333
Persistence,0,1,5,13,24,13794879.48888889,17679879.336812228,-2868743.0399999996,37.5
Persistence,0,1,5,14,24,13684202.375555558,21071078.78005507,453677.4155555554,54.166666666666664
Persistence,0,1,5,15,24,15365948.02111111,20508707.14128712,579499.9166666666,45.83333333333333
Persistence,0,1,5,16,24,8847927.577777775,11039285.468357319,2222832.1466666665,66.66666666666666
Persistence,0,1,5,17,24,15349048.302222222,21509701.922872987,3448.08222222204,54.166666666666664
Persistence,0,1,5,18,24,13582624.965555556,17197727.307831626,-633327.2722222215,50.0
Persistence,0,1,5,19,24,16331798.083333336,23809415.66474352,3011931.025555555,62.5
Persistence,0,1,5,20,24,16835935.160000004,23468395.715403046,1651390.555555556,50.0
Persistence,0,1,5,21,26,23065252.56615384,32149923.90655102,2130172.3835897446,50.0
Persistence,0,1,5,22,36,14423655.25037037,21408056.33124787,-1933888.1185185176,55.55555555555556
Persistence,0,1,5,23,36,24553902.252592597,33968840.73066765,4269430.304444443,61.111111111111114
Persistence,0,3,15,0,24,22339402.467777785,28337139.415976718,-6138646.785555554,45.83333333333333
Persistence,0,3,15,1,24,22934389.45777778,34042524.382426694,-11261393.311111113,33.33333333333333
Persistence,0,3,15,2,24,27727649.429999996,40810402.199718066,12514895.61,62.5
Persistence,0,3,15,3,24,29944351.267777774,42552573.63907352,-18232465.503333334,37.5
Persistence,0,3,15,4,24,16653701.672222221,22375120.0077981,-3494607.783333333,45.83333333333333
Persistence,0,3,15,5,24,15212987.023333332,22203042.494003113,3615754.761111111,50.0
Persistence,0,3,15,6,24,38999523.16,59627676.23901065,-155473.40666666566,37.5
Persistence,0,3,15,7,24,26454388.405555557,38606746.76882537,4496059.778888888,50.0
Persistence,0,3,15,8,24,21053057.15,29069628.501420252,4572301.125555555,50.0
Persistence,0,3,15,9,24,18209831.77222222,22809695.673177525,-1833388.934444445,33.33333333333333
Persistence,0,3,15,10,24,11822825.90444445,17260456.374783758,1350586.7866666664,50.0
Persistence,0,3,15,11,24,15666280.527777776,23184699.204049982,1520427.7322222218,54.166666666666664
Persistence,0,3,15,12,24,22457814.927777782,30695167.812453944,-11275439.807777777,33.33333333333333
Persistence,0,3,15,13,24,17158014.383333337,22056634.194802087,-4712729.761111111,54.166666666666664
Persistence,0,3,15,14,24,16654536.949999997,24370621.01717869,-3090082.247777778,41.66666666666667
Persistence,0,3,15,15,24,22278259.566666666,28138164.399652306,3533549.52888889,62.5
Persistence,0,3,15,16,24,14056362.887777777,17564953.354848202,4893481.685555555,58.333333333333336
Persistence,0,3,15,17,24,16927274.416666668,20263557.610168315,641343.665555556,54.166666666666664
Persistence,0,3,15,18,24,17331130.625555556,22539677.97639454,1280067.1477777779,50.0
Persistence,0,3,15,19,24,16242034.857777782,20901510.074250773,1473153.571111111,54.166666666666664
Persistence,0,3,15,20,24,25335192.669999998,35893292.32671128,11626270.381111113,54.166666666666664
Persistence,0,3,15,21,24,26660275.701111108,32099817.51917216,2082369.9277777758,62.5
Persistence,0,3,15,22,36,20249177.032592587,27270181.63256373,-2941846.21185185,41.66666666666667
Persistence,0,3,15,23,36,26403517.75481482,35209849.635569856,9345387.145925922,63.888888888888886
Persistence,0,6,30,0,24,27550835.328888893,34256283.38217915,-5105418.317777774,37.5
Persistence,0,6,30,1,24,30050683.102222223,38551108.36892746,-21621929.59777778,16.666666666666664
Persistence,0,6,30,2,24,29071936.887777776,40028512.1768379,22277979.71,70.83333333333334
Persistence,0,6,30,3,24,39768167.927777775,50953516.33489843,-34474634.14333334,20.833333333333336
Persistence,0,6,30,4,24,16510274.032222226,26585671.52648731,-6053638.75,37.5
Persistence,0,6,30,5,24,17466119.802222222,23723074.694626767,3974380.5088888905,54.166666666666664
Persistence,0,6,30,6,24,44000839.174444444,62017024.01003094,-247337.74333332913,50.0
Persistence,0,6,30,7,24,26857490.404444445,42436770.58120592,2217948.7199999983,62.5
Persistence,0,6,30,8,24,24155365.50888889,31340335.554167364,8758509.811111113,62.5
Persistence,0,6,30,9,24,25589266.167777777,32908204.77182968,3646540.5122222197,50.0
Persistence,0,6,30,10,24,11173124.97333333,15187025.867826525,4552820.035555556,66.66666666666666
Persistence,0,6,30,11,24,19921937.283333335,26919041.493487146,2397779.836666666,54.166666666666664
Persistence,0,6,30,12,24,27741696.662222225,38424098.741678365,-25431334.162222218,12.5
Persistence,0,6,30,13,24,21343837.56,28862608.379539087,-10441737.984444445,29.166666666666668
Persistence,0,6,30,14,24,16699659.319999998,24788482.821287062,-2550144.819999999,33.33333333333333
Persistence,0,6,30,15,24,22114819.349999998,26466745.236027997,10904227.241111113,70.83333333333334
Persistence,0,6,30,16,24,15623709.322222224,19952397.31251716,3434403.4,58.333333333333336
Persistence,0,6,30,17,24,13183756.04888889,15743480.445476118,4370805.28,62.5
Persistence,0,6,30,18,24,15885052.284444446,21647569.984819394,218717.79333333237,54.166666666666664
Persistence,0,6,30,19,24,15462611.155555556,19980408.74198965,4784765.111111113,66.66666666666666
Persistence,0,6,30,20,24,29986065.673333332,41247974.427472696,18545529.606666666,58.333333333333336
Persistence,0,6,30,21,24,34388028.541111104,43467636.94541447,8764248.972222218,62.5
Persistence,0,6,30,22,33,20729914.64,27175316.97596312,-10342831.808484847,39.39393939393939
Persistence,0,6,30,23,36,27529789.063703705,35766961.702370495,16698461.653333329,66.66666666666666
Persistence,0,12,60,0,24,26544039.01333333,35394396.84344768,4770608.386666671,41.66666666666667
Persistence,0,12,60,1,24,44687070.841111116,51634352.754023254,-39765478.63666668,8.333333333333332
Persistence,0,12,60,2,24,41763336.10777778,48462603.40657796,25545905.82333334,75.0
Persistence,0,12,60,3,24,61711497.70111111,64786632.02790194,-40854942.35,25.0
Persistence,0,12,60,4,24,25862775.217777777,38111619.72139611,-21080634.94666667,12.5
Persistence,0,12,60,5,24,13196628.383333333,24060098.87875542,4030204.8366666664,45.83333333333333
Persistence,0,12,60,6,24,23763616.123333335,39522939.62258075,11758231.843333336,50.0
Persistence,0,12,60,7,24,27999676.527777776,43652173.20613067,-12707584.68777778,50.0
Persistence,0,12,60,8,24,30411606.75222222,36952065.6614424,21382178.32111111,79.16666666666666
Persistence,0,12,60,9,24,18211937.69333333,25161187.156957667,7370517.853333332,75.0
Persistence,0,12,60,10,24,17018234.73666667,24257440.641259305,410776.41666666727,54.166666666666664
Persistence,0,12,60,11,24,14664023.492222222,20982171.374631464,5004827.974444446,75.0
Persistence,0,12,60,12,24,40628757.07,49865885.55796071,-35853413.00555556,12.5
Persistence,0,12,60,13,24,23217513.925555557,31517967.63270186,-20006339.49,20.833333333333336
Persistence,0,12,60,14,24,24261935.675555557,30820469.323901024,-13985839.264444442,25.0
Persistence,0,12,60,15,24,19302628.73,26670404.041932657,15717680.696666667,87.5
Persistence,0,12,60,16,24,17388159.818888888,21102987.427295938,3607673.216666665,66.66666666666666
Persistence,0,12,60,17,24,18103367.142222222,19918326.07614813,14203448.702222222,83.33333333333334
Persistence,0,12,60,18,24,15177070.667777782,20137720.19477026,-1226401.2722222228,50.0
Persistence,0,12,60,19,24,25685271.232222226,32121318.97003584,11700154.294444447,62.5
Persistence,0,12,60,20,24,35195781.97555556,51029134.54842952,27229306.73111111,58.333333333333336
Persistence,0,12,60,21,24,43218869.73666667,49212309.099410996,29592268.863333333,79.16666666666666
Persistence,0,12,60,22,27,28877060.64691358,38182743.86723886,-11936084.854320986,40.74074074074074
Persistence,0,12,60,23,36,30658046.972592585,37372495.83405098,13911889.137037035,66.66666666666666
ARIMA*,1,1,5,0,24,15378697.218013838,21196377.819005113,-2132383.3581770733,45.83333333333333
ARIMA*,1,1,5,1,24,22744293.442745823,32022883.476502854,-13284869.99883087,37.5
ARIMA*,1,1,5,2,24,17376392.67084861,22766705.36944354,11057273.775502134,75.0
ARIMA*,1,1,5,3,24,21536861.744492907,27825283.24254382,-15226242.65519992,20.833333333333336
ARIMA*,1,1,5,4,24,13207547.511946678,18476916.95057301,-5109541.10107313,33.33333333333333
ARIMA*,1,1,5,5,24,11658723.899949439,14009865.68131915,151277.9048223924,37.5
ARIMA*,1,1,5,6,24,31077622.17173326,46620679.32327794,798431.3266732333,25.0
ARIMA*,1,1,5,7,24,21690654.959497545,29927236.204489224,1204840.5863076814,54.166666666666664
ARIMA*,1,1,5,8,24,15995903.866470298,22717400.24396808,4855612.538120543,75.0
ARIMA*,1,1,5,9,24,14193796.692823544,19087158.16337017,1347266.6973142691,58.333333333333336
ARIMA*,1,1,5,10,24,7903650.535052717,12234964.395274976,2108604.7687566336,70.83333333333334
ARIMA*,1,1,5,11,24,12003359.32423088,19264865.09965645,1648882.3312778734,62.5
ARIMA*,1,1,5,12,24,16728125.075403223,24515679.2018144,-10807355.55677318,20.833333333333336
ARIMA*,1,1,5,13,24,14231452.457703905,17737921.152145028,-7757481.643948942,29.166666666666668
ARIMA*,1,1,5,14,24,14181751.125413748,18584819.23053152,-2833936.603234222,33.33333333333333
ARIMA*,1,1,5,15,24,14533188.125496574,18315227.230677765,3110177.6813741787,54.166666666666664
ARIMA*,1,1,5,16,24,8631897.831168381,10355928.983793322,3325442.7583217057,66.66666666666666
ARIMA*,1,1,5,17,24,12921907.159613661,17224089.656510886,2767816.6880839015,62.5
ARIMA*,1,1,5,18,24,11372597.038490595,15180821.142310303,101014.6398819865,54.166666666666664
ARIMA*,1,1,5,19,24,15227106.65408878,20941540.416503742,4052293.657806166,58.333333333333336
ARIMA*,1,1,5,20,24,18371045.91465387,25139060.953588888,8668472.302003385,54.166666666666664
ARIMA*,1,1,5,21,26,21916769.473835185,28027371.086834557,5534180.213629689,61.53846153846154
ARIMA*,1,1,5,22,36,12906108.693659745,18923576.069404963,-4077426.3724144325,41.66666666666667
ARIMA*,1,1,5,23,36,21507184.509477723,28944484.63379057,7360105.221094617,66.66666666666666
ARIMA*,1,3,15,0,24,18103588.529689144,22052306.361575816,-1380103.1201850113,45.83333333333333
ARIMA*,1,3,15,1,24,25304624.90746674,33888634.388007894,-20453973.472453345,16.666666666666664
ARIMA*,1,3,15,2,24,25511055.08966106,29918749.57502775,15527557.33058842,66.66666666666666
ARIMA*,1,3,15,3,24,36006917.65979919,41807490.261443295,-27722892.963468563,20.833333333333336
ARIMA*,1,3,15,4,24,16753436.84908845,22650850.84838462,-10870399.05800979,25.0
ARIMA*,1,3,15,5,24,14237839.140910229,15782382.241150428,1472465.8863875058,41.66666666666667
ARIMA*,1,3,15,6,24,31442941.437375333,46524413.36597701,1542958.2319398902,29.166666666666668
ARIMA*,1,3,15,7,24,17829280.764271174,28856328.724296875,1599110.6552528266,66.66666666666666
ARIMA*,1,3,15,8,24,18001785.85637856,22753714.8926214,9190229.695222704,79.16666666666666
ARIMA*,1,3,15,9,24,14947669.741599625,19013782.911182236,3225214.564258961,58.333333333333336
ARIMA*,1,3,15,10,24,10007180.085561527,14382708.4659125,3382595.008171705,58.333333333333336
ARIMA*,1,3,15,11,24,12668656.476917086,18066996.900775254,2399259.733215255,54.166666666666664
ARIMA*,1,3,15,12,24,24896158.909034,31643415.088321827,-20076009.992639866,16.666666666666664
ARIMA*,1,3,15,13,24,18789863.480752517,22658157.883931585,-13320314.51992455,25.0
ARIMA*,1,3,15,14,24,16177773.822338514,20253020.46718897,-7234398.31163083,20.833333333333336
ARIMA*,1,3,15,15,24,17901045.6352499,22327365.646371447,6476869.0588574605,66.66666666666666
ARIMA*,1,3,15,16,24,11010477.388713017,14105251.18736664,5333565.778896489,70.83333333333334
ARIMA*,1,3,15,17,24,13743279.453275999,16419433.685987325,5460360.887891655,70.83333333333334
ARIMA*,1,3,15,18,24,13121406.52436431,17028781.720304463,1395150.7651121132,54.166666666666664
ARIMA*,1,3,15,19,24,16212654.96295116,19991501.968193833,5121159.571826072,66.66666666666666
ARIMA*,1,3,15,20,24,25986639.755377397,37007948.44930535,17897912.89530211,62.5
ARIMA*,1,3,15,21,24,25935017.375502944,30364754.20722044,12632316.048193283,62.5
ARIMA*,1,3,15,22,36,18439291.551745825,23120624.16703885,-6832817.877937739,38.88888888888889
ARIMA*,1,3,15,23,36,23319236.63015502,29146461.888648883,11879907.218827683,77.77777777777779
ARIMA*,1,6,30,0,24,18261024.915481053,24318191.062457737,2777544.077950937,37.5
ARIMA*,1,6,30,1,24,32325511.10252732,40194535.30696775,-29023773.374327857,12.5
ARIMA*,1,6,30,2,24,27255907.367699876,30473695.39155871,18947501.004982844,79.16666666666666
ARIMA*,1,6,30,3,24,47919401.879911326,50902031.29947095,-36872716.68517355,20.833333333333336
ARIMA*,1,6,30,4,24,20335412.793540996,26184717.220901884,-16562881.535787592,16.666666666666664
ARIMA*,1,6,30,5,24,12402982.007718071,14670251.71492207,-263278.41583165276,45.83333333333333
ARIMA*,1,6,30,6,24,33492225.53289379,46963141.9956738,3141095.202871632,50.0
ARIMA*,1,6,30,7,24,18090292.15476093,29356898.32381678,-1849965.3633045487,50.0
ARIMA*,1,6,30,8,24,21409686.742930964,25241304.851784732,13900170.712921882,83.33333333333334
ARIMA*,1,6,30,9,24,19469031.32806197,23333304.477645066,7593096.19834387,66.66666666666666
ARIMA*,1,6,30,10,24,11517140.939999102,15848674.904954717,4403064.25414278,66.66666666666666
ARIMA*,1,6,30,11,24,14022626.51734036,19301846.04930861,4228342.731534921,58.333333333333336
ARIMA*,1,6,30,12,24,32500001.022479862,39782632.01096582,-29319843.32968426,8.333333333333332
ARIMA*,1,6,30,13,24,23372838.678289514,28040024.11695932,-19840557.594484683,8.333333333333332
ARIMA*,1,6,30,14,24,19269021.673909888,22641714.33963064,-10545621.263997795,16.666666666666664
ARIMA*,1,6,30,15,24,15320215.2137092,22012307.829887714,9966791.250067348,58.333333333333336
ARIMA*,1,6,30,16,24,11929993.959121851,14126741.8933522,4801657.451534749,62.5
ARIMA*,1,6,30,17,24,13911476.473782396,17200992.40010255,9760260.952080041,75.0
ARIMA*,1,6,30,18,24,12101135.532290615,15765263.49581345,1397488.2321825065,58.333333333333336
ARIMA*,1,6,30,19,24,18125641.47441067,22025093.330294553,8427371.372164298,62.5
ARIMA*,1,6,30,20,24,32265872.41898872,44018693.873971,23494878.0586375,62.5
ARIMA*,1,6,30,21,24,35332457.1151258,40658857.00717013,22803234.66809826,75.0
ARIMA*,1,6,30,22,33,22395792.44070054,25947913.12036929,-11143480.575979615,42.42424242424242
ARIMA*,1,6,30,23,36,24238074.133671097,30171351.261130996,14164222.064850513,77.77777777777779
ARIMA*,1,12,60,0,24,20944571.14615807,26807131.325290073,14350746.314394051,70.83333333333334
ARIMA*,1,12,60,1,24,40639538.49153101,48031076.61912648,-39007789.02827343,8.333333333333332
ARIMA*,1,12,60,2,24,28415233.02384144,31657051.665840797,10803914.56902572,79.16666666666666
ARIMA*,1,12,60,3,24,52498405.01815259,54191109.39656211,-31796611.34056894,20.833333333333336
ARIMA*,1,12,60,4,24,38051331.76412725,42144858.64830419,-38051331.76412725,0.0
ARIMA*,1,12,60,5,24,12202766.87961034,15244445.708633125,-5397286.126340856,25.0
ARIMA*,1,12,60,6,24,23802710.556026682,41559355.26486513,10579700.628567385,45.83333333333333
ARIMA*,1,12,60,7,24,18991129.64137907,27875916.75866617,-10353852.462630926,25.0
ARIMA*,1,12,60,8,24,24674060.381315876,27926920.330157906,20754825.265153404,95.83333333333334
ARIMA*,1,12,60,9,24,19640179.378061634,23593091.37345947,14072476.940601483,79.16666666666666
ARIMA*,1,12,60,10,24,17062132.598119523,21151816.463911302,3740610.479369627,54.166666666666664
ARIMA*,1,12,60,11,24,12772708.2486747,18168168.603546064,7527434.134311513,79.16666666666666
ARIMA*,1,12,60,12,24,36957420.880804785,44125081.353883244,-33814341.455649614,8.333333333333332
ARIMA*,1,12,60,13,24,33610521.257338755,38208642.66997422,-33517034.845784068,8.333333333333332
ARIMA*,1,12,60,14,24,29247663.788787764,31778191.399079904,-24552656.528860077,12.5
ARIMA*,1,12,60,15,24,14151927.803580076,19277860.568248972,9037184.077646926,58.333333333333336
ARIMA*,1,12,60,16,24,13088976.499329532,14903201.87266548,7323922.931672777,70.83333333333334
ARIMA*,1,12,60,17,24,20086595.981231228,22213167.182700254,17922115.26883437,91.66666666666666
ARIMA*,1,12,60,18,24,13573531.454906233,16669167.869112236,3586588.323926942,75.0
ARIMA*,1,12,60,19,24,22122703.516665656,27715499.689391863,12583386.277987191,58.333333333333336
ARIMA*,1,12,60,20,24,41957055.10444396,57318450.56408577,31778484.79750817,58.333333333333336
ARIMA*,1,12,60,21,24,42939761.04632219,52258365.23311727,41678370.634751074,95.83333333333334
ARIMA*,1,12,60,22,27,31372573.5870955,34766398.08323453,-4301314.699861865,48.148148148148145
ARIMA*,1,12,60,23,36,29635964.613174345,35275083.18907914,9530403.046968438,63.888888888888886
VAR*,2,1,5,0,24,16337399.61308063,21618074.518671896,-4052820.154371772,45.83333333333333
VAR*,2,1,5,1,24,22153547.194872763,31710368.432209462,-10083923.671442455,37.5
VAR*,2,1,5,2,24,16799730.187557723,22887434.53085667,12046572.466537094,79.16666666666666
VAR*,2,1,5,3,24,20363268.696374945,27799883.7208807,-14133398.533020938,25.0
VAR*,2,1,5,4,24,12418527.285810784,18512464.821414545,-1605871.264093211,37.5
VAR*,2,1,5,5,24,13064665.256452562,15142388.324182058,652502.3698974022,41.66666666666667
VAR*,2,1,5,6,24,31310071.841766495,47270339.85807685,774502.6224757358,20.833333333333336
VAR*,2,1,5,7,24,22369939.386084348,31635347.61714914,1687381.158333334,54.166666666666664
VAR*,2,1,5,8,24,15841912.867979936,23521873.71932391,2646245.0641741212,58.333333333333336
VAR*,2,1,5,9,24,15889299.183851533,20314821.743777357,110918.94187292394,50.0
VAR*,2,1,5,10,24,8118787.315508527,12468258.510654695,556669.0314865547,33.33333333333333
VAR*,2,1,5,11,24,12993405.128387978,20349196.94022683,616088.4567659957,50.0
VAR*,2,1,5,12,24,16618388.064384572,24153048.23745534,-10406207.471096419,25.0
VAR*,2,1,5,13,24,13218282.481189957,16217407.962691281,-3715429.5861068475,37.5
VAR*,2,1,5,14,24,12494223.37742821,18110668.616585124,-815124.8536234522,37.5
VAR*,2,1,5,15,24,15783291.22556966,19804494.786080755,2616567.324771686,54.166666666666664
VAR*,2,1,5,16,24,7942091.54823446,9621063.132443285,1879255.0001621873,66.66666666666666
VAR*,2,1,5,17,24,13705314.493819319,17931838.580733106,1042490.957197085,50.0
VAR*,2,1,5,18,24,11208461.955806896,14202350.567008825,-111553.6947180219,37.5
VAR*,2,1,5,19,24,13997763.054174379,19697009.262141503,3821745.4080837336,62.5
VAR*,2,1,5,20,24,16733427.829543402,23026457.54992056,6628658.590709161,50.0
VAR*,2,1,5,21,26,22268993.29732027,28560388.928508807,2336685.886163484,61.53846153846154
VAR*,2,1,5,22,36,13273252.856082635,19573812.581775576,-3422419.341144656,50.0
VAR*,2,1,5,23,36,21215676.639428772,27834447.01523232,7448338.033204239,72.22222222222221
VAR*,2,3,15,0,24,19693182.475998744,22820524.872616805,-6203143.866112095,33.33333333333333
VAR*,2,3,15,1,24,21741206.255031664,31507792.26947841,-15259784.13248006,29.166666666666668
VAR*,2,3,15,2,24,24622716.402184438,29286557.821147665,17240397.738567032,66.66666666666666
VAR*,2,3,15,3,24,33696337.393952414,42712188.2129708,-26396882.429156262,25.0
VAR*,2,3,15,4,24,15064696.977255449,22173890.24109613,-4715927.286892498,41.66666666666667
VAR*,2,3,15,5,24,16284545.630357662,18851066.285611447,3256545.753331205,41.66666666666667
VAR*,2,3,15,6,24,35496293.098637804,49807042.83591604,552710.5891011575,29.166666666666668
VAR*,2,3,15,7,24,18422199.003630403,30673695.110495977,3267543.915468534,58.333333333333336
VAR*,2,3,15,8,24,17571559.58994261,23469059.319928277,5662513.002295357,62.5
VAR*,2,3,15,9,24,16994854.528207824,21219647.979932424,1351075.4302807432,50.0
VAR*,2,3,15,10,24,9323341.275314989,14012639.260819057,1401038.6771369565,45.83333333333333
VAR*,2,3,15,11,24,13881435.68356655,18697736.581525587,511792.86568960175,50.0
VAR*,2,3,15,12,24,23599733.473048747,31381505.60723654,-18084974.592875846,25.0
VAR*,2,3,15,13,24,16295153.67488266,20768943.521289956,-7813204.371646968,37.5
VAR*,2,3,15,14,24,13971856.79495159,19367441.750640992,-2609187.4049673253,33.33333333333333
VAR*,2,3,15,15,24,19915323.032756805,24060497.403893407,6243065.807409729,66.66666666666666
VAR*,2,3,15,16,24,10435136.904626397,12858534.589948501,2793569.419138439,62.5
VAR*,2,3,15,17,24,14338026.17085401,17328347.548341617,3070160.650221663,70.83333333333334
VAR*,2,3,15,18,24,12738231.74729458,16709265.691966236,649237.3392733578,45.83333333333333
VAR*,2,3,15,19,24,14930790.663400322,18472936.533465415,3849555.0874168617,62.5
VAR*,2,3,15,20,24,23195127.00665609,32741757.47776266,14301539.892304212,50.0
VAR*,2,3,15,21,24,25554521.713471536,31328733.368397973,5972614.982011892,58.333333333333336
VAR*,2,3,15,22,36,17900488.56449718,23623718.79743284,-6429416.410375681,38.88888888888889
VAR*,2,3,15,23,36,24008645.377149854,29490534.6370688,12777130.64541782,77.77777777777779
VAR*,2,6,30,0,24,21546599.720668588,26759700.822105687,-3262556.5784381554,37.5
VAR*,2,6,30,1,24,30115118.503452167,39021235.3687147,-25425296.20457117,12.5
VAR*,2,6,30,2,24,28255992.025321495,33513793.816681385,23615451.073535804,83.33333333333334
VAR*,2,6,30,3,24,47323175.26054218,52819520.61506522,-38707440.45501744,20.833333333333336
VAR*,2,6,30,4,24,15264103.283933004,24014942.157590453,-6881038.105590585,29.166666666666668
VAR*,2,6,30,5,24,15314670.26783056,18067408.109104797,3399246.208001727,54.166666666666664
VAR*,2,6,30,6,24,38304310.46056255,50399027.15091825,813380.1525859436,50.0
VAR*,2,6,30,7,24,20532730.03325582,32029473.316783313,357372.42202492617,58.333333333333336
VAR*,2,6,30,8,24,21707301.559734546,27227176.50404315,10803105.389261408,70.83333333333334
VAR*,2,6,30,9,24,20850595.958291765,24560997.27460864,4503805.244937289,58.333333333333336
VAR*,2,6,30,10,24,9633085.34720308,14144918.748375695,2755636.9067953094,45.83333333333333
VAR*,2,6,30,11,24,15414601.924831823,20950435.93577211,2432835.9849050865,62.5
VAR*,2,6,30,12,24,31738668.582072496,39911359.39103612,-28410824.264405478,12.5
VAR*,2,6,30,13,24,19602407.879345108,25874037.044612672,-13084204.395362273,29.166666666666668
VAR*,2,6,30,14,24,15983202.986049576,21670678.495532498,-3472182.560995932,33.33333333333333
VAR*,2,6,30,15,24,17233126.07744885,24268276.635140356,11545047.276184961,66.66666666666666
VAR*,2,6,30,16,24,12889214.234836042,15371508.83649992,2727540.110805079,62.5
VAR*,2,6,30,17,24,12980455.240964541,15475387.742025057,6080786.589689389,66.66666666666666
VAR*,2,6,30,18,24,12344430.52959798,16897609.152600043,-627798.7010890158,45.83333333333333
VAR*,2,6,30,19,24,16473943.084686318,20650177.25325146,6362207.014236984,62.5
VAR*,2,6,30,20,24,28124332.3358665,38511715.920728095,19512566.40320986,58.333333333333336
VAR*,2,6,30,21,24,34631703.91495604,40376552.376938395,13686128.10183263,66.66666666666666
VAR*,2,6,30,22,33,19039262.89836222,24871454.220802937,-12630599.921745503,36.36363636363637
VAR*,2,6,30,23,36,24812281.066978373,29917184.257460676,16044389.561678035,77.77777777777779
VAR*,2,12,60,0,24,22336432.145174064,27989907.58767361,9021588.17890751,62.5
VAR*,2,12,60,1,24,44130444.086267136,50740367.10503494,-42459042.21872538,4.166666666666666
VAR*,2,12,60,2,24,35123943.061602265,37552825.38339901,19257935.361767147,79.16666666666666
VAR*,2,12,60,3,24,57481251.19028068,59522044.17688665,-34079957.490408525,20.833333333333336
VAR*,2,12,60,4,24,29708252.78071774,38859476.57271025,-29708252.78071774,0.0
VAR*,2,12,60,5,24,12802746.988879887,17895398.334695768,2753520.6006795275,50.0
VAR*,2,12,60,6,24,22886876.81151936,41607905.29677461,11875112.09150269,41.66666666666667
VAR*,2,12,60,7,24,23913747.175362527,31716048.721368443,-12717574.024016248,25.0
VAR*,2,12,60,8,24,25928159.6701833,30518626.299529884,22371839.476209152,95.83333333333334
VAR*,2,12,60,9,24,16403322.538771207,20591404.84044056,8593377.111493522,70.83333333333334
VAR*,2,12,60,10,24,16646556.25083975,21930716.68981647,-764949.6597673608,54.166666666666664
VAR*,2,12,60,11,24,12527976.155602297,18343308.766790606,5042038.641682753,62.5
VAR*,2,12,60,12,24,38802999.26889277,46373524.292880006,-36000437.171425104,8.333333333333332
VAR*,2,12,60,13,24,26539469.490278963,33131986.805671275,-26204077.646361534,8.333333333333332
VAR*,2,12,60,14,24,23629264.511481952,28484901.86221937,-16494738.321063846,12.5
VAR*,2,12,60,15,24,17795216.656934656,22916364.907864317,14636006.172944343,83.33333333333334
VAR*,2,12,60,16,24,14431234.861253917,16506809.733182002,4603573.662127429,62.5
VAR*,2,12,60,17,24,17840861.084476344,20072841.86395287,15487531.24879122,91.66666666666666
VAR*,2,12,60,18,24,12068154.491625294,16243506.05762159,-1361652.6234850187,54.166666666666664
VAR*,2,12,60,19,24,23288973.400312454,28830363.100778364,11170563.624964735,62.5
VAR*,2,12,60,20,24,37945572.16130129,53049077.490446016,28984920.00386,50.0
VAR*,2,12,60,21,24,40035844.23598475,46808505.65454026,33241344.33116596,75.0
VAR*,2,12,60,22,27,31167340.297093745,37414013.49937346,-12100725.528426109,37.03703703703704
VAR*,2,12,60,23,36,30980736.278842296,35949033.642398454,11863642.584746178,61.111111111111114
TREE*,3,1,5,0,24,15609448.940997088,21118970.649550434,-4806301.1594137335,50.0
TREE*,3,1,5,1,24,24320109.515528113,35096051.95160364,-15109705.07530886,29.166666666666668
TREE*,3,1,5,2,24,14448480.179148788,19331145.44706086,3799143.6005855575,58.333333333333336
TREE*,3,1,5,3,24,23505135.22137618,30509193.43228258,-17178177.887600172,20.833333333333336
TREE*,3,1,5,4,24,13976413.508665817,18800919.517702352,-11336846.741773782,16.666666666666664
TREE*,3,1,5,5,24,14847359.192067102,16599336.092610542,-10563687.33411941,25.0
TREE*,3,1,5,6,24,36540242.60996596,47007263.14959375,-13212194.604895407,20.833333333333336
TREE*,3,1,5,7,24,25579367.66861636,32094821.978713643,-19474437.203464046,16.666666666666664
TREE*,3,1,5,8,24,13782302.666022658,21280794.19353392,-7541551.052086684,29.166666666666668
TREE*,3,1,5,9,24,14780846.781811995,22138066.80128122,-11055058.3779455,29.166666666666668
TREE*,3,1,5,10,24,15198182.95152892,18475345.455657553,-10513127.134325475,16.666666666666664
TREE*,3,1,5,11,24,16028999.441135904,21330453.440101646,-10953213.672080286,20.833333333333336
TREE*,3,1,5,12,24,38107467.92935545,42416436.646332756,-36895667.067348965,4.166666666666666
TREE*,3,1,5,13,24,47164251.00537328,50656838.969906375,-47164251.00537328,0.0
TREE*,3,1,5,14,24,60746761.44997221,63042388.84504192,-60746761.44997221,0.0
TREE*,3,1,5,15,24,44530327.53369779,47825107.524683766,-44434855.09376218,4.166666666666666
TREE*,3,1,5,16,24,43231360.297244616,45200780.34065921,-43231360.297244616,0.0
TREE*,3,1,5,17,24,26144402.227955606,29682128.546009053,-25780095.910149414,4.166666666666666
TREE*,3,1,5,18,24,27726292.418200236,30715098.036922857,-27726292.418200236,0.0
TREE*,3,1,5,19,24,22328433.385881085,27154763.54257213,-14031381.528613776,33.33333333333333
TREE*,3,1,5,20,24,31413686.080076385,34566248.262430325,-4995682.4931346,37.5
TREE*,3,1,5,21,26,20129799.12339887,26281149.58937291,1889896.2233177996,61.53846153846154
TREE*,3,1,5,22,36,13093831.398219794,18890314.871198453,-4324290.990927638,44.44444444444444
TREE*,3,1,5,23,36,19432777.889839485,25512258.37845893,4068659.3450083826,66.66666666666666
TREE*,3,3,15,0,24,19802012.96820794,24759621.151052535,-9053512.848074837,33.33333333333333
TREE*,3,3,15,1,24,30961217.319493245,39299293.433964714,-28662607.06770429,8.333333333333332
TREE*,3,3,15,2,24,18001402.24219184,22246192.120521374,-3980444.7182718255,45.83333333333333
TREE*,3,3,15,3,24,32368155.18204586,40730137.37923282,-29445167.51685138,16.666666666666664
TREE*,3,3,15,4,24,20119198.341956127,24233640.00719076,-18654912.14592254,12.5
TREE*,3,3,15,5,24,19048233.038596872,22353007.3561086,-16645968.139495298,16.666666666666664
TREE*,3,3,15,6,24,45201362.8376523,51295553.62840458,-26432141.94335443,16.666666666666664
TREE*,3,3,15,7,24,29248664.031146646,36377259.32219947,-28917482.489756662,8.333333333333332
TREE*,3,3,15,8,24,28173962.65252878,33900922.48950641,-27310694.770103116,8.333333333333332
TREE*,3,3,15,9,24,34932214.582355954,38642637.04708545,-34932214.582355954,0.0
TREE*,3,3,15,10,24,31650139.58008346,33925631.47540651,-28983215.2747509,8.333333333333332
TREE*,3,3,15,11,24,28046367.557201575,32597981.930851478,-28046367.557201575,0.0
TREE*,3,3,15,12,24,66120885.07545033,69216946.70275594,-65834906.60289314,4.166666666666666
TREE*,3,3,15,13,24,73139058.14641492,75342785.12067963,-73139058.14641492,0.0
TREE*,3,3,15,14,24,88438029.56783049,90255814.06411497,-88438029.56783049,0.0
TREE*,3,3,15,15,24,74206395.21948607,76249568.2712479,-74206395.21948607,0.0
TREE*,3,3,15,16,24,72509908.3089544,73435830.59513941,-72509908.3089544,0.0
TREE*,3,3,15,17,24,57953126.59012123,59602100.07198261,-57953126.59012123,0.0
TREE*,3,3,15,18,24,61176558.07787939,62660234.66042745,-61176558.07787939,0.0
TREE*,3,3,15,19,24,46700771.01982149,50724064.099001765,-44998980.732356094,4.166666666666666
TREE*,3,3,15,20,24,46053015.2779217,50589551.53572152,-24946073.50114329,33.33333333333333
TREE*,3,3,15,21,24,23495147.89359564,29032319.43118883,-13441276.015197108,25.0
TREE*,3,3,15,22,36,21812017.48993724,27010364.634743538,-18868103.09779506,13.88888888888889
TREE*,3,3,15,23,36,18551235.488587633,26599616.01694867,-736933.4876662964,61.111111111111114
TREE*,3,6,30,0,24,21065947.180178624,25464790.39698229,-10675877.066497965,25.0
TREE*,3,6,30,1,24,38054883.27177674,47256158.789601676,-37204649.69845987,4.166666666666666
TREE*,3,6,30,2,24,15067493.587750828,21009542.83140511,-9156219.353836065,41.66666666666667
TREE*,3,6,30,3,24,33419792.10754487,37655771.31949859,-30262648.1950403,12.5
TREE*,3,6,30,4,24,21539490.15844139,26179670.474773657,-21516026.728959102,4.166666666666666
TREE*,3,6,30,5,24,20309234.848436207,23427542.99303898,-18456726.462844897,12.5
TREE*,3,6,30,6,24,48642350.63251374,52408349.59885734,-34329924.21858396,12.5
TREE*,3,6,30,7,24,33460376.8903749,39568046.57252543,-32061978.341714203,8.333333333333332
TREE*,3,6,30,8,24,36442103.62314182,41104002.44280479,-36442103.62314182,0.0
TREE*,3,6,30,9,24,53812083.43360882,56355726.53416996,-53812083.43360882,0.0
TREE*,3,6,30,10,24,47588231.38934481,50830123.73504285,-46231680.81056418,4.166666666666666
TREE*,3,6,30,11,24,43421011.44838725,47897500.737330295,-43317455.48085018,4.166666666666666
TREE*,3,6,30,12,24,83030111.7959028,85985535.74804896,-82803713.72634982,4.166666666666666
TREE*,3,6,30,13,24,93056578.3068319,94878686.16975853,-93056578.3068319,0.0
TREE*,3,6,30,14,24,101362605.32131898,103103365.45196661,-101362605.32131898,0.0
TREE*,3,6,30,15,24,86876809.56890453,88718087.26467377,-86876809.56890453,0.0
TREE*,3,6,30,16,24,90611811.37304448,91194639.36129312,-90611811.37304448,0.0
TREE*,3,6,30,17,24,88632104.12212986,89699872.61695702,-88632104.12212986,0.0
TREE*,3,6,30,18,24,90976633.98965983,92663145.0310724,-90976633.98965983,0.0
TREE*,3,6,30,19,24,71725531.14927024,74224266.44134036,-71725531.14927024,0.0
TREE*,3,6,30,20,24,56572391.3626493,62953200.53184886,-40778567.87476482,25.0
TREE*,3,6,30,21,24,32206546.721679848,37781774.35546046,-19950676.21083617,25.0
TREE*,3,6,30,22,33,33936391.178953685,38871387.780580945,-32983192.137564898,9.090909090909092
TREE*,3,6,30,23,36,18716098.08687357,26924161.63882045,-12369154.378970891,30.555555555555557
TREE*,3,12,60,0,24,14966062.403046938,21461893.123952214,-2027331.754079995,37.5
TREE*,3,12,60,1,24,36557205.71626015,46011734.749172375,-35487812.01079727,12.5
TREE*,3,12,60,2,24,16907239.842818692,24670790.913281143,-11787552.931202784,33.33333333333333
TREE*,3,12,60,3,24,22222506.61243027,24656403.038269933,-13563027.462571742,25.0
TREE*,3,12,60,4,24,20226841.733059064,24440628.02174345,-17520039.05484661,16.666666666666664
TREE*,3,12,60,5,24,15611991.683233252,18520316.27406989,-11100659.053676678,25.0
TREE*,3,12,60,6,24,33653435.29896759,40820179.283762336,-14667299.14175357,20.833333333333336
TREE*,3,12,60,7,24,30616322.6107077,37868175.93237714,-28745467.80013901,8.333333333333332
TREE*,3,12,60,8,24,43033429.11188916,49443846.53452083,-43033429.11188916,0.0
TREE*,3,12,60,9,24,56395450.78506946,58895556.75895759,-56395450.78506946,0.0
TREE*,3,12,60,10,24,54721806.185006954,58337144.20953806,-54302429.28195423,4.166666666666666
TREE*,3,12,60,11,24,52190875.88828785,56959906.18332484,-52190875.88828785,0.0
TREE*,3,12,60,12,24,94693783.94259052,97341376.23498142,-94693783.94259052,0.0
TREE*,3,12,60,13,24,114222021.5537426,116012546.19356363,-114222021.5537426,0.0
TREE*,3,12,60,14,24,124721088.18755066,125908872.34995429,-124721088.18755066,0.0
TREE*,3,12,60,15,24,100677533.57835703,102241197.514405,-100677533.57835703,0.0
TREE*,3,12,60,16,24,110401446.96546368,110986102.26911552,-110401446.96546368,0.0
TREE*,3,12,60,17,24,109119923.12075174,110081701.78348663,-109119923.12075174,0.0
TREE*,3,12,60,18,24,98020020.7861069,99179426.23290959,-98020020.7861069,0.0
TREE*,3,12,60,19,24,86016315.45611618,88358221.60837258,-86016315.45611618,0.0
TREE*,3,12,60,20,24,65289218.878103174,73256048.2420488,-50456200.08259269,25.0
TREE*,3,12,60,21,24,36319651.84727453,43163089.96542593,-18769031.676040042,37.5
TREE*,3,12,60,22,27,30554418.859825965,35555444.72738039,-28345576.498343617,7.4074074074074066
TREE*,3,12,60,23,36,21645607.380906265,31203435.988879804,-14879759.829267345,22.22222222222222
RECURRENT*,4,1,5,0,24,16605090.317907853,22426210.696246296,-4866134.041142292,50.0
RECURRENT*,4,1,5,1,24,23578460.89395393,34877728.46800589,-13836265.489245147,37.5
RECURRENT*,4,1,5,2,24,15032706.317174098,20324622.62915052,7070558.494280603,66.66666666666666
RECURRENT*,4,1,5,3,24,22126969.215659566,29912183.311284527,-16539383.256685333,25.0
RECURRENT*,4,1,5,4,24,18764340.54519966,24034752.705384523,-17273502.432900727,8.333333333333332
RECURRENT*,4,1,5,5,24,17349790.196119744,20233392.17324292,-14706797.796423057,16.666666666666664
RECURRENT*,4,1,5,6,24,36709131.028580695,49375042.38663282,-10204675.817603767,20.833333333333336
RECURRENT*,4,1,5,7,24,24287535.20950986,32010481.96124024,-14669884.154494861,25.0
RECURRENT*,4,1,5,8,24,14307973.404012254,22635928.474521823,-6500233.438913587,25.0
RECURRENT*,4,1,5,9,24,13034602.792724585,19088049.170767285,-6346675.625509296,37.5
RECURRENT*,4,1,5,10,24,11611520.508728413,15054876.062602172,-6514598.511820116,20.833333333333336
RECURRENT*,4,1,5,11,24,12843535.573499871,20279903.408538014,-4695812.085216145,37.5
RECURRENT*,4,1,5,12,24,23420869.59248534,28508054.805034943,-20245095.727163542,8.333333333333332
RECURRENT*,4,1,5,13,24,27529856.003311884,31260313.373054907,-27042751.949208647,8.333333333333332
RECURRENT*,4,1,5,14,24,34903895.4450947,36694723.4824519,-32407380.436187226,8.333333333333332
RECURRENT*,4,1,5,15,24,25794491.457217112,28885135.757886454,-23059847.33982366,12.5
RECURRENT*,4,1,5,16,24,20155690.570805553,22350047.1588755,-19925177.37714099,4.166666666666666
RECURRENT*,4,1,5,17,24,17672624.949780285,22202355.997901298,-14990140.918556735,25.0
RECURRENT*,4,1,5,18,24,17264084.29788671,21919160.23924239,-16742450.473575624,12.5
RECURRENT*,4,1,5,19,24,16801380.64451996,22156095.231161132,-10016046.52022262,16.666666666666664
RECURRENT*,4,1,5,20,24,22410182.160697024,26339980.792999014,-4131739.3197694826,33.33333333333333
RECURRENT*,4,1,5,21,26,19873417.720016237,25987421.035974536,463700.11798214685,57.692307692307686
RECURRENT*,4,1,5,22,36,12940554.225048052,19160666.348211832,-4452121.792538676,44.44444444444444
RECURRENT*,4,1,5,23,36,20552436.312548526,27383543.45032905,3022906.6583161126,55.55555555555556
RECURRENT*,4,3,15,0,24,22310777.547724374,27893362.831186704,-14862309.362078203,29.166666666666668
RECURRENT*,4,3,15,1,24,23544236.44653079,32326765.510378417,-14998425.35103418,29.166666666666668
RECURRENT*,4,3,15,2,24,27253913.26719633,34572741.80144154,20045876.55875558,79.16666666666666
RECURRENT*,4,3,15,3,24,35704115.99133472,51117298.6565677,-30238675.957557246,20.833333333333336
RECURRENT*,4,3,15,4,24,14225797.527153054,18870801.533708826,-9673562.001329532,25.0
RECURRENT*,4,3,15,5,24,13524345.334048009,16796060.38184586,-5835201.177969922,33.33333333333333
RECURRENT*,4,3,15,6,24,29931113.164355814,44680576.757549286,604212.6170365717,41.66666666666667
RECURRENT*,4,3,15,7,24,21651008.369692404,30460225.06226323,-8489786.013024472,33.33333333333333
RECURRENT*,4,3,15,8,24,14353507.401272392,19360466.625001084,-3009086.7908905107,45.83333333333333
RECURRENT*,4,3,15,9,24,15814869.547760004,19737257.798487287,-9675557.150871396,25.0
RECURRENT*,4,3,15,10,24,16370438.209021447,19267754.04867329,-10493929.493452888,25.0
RECURRENT*,4,3,15,11,24,19780027.448631562,24211945.9642972,-11502424.917314732,29.166666666666668
RECURRENT*,4,3,15,12,24,31552117.05731615,36722164.73610382,-29104354.295196503,4.166666666666666
RECURRENT*,4,3,15,13,24,28244756.257941525,32953175.34781008,-28244756.257941525,0.0
RECURRENT*,4,3,15,14,24,39458215.425533794,41602325.14725614,-37531438.80859527,8.333333333333332
RECURRENT*,4,3,15,15,24,27222903.08578752,30403741.11007003,-24101412.89673229,8.333333333333332
RECURRENT*,4,3,15,16,24,22361225.998489145,27422783.139824875,-21652376.89142607,12.5
RECURRENT*,4,3,15,17,24,18347794.377164293,24337046.23766076,-16609495.80256982,12.5
RECURRENT*,4,3,15,18,24,19742934.739900246,23763744.073252346,-17557060.847204875,4.166666666666666
RECURRENT*,4,3,15,19,24,18775761.040007573,25565076.228643604,-12578468.666411066,25.0
RECURRENT*,4,3,15,20,24,27623886.127768952,31697907.508942965,-4227249.056837077,33.33333333333333
RECURRENT*,4,3,15,21,24,20871165.919744853,26589133.63161083,-5994242.106369547,54.166666666666664
RECURRENT*,4,3,15,22,36,17609114.922889832,24662822.206937786,-8182311.5506727295,25.0
RECURRENT*,4,3,15,23,36,22882874.90720045,29495401.14583131,5838277.304632715,69.44444444444444
RECURRENT*,4,6,30,0,24,27227069.612766743,34974806.67366608,-16026272.88368213,29.166666666666668
RECURRENT*,4,6,30,1,24,30974677.297455415,39127727.354671724,-26384532.685869765,8.333333333333332
RECURRENT*,4,6,30,2,24,29826938.805617075,33093475.736438483,23831243.203756224,87.5
RECURRENT*,4,6,30,3,24,60366421.03911088,70299584.04423301,-47159843.01808835,16.666666666666664
RECURRENT*,4,6,30,4,24,16774356.324884163,22162447.476296835,-13865567.852489369,12.5
RECURRENT*,4,6,30,5,24,20274881.064216048,23996308.287166342,-15780535.83569318,16.666666666666664
RECURRENT*,4,6,30,6,24,27429752.039421145,37873817.98349084,-6450025.009795067,25.0
RECURRENT*,4,6,30,7,24,17127686.809251193,25331588.296151772,-3977364.553652365,45.83333333333333
RECURRENT*,4,6,30,8,24,16305634.764851755,23614948.13476662,-8582277.35413756,29.166666666666668
RECURRENT*,4,6,30,9,24,26441708.586340383,32992497.42290181,-26135828.068842158,8.333333333333332
RECURRENT*,4,6,30,10,24,32345030.52098481,35551929.506325774,-31826892.365695786,4.166666666666666
RECURRENT*,4,6,30,11,24,45937377.33890343,53692482.769335605,-44032066.37243931,8.333333333333332
RECURRENT*,4,6,30,12,24,72462958.44373547,76664763.93081352,-69738193.77895595,4.166666666666666
RECURRENT*,4,6,30,13,24,64679468.55485743,75637510.27671593,-64679468.55485743,0.0
RECURRENT*,4,6,30,14,24,68939737.18166338,73350452.34055938,-68741792.55775945,4.166666666666666
RECURRENT*,4,6,30,15,24,59378654.14520771,63945968.755792476,-59009291.94255974,4.166666666666666
RECURRENT*,4,6,30,16,24,60530564.9567438,63446982.11818073,-60530564.9567438,0.0
RECURRENT*,4,6,30,17,24,56011942.8630223,57891504.25981016,-56011942.8630223,0.0
RECURRENT*,4,6,30,18,24,47758059.478184044,50607480.0271355,-47758059.478184044,0.0
RECURRENT*,4,6,30,19,24,32048440.968253702,36283718.52501986,-28190082.144601736,8.333333333333332
RECURRENT*,4,6,30,20,24,50490753.32350877,56212846.98101963,1980175.4849709298,50.0
RECURRENT*,4,6,30,21,24,34049200.849689305,42640261.89187815,-744607.7786534937,29.166666666666668
RECURRENT*,4,6,30,22,33,23312166.98510683,30885989.301023778,-18717208.13464324,24.242424242424242
RECURRENT*,4,6,30,23,36,25410506.10427515,29259692.80911919,14492003.276454067,80.55555555555556
RECURRENT*,4,12,60,0,24,35890440.62261042,46527310.234434776,-28693064.26333737,25.0
RECURRENT*,4,12,60,1,24,56398941.747879125,63080405.79807856,-56398941.747879125,0.0
RECURRENT*,4,12,60,2,24,22731782.18795797,29157461.59993974,-18750274.141261835,20.833333333333336
RECURRENT*,4,12,60,3,24,23351948.068594318,28258478.272673864,-15870716.264147913,16.666666666666664
RECURRENT*,4,12,60,4,24,16908092.988921653,22518084.839700744,-12411378.682840506,20.833333333333336
RECURRENT*,4,12,60,5,24,38865495.13513113,47142241.60891345,-38098308.81950847,8.333333333333332
RECURRENT*,4,12,60,6,24,39093013.55806453,45136464.50657872,-24565562.693537686,16.666666666666664
RECURRENT*,4,12,60,7,24,22270046.980066285,29966361.267669458,-16511808.7269611,12.5
RECURRENT*,4,12,60,8,24,18309272.028042722,26501294.041814744,-17162671.645948093,16.666666666666664
RECURRENT*,4,12,60,9,24,48500240.25484469,59832713.53235976,-36838868.57671093,37.5
RECURRENT*,4,12,60,10,24,57028131.44075886,68659945.39417665,-56308887.43139342,4.166666666666666
RECURRENT*,4,12,60,11,24,79649256.05197774,82694369.80041139,-79649256.05197774,0.0
RECURRENT*,4,12,60,12,24,76716771.45066072,80480026.66266315,-76716771.45066072,0.0
RECURRENT*,4,12,60,13,24,76389960.06581621,82516426.93375896,-76389960.06581621,0.0
RECURRENT*,4,12,60,14,24,98508097.46897523,103441137.61868306,-98508097.46897523,0.0
RECURRENT*,4,12,60,15,24,103116837.91088565,105432468.97971451,-103116837.91088565,0.0
RECURRENT*,4,12,60,16,24,84710084.16382502,89727819.74716602,-84692903.51530704,4.166666666666666
RECURRENT*,4,12,60,17,24,62800514.14310854,69946223.67347467,-62800514.14310854,0.0
RECURRENT*,4,12,60,18,24,62949059.04099656,64346724.267273165,-62949059.04099656,0.0
RECURRENT*,4,12,60,19,24,51409991.7218734,55688855.39037515,-51409991.7218734,0.0
RECURRENT*,4,12,60,20,24,61936219.69833412,69721385.78563394,-11744894.810021559,45.83333333333333
RECURRENT*,4,12,60,21,24,62712005.999993324,70310795.51144794,17570798.322453205,50.0
RECURRENT*,4,12,60,22,27,28012846.931921102,33758712.35721849,5599883.261369024,59.25925925925925
RECURRENT*,4,12,60,23,36,27424284.7329399,34268406.189335264,12680360.066424258,58.333333333333336
TRANSFORMER*,5,1,5,0,24,17656029.456033193,23291239.12521038,-695389.9625490159,58.333333333333336
TRANSFORMER*,5,1,5,1,24,21167175.871462382,30451257.593211632,-4824455.487484481,50.0
TRANSFORMER*,5,1,5,2,24,17031979.81355517,22642314.10989701,11864626.766128505,83.33333333333334
TRANSFORMER*,5,1,5,3,24,20686071.788272265,26575313.89412153,-13056662.816396544,20.833333333333336
TRANSFORMER*,5,1,5,4,24,16449997.444877526,21650236.551468387,-13052101.891087502,16.666666666666664
TRANSFORMER*,5,1,5,5,24,13712039.737898089,15605033.12424455,-7985821.494567388,33.33333333333333
TRANSFORMER*,5,1,5,6,24,34959321.570218116,48432980.21978461,-6831919.162218903,25.0
TRANSFORMER*,5,1,5,7,24,19406738.30060674,27888288.06523558,-9906240.418714076,20.833333333333336
TRANSFORMER*,5,1,5,8,24,14944199.582273707,20821156.841640987,4630850.715459392,75.0
TRANSFORMER*,5,1,5,9,24,13448963.180362264,18387054.235497072,5483833.344330027,66.66666666666666
TRANSFORMER*,5,1,5,10,24,11069247.722655704,15497854.58649559,4525807.614327907,66.66666666666666
TRANSFORMER*,5,1,5,11,24,12277706.515520519,19093349.565599237,5722167.752868932,70.83333333333334
TRANSFORMER*,5,1,5,12,24,20314625.377659474,25795598.92919412,-16505557.133301461,12.5
TRANSFORMER*,5,1,5,13,24,28723444.395947974,32972130.89287965,-27861974.997655112,8.333333333333332
TRANSFORMER*,5,1,5,14,24,41030420.13505162,42899750.075947694,-39338960.12515205,8.333333333333332
TRANSFORMER*,5,1,5,15,24,26402155.353018705,29495515.566348176,-24126274.593019843,12.5
TRANSFORMER*,5,1,5,16,24,20476467.043548975,23198078.309696447,-20340619.80795135,4.166666666666666
TRANSFORMER*,5,1,5,17,24,13990777.251932597,17473905.228032485,-9336583.479857951,29.166666666666668
TRANSFORMER*,5,1,5,18,24,13643787.398223415,18352067.728338987,-11202630.948551664,16.666666666666664
TRANSFORMER*,5,1,5,19,24,14578228.632522253,19162015.834772237,-2334056.1555391042,50.0
TRANSFORMER*,5,1,5,20,24,21827267.89581052,27384879.600454014,126544.00870722532,37.5
TRANSFORMER*,5,1,5,21,26,21468441.532319542,28380696.285994958,3454660.702608871,69.23076923076923
TRANSFORMER*,5,1,5,22,36,15407021.508862402,19131502.165351313,2499152.1665927144,61.111111111111114
TRANSFORMER*,5,1,5,23,36,23785153.322161935,30560167.749150753,9886600.021410402,69.44444444444444
TRANSFORMER*,5,3,15,0,24,19886275.641083207,24433700.598193888,1162506.144738878,62.5
TRANSFORMER*,5,3,15,1,24,19893012.79917335,29433853.911638983,-10275579.43670492,37.5
TRANSFORMER*,5,3,15,2,24,25460903.35555996,30668527.550731752,19385237.005388703,79.16666666666666
TRANSFORMER*,5,3,15,3,24,32958448.564608157,39640564.35444065,-21693133.72598498,25.0
TRANSFORMER*,5,3,15,4,24,22282268.224808857,27265800.80045897,-19742984.379590224,12.5
TRANSFORMER*,5,3,15,5,24,16823069.766452443,19393037.346219707,-14350164.841464125,16.666666666666664
TRANSFORMER*,5,3,15,6,24,34377270.20937848,46722744.16554881,-8769941.167411262,20.833333333333336
TRANSFORMER*,5,3,15,7,24,22038320.05241024,29344101.33732038,-15573149.007792898,16.666666666666664
TRANSFORMER*,5,3,15,8,24,12611487.251249254,18686841.47725295,3447480.468715389,79.16666666666666
TRANSFORMER*,5,3,15,9,24,13037734.774338862,17919228.497672286,5801776.486276629,70.83333333333334
TRANSFORMER*,5,3,15,10,24,13130462.457954653,18213965.346892193,4423717.838373322,50.0
TRANSFORMER*,5,3,15,11,24,13999893.966029102,18875679.38111205,6216903.117355403,62.5
TRANSFORMER*,5,3,15,12,24,28221384.178663563,33014359.67082982,-24302269.27684809,12.5
TRANSFORMER*,5,3,15,13,24,37266524.615487255,41760619.36444462,-37022985.249185376,4.166666666666666
TRANSFORMER*,5,3,15,14,24,50966990.425217055,53079383.79753749,-50219985.81216115,4.166666666666666
TRANSFORMER*,5,3,15,15,24,35559371.37453661,38342431.20211072,-33892275.766031206,8.333333333333332
TRANSFORMER*,5,3,15,16,24,29931459.90517639,32061638.109849036,-29931459.90517639,0.0
TRANSFORMER*,5,3,15,17,24,17595905.50932698,21332512.50244124,-16133576.606883189,20.833333333333336
TRANSFORMER*,5,3,15,18,24,19098448.130438745,23644150.828203738,-18014238.112270534,4.166666666666666
TRANSFORMER*,5,3,15,19,24,16056996.523164576,20913123.74223354,-7295965.228008856,37.5
TRANSFORMER*,5,3,15,20,24,34215267.20778323,41636413.68116895,7930657.381221931,45.83333333333333
TRANSFORMER*,5,3,15,21,24,22812193.509410243,25236948.843681794,5878853.221498148,66.66666666666666
TRANSFORMER*,5,3,15,22,36,17804738.20499826,22874048.91411498,916803.2820601948,52.77777777777778
TRANSFORMER*,5,3,15,23,36,27448446.13546114,33125924.542227536,18331609.423396315,80.55555555555556
TRANSFORMER*,5,6,30,0,24,22519796.132387698,27370186.57638035,-1977561.2304347418,41.66666666666667
TRANSFORMER*,5,6,30,1,24,31377037.691284165,39662496.75834033,-28643734.78157365,8.333333333333332
TRANSFORMER*,5,6,30,2,24,20405765.345985223,23400001.99680649,9064412.057999209,70.83333333333334
TRANSFORMER*,5,6,30,3,24,47816471.86917263,52353853.36137744,-40834651.344753824,20.833333333333336
TRANSFORMER*,5,6,30,4,24,36311701.875982694,41199151.21585789,-36292949.60014311,4.166666666666666
TRANSFORMER*,5,6,30,5,24,28469070.36795226,31235129.356180295,-28377989.523777824,4.166666666666666
TRANSFORMER*,5,6,30,6,24,43371121.46308521,52998054.86317033,-22680007.840982165,16.666666666666664
TRANSFORMER*,5,6,30,7,24,32441040.046560634,39856690.29763809,-29315861.12685904,12.5
TRANSFORMER*,5,6,30,8,24,13337945.624688273,21277850.857580587,-10411846.153911589,20.833333333333336
TRANSFORMER*,5,6,30,9,24,16266337.839602714,20982583.08473589,-7514766.343313309,37.5
TRANSFORMER*,5,6,30,10,24,14557381.532242564,19118254.19286271,-7441747.405989901,29.166666666666668
TRANSFORMER*,5,6,30,11,24,17105964.543424543,21641875.51332238,-6858899.880637751,33.33333333333333
TRANSFORMER*,5,6,30,12,24,43026070.58969346,47795125.48199666,-42184259.789845265,4.166666666666666
TRANSFORMER*,5,6,30,13,24,51309368.67034429,54687559.15388551,-51309368.67034429,0.0
TRANSFORMER*,5,6,30,14,24,63055469.42899541,65316893.93757174,-63055469.42899541,0.0
TRANSFORMER*,5,6,30,15,24,46561859.571269244,49479393.53747563,-46205894.84809039,4.166666666666666
TRANSFORMER*,5,6,30,16,24,42597094.10419568,44197568.93887398,-42597094.10419568,0.0
TRANSFORMER*,5,6,30,17,24,28557836.251830846,31695192.345045704,-28557836.251830846,0.0
TRANSFORMER*,5,6,30,18,24,31136430.692289084,34628692.01714304,-31136430.692289084,0.0
TRANSFORMER*,5,6,30,19,24,23634388.479851697,28193239.626944527,-20083639.178555813,8.333333333333332
TRANSFORMER*,5,6,30,20,24,40129539.314187564,46774356.47231393,390444.07637489337,41.66666666666667
TRANSFORMER*,5,6,30,21,24,23128315.2256649,30745285.590455357,2702419.7964587533,62.5
TRANSFORMER*,5,6,30,22,33,18958073.359525464,25609168.678420514,-12690868.717038669,39.39393939393939
TRANSFORMER*,5,6,30,23,36,22453374.042295918,27183305.06315492,10087761.775067933,69.44444444444444
TRANSFORMER*,5,12,60,0,24,24255803.412494063,29432209.393504947,-5959280.51498424,33.33333333333333
TRANSFORMER*,5,12,60,1,24,52757423.5654702,59880356.2154838,-51210938.99340268,8.333333333333332
TRANSFORMER*,5,12,60,2,24,24332944.957006678,29469480.804248605,994752.7141320544,75.0
TRANSFORMER*,5,12,60,3,24,65351263.53683705,69212840.47835252,-52372051.86688969,20.833333333333336
TRANSFORMER*,5,12,60,4,24,52114752.55619798,56727400.8155765,-52114752.55619798,0.0
TRANSFORMER*,5,12,60,5,24,34687371.221034296,36782858.44399119,-34687371.221034296,0.0
TRANSFORMER*,5,12,60,6,24,39829568.13819592,45815219.75657685,-21199500.608967084,16.666666666666664
TRANSFORMER*,5,12,60,7,24,42958158.40164663,50672725.20566598,-42101338.77158393,8.333333333333332
TRANSFORMER*,5,12,60,8,24,16737164.021365017,23185197.896047883,-13880477.422826858,12.5
TRANSFORMER*,5,12,60,9,24,15112352.280895313,21043721.343796793,-11212253.544069001,20.833333333333336
TRANSFORMER*,5,12,60,10,24,20607932.71937969,25551892.419956874,-15726706.120416485,16.666666666666664
TRANSFORMER*,5,12,60,11,24,16878680.552391082,22436471.771180093,-13100883.847155845,20.833333333333336
TRANSFORMER*,5,12,60,12,24,54598658.89225316,60158989.2278626,-52432025.78717526,4.166666666666666
TRANSFORMER*,5,12,60,13,24,59385357.65623336,62453450.0546463,-59385357.65623336,0.0
TRANSFORMER*,5,12,60,14,24,68267811.7879051,70448804.59126006,-68267811.7879051,0.0
TRANSFORMER*,5,12,60,15,24,51155196.54742336,54114652.12108224,-51155196.54742336,0.0
TRANSFORMER*,5,12,60,16,24,47313070.23095625,48776145.501329966,-47313070.23095625,0.0
TRANSFORMER*,5,12,60,17,24,33009022.935447622,35723269.59705452,-33009022.935447622,0.0
TRANSFORMER*,5,12,60,18,24,35915793.38562881,39007872.52795983,-35915793.38562881,0.0
TRANSFORMER*,5,12,60,19,24,27981818.098489057,32375430.042936545,-24744404.706595074,8.333333333333332
TRANSFORMER*,5,12,60,20,24,42900049.82384427,48986248.18149712,-789083.7166577391,50.0
TRANSFORMER*,5,12,60,21,24,26050823.789315883,37110014.76729226,7471919.365132496,50.0
TRANSFORMER*,5,12,60,22,27,26360084.046808098,35629904.62495753,-21458696.95403097,22.22222222222222
TRANSFORMER*,5,12,60,23,36,25981929.231282458,31056869.88839795,-787212.7561203452,55.55555555555556
